CaseId,CaseNumber,CaseCreatedDate,Status,Subject,OwnerName,CreatedBy,CreatedDate,CommentBody
5004R000023p2H3QAI,00503557,2023-12-31 21:58:23,Closed,Monitoreo - MLCC - consultas sql,Claudio Ponce,N/A,N/A,Sin comentarios
5004R000023p2gTQAQ,00503563,2023-12-31 23:07:38,Closed,AMCEN - Solicitud de revision CF231,Claudio Ponce,N/A,N/A,Sin comentarios
5004R000023p2wUQAQ,00503566,2024-01-01 01:26:11,Closed,AMCEN - Solicitud de revision C36,Claudio Ponce,N/A,N/A,Sin comentarios
5004R000023p38kQAA,00503567,2024-01-01 02:51:59,Closed,AMCEN - Equipos pegados en jsmine,Claudio Ponce,N/A,N/A,Sin comentarios
5004R000023p3DbQAI,00503569,2024-01-01 04:21:52,Closed,CNCHQ - Camiones no cuentan las vueltas,Claudio Ponce,N/A,N/A,Sin comentarios
5004R000023p3LcQAI,00503570,2024-01-01 04:22:30,Closed,Monitoreo - AMANT - SQL encolado,Claudio Ponce,N/A,N/A,Sin comentarios
5004R000023p3hnQAA,00503571,2024-01-01 07:08:23,Closed,AMZAL - Sin sistema jview ni mineops,Claudio Ponce,N/A,N/A,Sin comentarios
5004R000023p4yMQAQ,00503604,2024-01-01 21:04:13,Closed,AMCEN - Solicitud de revision C19,Claudio Ponce,N/A,N/A,Sin comentarios
5004R000023p5DkQAI,00503605,2024-01-01 22:08:17,Closed,AMANT - WT1 cambio de estado automaticamente,Claudio Ponce,N/A,N/A,Sin comentarios
5004R000023p5IaQAI,00503614,2024-01-01 22:39:50,Closed,AMCEN - Solicitud de revision cambio de actividad a cargado en equipos.,Claudio Ponce,N/A,N/A,Sin comentarios
5004R000023p5pWQAQ,00503625,2024-01-02 03:15:07,Closed,AAM - Sumarizacion,Claudio Ponce,N/A,N/A,Sin comentarios
5004R000023p5u3QAA,00503626,2024-01-02 03:45:35,Closed,MLCC - Reporte KPI operaciones solo muestra los Tonelajes,Claudio Ponce,N/A,N/A,Sin comentarios
5004R000023p63tQAA,00503629,2024-01-02 04:43:33,Closed,AMCEN - Solicitud de revisión CF233,Claudio Ponce,N/A,N/A,Sin comentarios
5004R000023p6THQAY,00503632,2024-01-02 06:39:32,Closed,CNRT - C931 pegado en ruta,Claudio Ponce,N/A,N/A,Sin comentarios
5004R000023pBhaQAE,00503693,2024-01-02 18:18:46,Closed,Analizar en la BD los permisos de Marcelo Fernandez,Pablo Perez,N/A,N/A,Sin comentarios
5004R000023pBtlQAE,00503696,2024-01-02 18:45:53,Closed,Agregar reporte 'Cargas con destino y Ley' al perfil de operaciones,Pablo Perez,N/A,N/A,Sin comentarios
5004R000023pCO5QAM,00503700,2024-01-02 20:20:09,Closed,AMCEN - Revisión y cierre base Diciembre GOM,Claudio Ponce,N/A,N/A,Sin comentarios
5004R000023pCZwQAM,00503703,2024-01-02 21:03:38,Closed,AMZAL - Reporte Jview Palas por hora no esta actualizado,Claudio Ponce,N/A,N/A,Sin comentarios
5004R000023pCdFQAU,00503705,2024-01-02 21:25:37,Closed,AMANT - Cargar malla de perforacion,Claudio Ponce,N/A,N/A,Sin comentarios
5004R000023pCijQAE,00503708,2024-01-02 21:52:51,Closed,AMCEN - Solicitud de revision CF231,Claudio Ponce,N/A,N/A,Sin comentarios
5004R000023pCkBQAU,00503710,2024-01-02 22:01:29,Closed,AMCEN - Solicitud de revision C129,Claudio Ponce,N/A,N/A,Sin comentarios
5004R000023pCseQAE,00503714,2024-01-02 22:46:47,Closed,AMCEN - Solicitud de revision PA3,Claudio Ponce,N/A,N/A,Sin comentarios
5004R000023pDFdQAM,00503723,2024-01-03 01:14:10,Closed,AMCEN - Solicitud de revision CF232,Claudio Ponce,N/A,N/A,Sin comentarios
5004R000023pDRUQA2,00503729,2024-01-03 02:51:58,Closed,Monitoreo - MLCC - consultas sql,Claudio Ponce,N/A,N/A,Sin comentarios
5004R000023pDTQQA2,00503730,2024-01-03 03:10:29,Closed,AMCEN - Solicitud de revision C11,Claudio Ponce,N/A,N/A,Sin comentarios
5004R000023pE47QAE,00503744,2024-01-03 05:55:07,Closed,CNCHQ - Perfo 317 operador no finalizo un pozo,Nelson Donoso,N/A,N/A,Sin comentarios
5004R000023pERSQA2,00503748,2024-01-03 07:34:05,Closed,Creación cuenta para Francisco Campos en JView y MineOps,Pablo Perez,N/A,N/A,Sin comentarios
5004R000023pETsQAM,00503749,2024-01-03 07:44:03,Closed,Creación de cuentas para el equipo de fimming,Pablo Perez,N/A,N/A,Sin comentarios
5004R000023pETtQAM,00503752,2024-01-03 07:51:50,Closed,Pantalla negra en VNC pero funcional en terreno,Pablo Perez,N/A,N/A,Sin comentarios
5004R000023pIUoQAM,00503819,2024-01-03 16:04:13,Closed,CNCHQ - Solicitud subir poligonos al sistema,Nelson Donoso,N/A,N/A,Sin comentarios
5004R000023pJKqQAM,00503826,2024-01-03 17:15:15,Closed,CNCHQ - C515 sin señal,Nelson Donoso,N/A,N/A,Sin comentarios
5004R000023pJNRQA2,00503827,2024-01-03 17:20:04,Closed,CNCHQ - Re: Cambios Sistema MineOps y Jview,Nelson Donoso,N/A,N/A,Sin comentarios
5004R000023pJyOQAU,00503839,2024-01-03 18:19:58,Closed,CNMS - Ingresar Gestión Diaria al mes de Enero 2024,Nelson Donoso,N/A,N/A,Sin comentarios
5004R000023pL6nQAE,00503873,2024-01-03 21:40:55,Closed,AMZAL  Resumarizar algunos dias de Diciembre,Gustavo Cheng,N/A,N/A,Sin comentarios
5004R000023pLz4QAE,00503881,2024-01-04 00:38:15,Closed,AMCEN - Camiones con problemas de GPS,Gustavo Cheng,N/A,N/A,Sin comentarios
5004R000023pMesQAE,00503886,2024-01-04 04:12:17,Closed,AMCEN - Camión C125 con problemas de gps,Gustavo Cheng,N/A,N/A,Sin comentarios
5004R000023pNCBQA2,00503890,2024-01-04 06:37:03,Closed,AMCEN - Camión 38 no muestra ubicación real,Gustavo Cheng,N/A,N/A,Sin comentarios
5004R000023pRURQA2,00503963,2024-01-04 16:13:39,Closed,CNCHQ - Pantalla PE365 pegada,Nelson Donoso,N/A,N/A,Sin comentarios
5004R000023pRcGQAU,00503964,2024-01-04 16:28:03,Closed,CNCHQ - RE: Solicitud subir poligonos al sistema,Nelson Donoso,N/A,N/A,Sin comentarios
5004R000023pTinQAE,00503997,2024-01-04 21:39:46,Closed,AMCEN - Camión C51 con problemas de gps,Gustavo Cheng,N/A,N/A,Sin comentarios
5004R000023pTjMQAU,00503998,2024-01-04 21:40:41,Closed,AMCEN - Camión C14 con problemas de GPS,Gustavo Cheng,N/A,N/A,Sin comentarios
5004R000023pTkFQAU,00503999,2024-01-04 21:42:01,Closed,AMCEN - Camión C47 con problemas de GPS,Gustavo Cheng,N/A,N/A,Sin comentarios
5004R000023pU0hQAE,00504004,2024-01-04 23:11:35,Closed,AMZAL - Equipos Auxiliares Planta,Claudio Ponce,N/A,N/A,Sin comentarios
5004R000023pUI6QAM,00504010,2024-01-05 01:10:01,Closed,AMZAL - Favor sacar Flota en H36,Gustavo Cheng,N/A,N/A,Sin comentarios
5004R000023pUcfQAE,00504021,2024-01-05 03:38:43,Closed,AMCEN - Camión C162 con problemas de GPS,Gustavo Cheng,N/A,N/A,Sin comentarios
5004R000023pWUoQAM,00504041,2024-01-05 11:00:25,Closed,AMZAL - Ingresar Plan Anual a Planes en XFER,Claudio Ponce,N/A,N/A,Sin comentarios
5004R000023pa0IQAQ,00504085,2024-01-05 17:16:20,Closed,CNCHQ - Problemas con Posicionamiento de Equipos,Nelson Donoso,N/A,N/A,Sin comentarios
5004R000023paJyQAI,00504091,2024-01-05 17:55:05,Closed,CNCHQ - Solicitud subir poligonos al sistema,Nelson Donoso,N/A,N/A,Sin comentarios
5004R000023pbWuQAI,00504115,2024-01-05 20:57:42,Closed,AMCEN - Camión C131 pegado en sistema con pantalla en negro,Gustavo Cheng,N/A,N/A,Sin comentarios
5004R000023pbUfQAI,00504116,2024-01-05 21:06:36,Closed,AMCEN - Camión C129 no cambia asignaciones ni actividades,Gustavo Cheng,N/A,N/A,Sin comentarios
5004R000023pbilQAA,00504118,2024-01-05 21:36:47,Closed,AMCEN - Pala 2 con jspanel pegado,Gustavo Cheng,N/A,N/A,Sin comentarios
5004R000023pbl1QAA,00504119,2024-01-05 22:01:02,Closed,AMCEN - Camión C18 no muestra ubicación correcta,Gustavo Cheng,N/A,N/A,Sin comentarios
5004R000023pbqGQAQ,00504124,2024-01-05 22:49:06,Closed,AMCEN - Cargadores frontales CF231 y CF233 con problemas de gps,Gustavo Cheng,N/A,N/A,Sin comentarios
5004R000023pbtFQAQ,00504126,2024-01-05 23:29:32,Closed,AMCEN - Camión C19 no muestra ubicación real,Gustavo Cheng,N/A,N/A,Sin comentarios
5004R000023pbuwQAA,00504128,2024-01-05 23:49:27,Closed,AMCEN - Camión C25 no muestra ubicación real,Gustavo Cheng,N/A,N/A,Sin comentarios
5004R000023pbxMQAQ,00504129,2024-01-06 00:21:25,Closed,AMCEN - Pala 4 con problemas de gps,Gustavo Cheng,N/A,N/A,Sin comentarios
5004R000023pcC2QAI,00504133,2024-01-06 03:05:58,Closed,AMCEN - Camión C162 pegado en sistema,Gustavo Cheng,N/A,N/A,Sin comentarios
5004R000023pd6NQAQ,00504143,2024-01-06 17:02:19,Closed,CNCHQ - RE: Solicitud subir poligonos al sistema,Nelson Donoso,N/A,N/A,Sin comentarios
5004R000023pdPAQAY,00504162,2024-01-06 21:02:36,Closed,AMCEN - C49 no cambia de asignaciones,Gustavo Cheng,N/A,N/A,Sin comentarios
5004R000023pdUtQAI,00504164,2024-01-06 21:39:37,Closed,AMCEN - Camión C16 no muestra ubicación real,Gustavo Cheng,N/A,N/A,Sin comentarios
5004R000023pdeZQAQ,00504173,2024-01-06 23:38:27,Closed,AMCEN - Camión C50 no aparece en el sistema,Gustavo Cheng,N/A,N/A,Sin comentarios
5004R000023pdu8QAA,00504186,2024-01-07 03:14:06,Closed,AMCEN - Cargador frontal 2 no muestra ubicación real,Gustavo Cheng,N/A,N/A,Sin comentarios
5004R000023pdz3QAA,00504188,2024-01-07 04:27:37,Closed,AMCEN - Pala 3 y Pala 6 con problemas de gps,Gustavo Cheng,N/A,N/A,Sin comentarios
5004R000023pf2uQAA,00504213,2024-01-07 20:49:09,Closed,AMCEN - Camión 161 sin sistema,Gustavo Cheng,N/A,N/A,Sin comentarios
5004R000023pfEVQAY,00504222,2024-01-07 22:04:17,Closed,AMCEN - Camión C49 no cambia de asignaciones,Gustavo Cheng,N/A,N/A,Sin comentarios
5004R000023pfKnQAI,00504224,2024-01-07 22:48:28,Closed,AMCEN - Camión C129 no está cambiando de actividades,Gustavo Cheng,N/A,N/A,Sin comentarios
5004R000023pfdkQAA,00504232,2024-01-08 00:55:12,Closed,AMCEN - Recuperar STM02 - OXIDO,Gustavo Cheng,N/A,N/A,Sin comentarios
5004R000023plLyQAI,00504323,2024-01-08 16:23:07,Closed,CNCHQ - PE365 con problemas de Alta Presicion,Nelson Donoso,N/A,N/A,Sin comentarios
5004R000023pmANQAY,00504330,2024-01-08 17:51:49,Closed,Modificar Reporte Status CAS CNDRT,South American Support Q,N/A,N/A,Sin comentarios
5004R000023pmGkQAI,00504332,2024-01-08 18:02:42,Closed,CNCHQ - Solicitud subir poligonos al sistema,Nelson Donoso,N/A,N/A,Sin comentarios
5004R000023pnWKQAY,00504367,2024-01-08 22:21:12,Closed,AMCEN - Pala 26 no muestra tonelaje en pantalla,Gustavo Cheng,N/A,N/A,Sin comentarios
5004R000023poptQAA,00504394,2024-01-09 05:59:17,Closed,AMCEN - Perforadora 1 no muestra datos de profundímetro,Gustavo Cheng,N/A,N/A,Sin comentarios
5004R000023pqiaQAA,00504443,2024-01-09 11:46:08,Closed,Generar datos gps,Guillermo Lamas,N/A,N/A,Sin comentarios
5004R000023ptLSQAY,00504494,2024-01-09 16:09:26,Closed,CNCHQ - RV: Cuenta Nueva,Nelson Donoso,N/A,N/A,Sin comentarios
5004R000023ptMfQAI,00504495,2024-01-09 16:10:21,Closed,Mantoverde - Revisar resultados de indicadores en reporte Indicadores de Indisponibilidad,Claudio Ponce,N/A,N/A,Sin comentarios
5004R000023puRqQAI,00504522,2024-01-09 18:22:37,Seeking Customer Clarification,CNN -  Alarma tolva arriba,Nelson Donoso,N/A,N/A,Sin comentarios
5004R000023pv9iQAA,00504532,2024-01-09 20:28:58,Closed,CNDMH - Reportets desactualizados,Gustavo Cheng,N/A,N/A,Sin comentarios
5004R000023pvOxQAI,00504536,2024-01-09 21:22:08,Closed,MLCC - Sumarización manual,Gustavo Cheng,N/A,N/A,Sin comentarios
5004R000023pvTxQAI,00504537,2024-01-09 21:40:26,Closed,AMZAL - Camión H42 con problemas de gps,Gustavo Cheng,N/A,N/A,Sin comentarios
5004R000023pvegQAA,00504541,2024-01-09 22:54:20,Closed,MLCC - Sumarizar manualmente,Gustavo Cheng,N/A,N/A,Sin comentarios
5004R000023pvuKQAQ,00504552,2024-01-10 00:35:13,Closed,AMCEN - Camión C11 muestra las vueltas correspondientes al turno anterior,Gustavo Cheng,N/A,N/A,Sin comentarios
5004R000023pwNCQAY,00504566,2024-01-10 03:49:55,Closed,AMCEN - Camión C42 no muestra ubicación real,Gustavo Cheng,N/A,N/A,Sin comentarios
5004R000023pwcCQAQ,00504577,2024-01-10 05:09:03,Closed,AMCEN - Camión C54 con problemas en asignaciones,Gustavo Cheng,N/A,N/A,Sin comentarios
5004R000023pxV3QAI,00504598,2024-01-10 08:46:37,Closed,Monitoreo - CNDMH - Consultas sql encoladas,Claudio Ponce,N/A,N/A,Sin comentarios
5004R000023pxeAQAQ,00504606,2024-01-10 09:31:05,Closed,Configurar prestart todas las flotas,Pablo Perez,N/A,N/A,Sin comentarios
5004R000023py3KQAQ,00504614,2024-01-10 10:28:01,Closed,MLCC - Equipos se van a reserva,Claudio Ponce,N/A,N/A,Sin comentarios
5004R000023pyDyQAI,00504617,2024-01-10 10:50:52,Closed,Agregar frecuencia a Tabla jview - by_equipment_reasons,Yazmin Sanchez,N/A,N/A,Sin comentarios
5004R000023q0VSQAY,00504645,2024-01-10 14:34:14,Closed,Mantoverde - Generar nuevo Setup,Claudio Ponce,N/A,N/A,Sin comentarios
5004R000023q22EQAQ,00504661,2024-01-10 17:13:53,Closed,MLCC - Consulta de tablas para plan mensual y budget,Claudio Ponce,N/A,N/A,Sin comentarios
5004R000023q2VzQAI,00504665,2024-01-10 18:09:17,Closed,Mantoverde - Fwd: Mantoverde - Creacion de nuevo equipo y actualización de archivo Setup,Claudio Ponce,N/A,N/A,Sin comentarios
5004R000023q5irQAA,00504738,2024-01-11 08:23:32,Closed,Monitoreo - AMANT - Consultas SQL,Claudio Ponce,N/A,N/A,Sin comentarios
5004R000023q5ugQAA,00504761,2024-01-11 08:59:50,Closed,Monitoreo  - CNDMH - Procesos sql,Claudio Ponce,N/A,N/A,Sin comentarios
5004R000023q6QlQAI,00504776,2024-01-11 10:36:09,Closed,CNRT - Job con problemas,Claudio Ponce,N/A,N/A,Sin comentarios
5004R000023qDgNQAU,00504867,2024-01-12 08:34:02,Closed,CNDMH - Sin Jview,Claudio Ponce,N/A,N/A,Sin comentarios
5004R000023qESTQA2,00504880,2024-01-12 10:51:29,Closed,MLCC - RV: Solicita Baja de Servicios: ERIK ANDRES NAVARRO PINO,Claudio Ponce,N/A,N/A,Sin comentarios
5004R000023qFTkQAM,00504883,2024-01-12 11:18:46,Closed,MAGSA - Conexion caida del tunel,Maikol Salas,N/A,N/A,Sin comentarios
5004R000023qGe2QAE,00504897,2024-01-12 13:09:10,Closed,AMZAL - Jmineops tiene los equipos pegados en el mapa,Claudio Ponce,N/A,N/A,Sin comentarios
5004R000023qHocQAE,00504918,2024-01-12 15:18:47,Closed,CNDMH - Sin vista de colacion,Claudio Ponce,N/A,N/A,Sin comentarios
5004R000023qJdZQAU,00504930,2024-01-12 18:54:30,Closed,Monitoreo - MLCC - consultas sql,Claudio Ponce,N/A,N/A,Sin comentarios
5004R000023qLBRQA2,00504962,2024-01-13 08:44:59,Closed,Monitoreo - MLCC - consultas sql,Claudio Ponce,N/A,N/A,Sin comentarios
5004R000023qLgeQAE,00504974,2024-01-13 15:27:01,Closed,AMZAL - Perfo 14 con GPS intermitente,Claudio Ponce,N/A,N/A,Sin comentarios
5004R000023qLi1QAE,00504975,2024-01-13 15:45:51,Closed,Monitoreo - CNDMH - Consultas sql encoladas,Claudio Ponce,N/A,N/A,Sin comentarios
5004R000023qLpRQAU,00504978,2024-01-13 16:48:07,Closed,MLCC - Reiniciar perforadora 101,Claudio Ponce,N/A,N/A,Sin comentarios
5004R000023qNAWQA2,00504997,2024-01-14 11:12:29,Closed,AMZAL - Ingreso H36 sistema mineops,Claudio Ponce,N/A,N/A,Sin comentarios
5004R000023qNHSQA2,00504998,2024-01-14 12:54:17,Closed,Monitoreo - MLCC - consultas sql,Claudio Ponce,N/A,N/A,Sin comentarios
5004R000023qNaeQAE,00505015,2024-01-14 16:34:35,Closed,CNDMH - Caex 307 no marca las vueltas,Claudio Ponce,N/A,N/A,Sin comentarios
5004R000023qQ95QAE,00505063,2024-01-15 08:17:56,Closed,Monitoreo - CNDMH - Consultas sql encoladas,Claudio Ponce,N/A,N/A,Sin comentarios
5004R000023qQICQA2,00505065,2024-01-15 08:57:33,Closed,CNRT - Lentitud en mineops,Claudio Ponce,N/A,N/A,Sin comentarios
5004R000023qQjXQAU,00505075,2024-01-15 10:26:08,Closed,CNMS - C467 no asigna estados,Claudio Ponce,N/A,N/A,Sin comentarios
5004R000023qR3rQAE,00505080,2024-01-15 11:27:56,Closed,AMCEN - Mineops pegado,Claudio Ponce,N/A,N/A,Sin comentarios
5004R000023qSFfQAM,00505105,2024-01-15 14:38:15,Closed,CNN -  RV: Autorizaciones operadores,Tomas Jimenez,N/A,N/A,Sin comentarios
5004R000023qWHPQA2,00505204,2024-01-16 08:06:06,Closed,AMZAL - Perfo 11 con pantalla pegada,Claudio Ponce,N/A,N/A,Sin comentarios
5004R000023qWHtQAM,00505205,2024-01-16 08:08:39,Closed,Monitoreo - MLCC - consultas sql,Claudio Ponce,N/A,N/A,Sin comentarios
5004R000023qYDKQA2,00505226,2024-01-16 12:02:43,Closed,AMZAL - RV: Información / CAEX H32,Claudio Ponce,N/A,N/A,Sin comentarios
5004R000023qYwoQAE,00505231,2024-01-16 13:01:51,Closed,Monitoreo - CNTTE - Load average servidor secundario,Gustavo Cheng,N/A,N/A,Sin comentarios
5004R000023qZfTQAU,00505245,2024-01-16 14:02:48,Closed,Monitoreo - CNCHQ - Daily servidor secundario no se elimina,Gustavo Cheng,N/A,N/A,Sin comentarios
5004R000023qahuQAA,00505261,2024-01-16 15:46:37,Closed,Crear equipo C727,Pablo Perez,N/A,N/A,Sin comentarios
5004R000023qavmQAA,00505267,2024-01-16 16:11:59,Closed,AMANT - Many JAMSRouter restarts due to Address already in use,Armando Mestanza,N/A,N/A,Sin comentarios
5004R000023qb6zQAA,00505268,2024-01-16 16:29:05,Closed,AMANT - Disable readDescriptor(socket invalid) messages,Armando Mestanza,N/A,N/A,Sin comentarios
5004R000023qcSJQAY,00505281,2024-01-16 18:52:09,Closed,MLCC - Baja de cuentas Cesar Contreras,Claudio Ponce,N/A,N/A,Sin comentarios
5004R000023qcX9QAI,00505283,2024-01-16 19:00:18,Closed,MLCC - Datos sin actualizar en las planillas,Claudio Ponce,N/A,N/A,Sin comentarios
5004R000023qgpvQAA,00505376,2024-01-17 11:44:06,Closed,AAM - Problema con ruta a destino,Gustavo Cheng,N/A,N/A,Sin comentarios
5004R000023qlSrQAI,00505423,2024-01-17 19:18:34,Closed,MLCC - Importador pegado,Gustavo Cheng,N/A,N/A,Sin comentarios
5004R000023qmKtQAI,00505456,2024-01-17 22:57:27,Closed,Monitoreo - Datos de la Position desactualizados,Gustavo Cheng,N/A,N/A,Sin comentarios
5004R000023qoMOQAY,00505511,2024-01-18 08:26:09,Closed,TECKQB - Web MineEnterprise caída,Gustavo Cheng,N/A,N/A,Sin comentarios
5004R000023qpTQQAY,00505528,2024-01-18 11:31:35,Closed,MLCC - Reportes excel desactualizados,Gustavo Cheng,N/A,N/A,Sin comentarios
5004R000023qrgiQAA,00505548,2024-01-18 14:30:18,Closed,MLCC - Planillas excel no tienen valores actualizados,Gustavo Cheng,N/A,N/A,Sin comentarios
5004R000023qrqeQAA,00505551,2024-01-18 14:51:23,Closed,CNN - Registro tiempo de viaje,Gustavo Cheng,N/A,N/A,Sin comentarios
5004R000023qs33QAA,00505552,2024-01-18 15:05:28,Closed,AMCEN - Alerta de espacio disco G: en servidor CENVMJVIEWPRO01,Gustavo Cheng,N/A,N/A,Sin comentarios
5004R000023qy4GQAQ,00505665,2024-01-19 10:30:43,Closed,MLCC - Consulta información específica core,Gustavo Cheng,N/A,N/A,Sin comentarios
5004R000023qyUsQAI,00505667,2024-01-19 11:18:11,Closed,MLCC - Importador pegado,Gustavo Cheng,N/A,N/A,Sin comentarios
5004R000023r4wuQAA,00505743,2024-01-20 08:40:44,Closed,AAM - No está asignando de manera dinámica en zona botadero 1050,Gustavo Cheng,N/A,N/A,Sin comentarios
5004R000023r5D2QAI,00505747,2024-01-20 12:16:38,Closed,MLCC - Importador Diglimit pegado,Gustavo Cheng,N/A,N/A,Sin comentarios
5004R000023r5paQAA,00505757,2024-01-20 19:31:41,Closed,CNDMH - Reportes desactualizados,Gustavo Cheng,N/A,N/A,Sin comentarios
5004R000023rBWWQA2,00505910,2024-01-22 12:22:58,Closed,Mantoverde - Revisar resultados de Plan Short Term en Informe Gerencial,Yazmin Sanchez,N/A,N/A,Sin comentarios
5004R000023rEKnQAM,00505959,2024-01-22 16:33:15,Closed,MLCC - Se eliminan de descargas sumario al borrar bloques,Maikol Salas,N/A,N/A,Sin comentarios
5004R000023rFzXQAU,00505991,2024-01-22 19:37:37,Closed,AMZAL - Equipo H34 con problemas,Maikol Salas,N/A,N/A,Sin comentarios
5004R000023rIznQAE,00506042,2024-01-23 08:40:34,Closed,Mantoverde - Actualización de archivo Setup,Gustavo Cheng,N/A,N/A,Sin comentarios
5004R000023rJdxQAE,00506064,2024-01-23 10:22:00,Closed,MLCC - Reportes excel desactualizados,Gustavo Cheng,N/A,N/A,Sin comentarios
5004R000023rMXOQA2,00506099,2024-01-23 14:40:50,Closed,Problema en Informe Diario Jview,Yazmin Sanchez,N/A,N/A,Sin comentarios
5004R000023rOO4QAM,00506142,2024-01-23 17:28:55,Closed,MLCC - Planillas excel sin datos actualizados desde las 15,Gustavo Cheng,N/A,N/A,Sin comentarios
5004R000023rOhkQAE,00506148,2024-01-23 17:59:19,Closed,Macro Gestión Mina (explicar como agregar año 2024),Yazmin Sanchez,N/A,N/A,Sin comentarios
5004R000023rTSHQA2,00506238,2024-01-24 10:10:58,Closed,DMH -Rogelio Maldonado- Consulta sobre camion que no registra vueltas,Maikol Salas,N/A,N/A,Sin comentarios
5004R000023rV8lQAE,00506256,2024-01-24 12:06:11,Closed,AMZAL - Sebastian Fernandez - Sumarizacion,Maikol Salas,N/A,N/A,Sin comentarios
5004R000023rXkwQAE,00506284,2024-01-24 16:06:21,Closed,Caída exportación datos sistema Ericar,Pablo Perez,N/A,N/A,Sin comentarios
5004R000023rYtuQAE,00506296,2024-01-24 18:13:10,Closed,MLCC - Mesa De Ayuda,Maikol Salas,N/A,N/A,Sin comentarios
5004R000023rZVoQAM,00506303,2024-01-24 19:30:02,Closed,MLCC - Daniel Godoy - Pligonos hazard pegados,Maikol Salas,N/A,N/A,Sin comentarios
5004R000023rZVpQAM,00506304,2024-01-24 19:30:39,Closed,MLCC - Daniel Godoy - Sumarización enero,Claudio Ponce,N/A,N/A,Sin comentarios
5004R000023rZpyQAE,00506315,2024-01-24 20:45:30,Closed,CNCHQ - no hay ping a la estación base,Claudio Ponce,N/A,N/A,Sin comentarios
5004R000023rc68QAA,00506365,2024-01-25 07:04:18,Closed,AMCEN - GPS C154 y C47,Claudio Ponce,N/A,N/A,Sin comentarios
5004R000023rcBnQAI,00506367,2024-01-25 07:25:54,Closed,AMZAL - Datos no actualizados y pala n°4 no visualiza una dibujo,South American Support Q,N/A,N/A,Sin comentarios
5004R000023rcx7QAA,00506387,2024-01-25 10:06:33,Closed,Actualización de Reportes JView,Yazmin Sanchez,N/A,N/A,Sin comentarios
5004R000023reXzQAI,00506402,2024-01-25 12:40:31,Closed,CRSTEN-M- Tunel caido,Mauricio Estay,N/A,N/A,Sin comentarios
5004R000023rgYbQAI,00506447,2024-01-25 15:54:27,Closed,Revisar Reporte KPI Despacho,Yazmin Sanchez,N/A,N/A,Sin comentarios
5004R000023rhL4QAI,00506459,2024-01-25 17:17:13,Closed,Consultas SQL Jigsaw Data OPA,Yazmin Sanchez,N/A,N/A,Sin comentarios
5004R000023rk2CQAQ,00506490,2024-01-26 00:59:32,Closed,AMCEN - RE: GPS C36 y C47,Claudio Ponce,N/A,N/A,Sin comentarios
5004R000023rkGsQAI,00506493,2024-01-26 02:13:37,Closed,CNRT - GPS C56,Claudio Ponce,N/A,N/A,Sin comentarios
5004R000023rl3fQAA,00506501,2024-01-26 06:48:00,Closed,CNRT - C931 sin comunicacion,Claudio Ponce,N/A,N/A,Sin comentarios
5004R000023rlQjQAI,00506511,2024-01-26 08:54:29,Closed,CNDMH - Monitoreo - Prosesos sql pegados,Maikol Salas,N/A,N/A,Sin comentarios
5004R000023rmY3QAI,00506523,2024-01-26 11:43:27,Closed,AMANT- Monitoreo - Importador pegado,Maikol Salas,N/A,N/A,Sin comentarios
5004R000023rr0mQAA,00506561,2024-01-26 20:10:06,Closed,CNRT - C326 se ve gigante en el Mineops,Claudio Ponce,N/A,N/A,Sin comentarios
5004R000023rrjOQAQ,00506572,2024-01-27 00:24:32,Closed,CNRT - Claudio Quiroz - Equipos desconectados,Maikol Salas,N/A,N/A,Sin comentarios
5004R000023rsPtQAI,00506577,2024-01-27 08:22:33,Closed,AMZAL - Freddy - H45 mensaje en pantalla,Maikol Salas,N/A,N/A,Sin comentarios
5004R000023rsc9QAA,00506579,2024-01-27 10:38:18,Closed,CNDMH - Monitoreo - Prosesos sql pegados,Maikol Salas,N/A,N/A,Sin comentarios
5004R000023rszXQAQ,00506584,2024-01-27 14:13:41,Closed,CNDMH - Monitoreo - Prosesos sql pegados,Maikol Salas,N/A,N/A,Sin comentarios
5004R000023rtFaQAI,00506586,2024-01-27 16:58:56,Closed,MLCC - Sebastian- Modelo de bloque no pasa,Maikol Salas,N/A,N/A,Sin comentarios
5004R000023rtKLQAY,00506587,2024-01-27 18:07:57,Closed,CAPCNN -  - Problemas CAEX01,Maikol Salas,N/A,N/A,Sin comentarios
5004R000023ruLWQAY,00506606,2024-01-28 07:27:43,Closed,CNDMH - Sin acceso a servidor secundario,Maikol Salas,N/A,N/A,Sin comentarios
5004R000023rv89QAA,00506637,2024-01-28 17:50:36,Closed,AMZAL - Sebastian Fernandez - Agregar T12  a reportabilidad,Maikol Salas,N/A,N/A,Sin comentarios
5004R000023rvRGQAY,00506649,2024-01-28 21:00:31,Closed,CNDMH - Intermitencia en el mineops,Claudio Ponce,N/A,N/A,Sin comentarios
5004R000023rvaSQAQ,00506651,2024-01-28 21:43:45,Closed,AMCEN - Polígono _Hazard no se actualiza,Claudio Ponce,N/A,N/A,Sin comentarios
5004R000023rvhvQAA,00506652,2024-01-28 22:25:35,Closed,Mantoverde - Equipos pegados en cancha 10 y 12,Claudio Ponce,N/A,N/A,Sin comentarios
5004R000023rw3IQAQ,00506666,2024-01-29 00:28:52,Closed,AMCEN - Solicitud de revision CF233,Claudio Ponce,N/A,N/A,Sin comentarios
5004R000023rwq0QAA,00506678,2024-01-29 04:50:27,Closed,AMCEN - Solicitud de revision de GPS de C38,Claudio Ponce,N/A,N/A,Sin comentarios
5004R000023s2WuQAI,00506770,2024-01-29 17:14:13,Closed,CNN -Juan Enrique Nuñez Torres - Resumarización jigsaw,Maikol Salas,N/A,N/A,Sin comentarios
5004R000023s2j5QAA,00506773,2024-01-29 17:34:56,Closed,AAM - Mario Rojas - Solicitud credenciales de conectividad sistema JIGSAW MANTOVERDE,Maikol Salas,N/A,N/A,Sin comentarios
5004R000023s4KmQAI,00506806,2024-01-29 22:14:12,Closed,MLCC - Reiniciar pala N°2,Claudio Ponce,N/A,N/A,Sin comentarios
5004R000023s5DNQAY,00506818,2024-01-30 02:08:46,Closed,AMZAL - T13 sin GPS,Maikol Salas,N/A,N/A,Sin comentarios
5004R000023s5N3QAI,00506823,2024-01-30 02:57:39,Closed,Monitoreo - MLCC - consultas sql,Claudio Ponce,N/A,N/A,Sin comentarios
5004R000023s8BNQAY,00506872,2024-01-30 11:48:08,Closed,Trellix - Error de conexión Reporting Server,Yazmin Sanchez,N/A,N/A,Sin comentarios
5004R000023sAnuQAE,00506897,2024-01-30 15:17:26,Closed,MLCC - Sebastian- Jview no funciona,Maikol Salas,N/A,N/A,Sin comentarios
5004R000023sB8rQAE,00506908,2024-01-30 15:51:29,Closed,MLCC - Daniel Godoy - Habilitar el ingreso de datos de aceros en Jigsaw perforadoras .,Claudio Ponce,N/A,N/A,Sin comentarios
5004R000023sDgHQAU,00506938,2024-01-30 20:16:37,Closed,AMANT - Sin acceso a ME,Claudio Ponce,N/A,N/A,Sin comentarios
5004R000023sDkYQAU,00506940,2024-01-30 20:31:38,Closed,AMZAL - Resumarizar Enero desde el 01 al 27 2024,Claudio Ponce,N/A,N/A,Sin comentarios
5004R000023sE8aQAE,00506947,2024-01-30 21:39:57,Closed,AMCEN - Solicitud de revision de PA2 no le figuran Caex,Claudio Ponce,N/A,N/A,Sin comentarios
5004R000023sEEeQAM,00506950,2024-01-30 22:00:44,Closed,MLCC - Solicita Baja de Servicios: VENEGAS QUIROZ JORGE ALEJANDRO // RITM00000552188,Claudio Ponce,N/A,N/A,Sin comentarios
5004R000023sEJ5QAM,00506952,2024-01-30 22:16:07,Closed,Codelco Salvador - GPS CAEX 101 - 111 - 122,Claudio Ponce,N/A,N/A,Sin comentarios
5004R000023sEX2QAM,00506954,2024-01-30 23:07:05,Closed,MLCC - Reinicio de Pala N°2,Claudio Ponce,N/A,N/A,Sin comentarios
5004R000023sEzgQAE,00506959,2024-01-31 00:46:04,Closed,MLCC - Sumarizacion de Enero,Claudio Ponce,N/A,N/A,Sin comentarios
5004R000023sGLuQAM,00506983,2024-01-31 06:13:54,Closed,MLCC - Pala N°2 envia a otro destino los camiones,Claudio Ponce,N/A,N/A,Sin comentarios
5004R000024cY8BQAU,00507218,2024-01-31 19:47:48,Closed,AMZAL - Reportes Jiview desactualizado,Gustavo Cheng,N/A,N/A,Sin comentarios
5004R000024cYKXQA2,00507228,2024-01-31 20:17:17,Closed,MLCC - Sumarización manual,Gustavo Cheng,N/A,N/A,Sin comentarios
5004R000024cYgiQAE,00507239,2024-01-31 21:09:33,Closed,AMCEN - Importador poligono hazard pegado,Gustavo Cheng,N/A,N/A,Sin comentarios
5004R000024cZ2kQAE,00507244,2024-01-31 21:40:44,Closed,AMCEN - CF234 con problemas de gps,Gustavo Cheng,N/A,N/A,Sin comentarios
5004R000024cZTaQAM,00507247,2024-01-31 21:58:43,Closed,AMZAL - Aplicativo Mineops pegado,Gustavo Cheng,N/A,N/A,Sin comentarios
5004R000024cZpUQAU,00507250,2024-01-31 22:34:05,Closed,AMCEN - Camión C159 con problemas de gps,Gustavo Cheng,N/A,N/A,Sin comentarios
5004R000024caK6QAI,00507259,2024-02-01 00:56:38,Closed,AAM - Sumarización manual,Gustavo Cheng,N/A,N/A,Sin comentarios
5004R000024cb1KQAQ,00507282,2024-02-01 04:45:44,Closed,AMCEN - Camión C38 con problemas de gps,Gustavo Cheng,N/A,N/A,Sin comentarios
5004R000024cayWQAQ,00507283,2024-02-01 04:47:39,Closed,AMCEN - Perforadora PE53 sin sistema,Gustavo Cheng,N/A,N/A,Sin comentarios
5004R000024cb2mQAA,00507284,2024-02-01 04:49:32,Closed,AMCEN - Perforadoras PE1 y PE5 con problemas de señal gps,Gustavo Cheng,N/A,N/A,Sin comentarios
5004R000024cbgSQAQ,00507307,2024-02-01 07:09:22,Closed,AMCEN - Camión C40 con problemas de asignación,Gustavo Cheng,N/A,N/A,Sin comentarios
5004R000024cil5QAA,00507480,2024-02-01 21:31:17,Closed,CNCHUQ - Problemas con PA885,Gustavo Cheng,N/A,N/A,Sin comentarios
5004R000024ciodQAA,00507489,2024-02-01 21:46:15,Closed,AMCEN - Camión C58 con problemas de gps,Gustavo Cheng,N/A,N/A,Sin comentarios
5004R000024cioxQAA,00507491,2024-02-01 21:49:07,Closed,AMCEN - Camión C54 con problemas de gps,Gustavo Cheng,N/A,N/A,Sin comentarios
5004R000024cj8CQAQ,00507502,2024-02-01 23:34:42,Closed,CNCHUQ - Mejor camino para PA230 eliminado,Gustavo Cheng,N/A,N/A,Sin comentarios
5004R000024cjHTQAY,00507507,2024-02-02 00:22:30,Closed,Monitoreo - CNDMH - SQL Server encolado,Gustavo Cheng,N/A,N/A,Sin comentarios
5004R000024cjU3QAI,00507511,2024-02-02 01:17:20,Closed,AMCEN - Camión C156 no hace match con pala al cargar,Gustavo Cheng,N/A,N/A,Sin comentarios
5004R000024cjf1QAA,00507512,2024-02-02 02:16:39,Closed,MLCC - Cargador frontal CF221 sin comunicación pero con ping,Gustavo Cheng,N/A,N/A,Sin comentarios
5004R000024ckF9QAI,00507523,2024-02-02 05:44:13,Closed,AMCEN - Camión C07 no muestra bien valor de tonelaje,Gustavo Cheng,N/A,N/A,Sin comentarios
5004R000024ckHFQAY,00507525,2024-02-02 05:59:27,Closed,AMCEN - Perforadora PE53 con problemas,Gustavo Cheng,N/A,N/A,Sin comentarios
5004R000024cpffQAA,00507636,2024-02-02 18:51:54,Closed,AMZAL - Sumarización día 10/01,Gustavo Cheng,N/A,N/A,Sin comentarios
5004R000024cq51QAA,00507653,2024-02-02 20:38:30,Closed,AMCEN - Pala PA9 se le reinicia la pantalla,Gustavo Cheng,N/A,N/A,Sin comentarios
5004R000024cqmyQAA,00507658,2024-02-02 22:23:26,Closed,AMCEN - Perforadora PE6 con problemas de gps,Gustavo Cheng,N/A,N/A,Sin comentarios
5004R000024cqnDQAQ,00507659,2024-02-02 22:24:46,Closed,AMCEN - CF233 con problemas en jspanel,Gustavo Cheng,N/A,N/A,Sin comentarios
5004R000024crTPQAY,00507672,2024-02-03 03:41:24,Closed,AMCEN - Camión C47 con problemas de gps,Gustavo Cheng,N/A,N/A,Sin comentarios
5004R000024crTdQAI,00507673,2024-02-03 03:42:18,Closed,AMCEN - Camión C152 se queda pegado en sistema,Gustavo Cheng,N/A,N/A,Sin comentarios
5004R000024crTnQAI,00507674,2024-02-03 03:43:11,Closed,AMCEN - Camión C58 se queda pegado en sistema,Gustavo Cheng,N/A,N/A,Sin comentarios
5004R000024crh9QAA,00507679,2024-02-03 07:29:11,Closed,Monitoreo - CNDMH - Procesos SQL Server encolados,Gustavo Cheng,N/A,N/A,Sin comentarios
5004R000024cszLQAQ,00507714,2024-02-03 22:24:51,Closed,AMCEN - Camión C60 pegado en sistema,Gustavo Cheng,N/A,N/A,Sin comentarios
5004R000024ctHyQAI,00507716,2024-02-04 01:30:16,Closed,AMCEN - Perforadora PE8 con problemas de gps,Gustavo Cheng,N/A,N/A,Sin comentarios
5004R000024ctIDQAY,00507717,2024-02-04 01:31:59,Closed,AMCEN - Camión C08 muestra ubicación incorrecta,Gustavo Cheng,N/A,N/A,Sin comentarios
5004R000024ctHzQAI,00507718,2024-02-04 01:34:04,Closed,AMCEN - Camión C61 con problemas de gps,Gustavo Cheng,N/A,N/A,Sin comentarios
5004R000024ctImQAI,00507719,2024-02-04 01:36:32,Closed,AMCEN - Camión C38 con problemas de asignación,Gustavo Cheng,N/A,N/A,Sin comentarios
5004R000024ctRPQAY,00507721,2024-02-04 03:10:59,Closed,AMCEN - CF233 no está en mapa,Gustavo Cheng,N/A,N/A,Sin comentarios
5004R000024ctTfQAI,00507722,2024-02-04 03:58:05,Closed,CNDMH - Sin reportes actualizados Jview,Gustavo Cheng,N/A,N/A,Sin comentarios
5004R000024cthrQAA,00507726,2024-02-04 07:30:29,Closed,AMCEN - Camión C58 pegado en sistema,Gustavo Cheng,N/A,N/A,Sin comentarios
5004R000024cthsQAA,00507727,2024-02-04 07:32:27,Closed,AMCEN - CAEX 23 no está comunicando,Gustavo Cheng,N/A,N/A,Sin comentarios
5004R000024ctiBQAQ,00507728,2024-02-04 07:34:31,Closed,AMCEN - Camión C15 funciona lento en general sistema,Gustavo Cheng,N/A,N/A,Sin comentarios
5004R000024ctw8QAA,00507732,2024-02-04 11:36:43,Closed,AMZAL - Inconsistencia Jview,Claudio Ponce,N/A,N/A,Sin comentarios
5004R000024cuwEQAQ,00507781,2024-02-04 21:21:49,Closed,CNRT - Lentitud general en sistema mineops,Gustavo Cheng,N/A,N/A,Sin comentarios
5004R000024cvlBQAQ,00507795,2024-02-05 02:14:52,Closed,AMCEN - CF234 no funciona pantalla,Gustavo Cheng,N/A,N/A,Sin comentarios
5004R000024cvlVQAQ,00507796,2024-02-05 02:15:49,Closed,AMCEN - Perforadora 4 con problemas de gps,Gustavo Cheng,N/A,N/A,Sin comentarios
5004R000024cvlpQAA,00507797,2024-02-05 02:16:36,Closed,AMCEN - Camión 155 pegado en sistema,Gustavo Cheng,N/A,N/A,Sin comentarios
5004R000024cvm9QAA,00507798,2024-02-05 02:19:14,Closed,AMCEN - Pala 3 con problemas de gps,Gustavo Cheng,N/A,N/A,Sin comentarios
5004R000024cvmdQAA,00507799,2024-02-05 02:20:22,Closed,AMCEN - Perforadora 51 con problemas de señal,Gustavo Cheng,N/A,N/A,Sin comentarios
5004R000024cws0QAA,00507812,2024-02-05 07:36:15,Closed,AMCEN - C40 no muestra ubicación real,Gustavo Cheng,N/A,N/A,Sin comentarios
5004R000024cwsKQAQ,00507813,2024-02-05 07:38:18,Closed,AMCEN - Camión C09 no muestra el tonelaje correcto,Gustavo Cheng,N/A,N/A,Sin comentarios
5004R000024cwsLQAQ,00507814,2024-02-05 07:40:22,Closed,AMCEN - Perforadora 50 con problemas de gps,Gustavo Cheng,N/A,N/A,Sin comentarios
5004R000024d40BQAQ,00507977,2024-02-05 23:19:24,Closed,AMCEN - PA3 revisar pesómetro,Gustavo Cheng,N/A,N/A,Sin comentarios
5004R000024d40VQAQ,00507978,2024-02-05 23:20:20,Closed,AMCEN - Revisar pesómetro en Pala 9,Gustavo Cheng,N/A,N/A,Sin comentarios
5004R000024d4FVQAY,00507983,2024-02-06 00:25:07,Closed,AMZAL - Suma Horas Caex Mina,Gustavo Cheng,N/A,N/A,Sin comentarios
5004R000024d4f0QAA,00507996,2024-02-06 02:16:37,Closed,AMCEN - Equipos no se asignan automáticamente a petroleras,Gustavo Cheng,N/A,N/A,Sin comentarios
5004R000024d4sXQAQ,00508000,2024-02-06 03:31:11,Closed,AMCEN - Camión 42 con problemas de gps,Gustavo Cheng,N/A,N/A,Sin comentarios
5004R000024dDr1QAE,00508088,2024-02-07 00:42:47,Closed,CNRI - Revisar mineops,Gustavo Cheng,N/A,N/A,Sin comentarios
5004R000024dDtuQAE,00508089,2024-02-07 00:43:53,Closed,CNDMH - Revisión de mineops,Gustavo Cheng,N/A,N/A,Sin comentarios
5004R000024dDu4QAE,00508090,2024-02-07 00:45:18,Closed,AMCEN - CF232 con problemas de GPS,Gustavo Cheng,N/A,N/A,Sin comentarios
5004R000024dDu9QAE,00508091,2024-02-07 00:46:23,Closed,AMCEN - Pala 1 con problemas de gps,Gustavo Cheng,N/A,N/A,Sin comentarios
5004R000024dDuOQAU,00508092,2024-02-07 00:47:21,Closed,CNCHUQ - No funciona aplicativo mineops,Claudio Ponce,N/A,N/A,Sin comentarios
5004R000024dFFBQA2,00508109,2024-02-07 07:28:00,Closed,AMZAL - perforadora D15 con problemas de gps,Gustavo Cheng,N/A,N/A,Sin comentarios
5004R000024dFHCQA2,00508111,2024-02-07 07:34:17,Closed,MLCC - Perforadoras con problemas de gps,Gustavo Cheng,N/A,N/A,Sin comentarios
5004R000024dFJXQA2,00508112,2024-02-07 07:40:04,Closed,AMCEN - PE3 con problemas de gps,Gustavo Cheng,N/A,N/A,Sin comentarios
5004R000024dFsKQAU,00508122,2024-02-07 09:33:26,Closed,CNN - Apagado de servidores 10:00 am - 10:30 am,Claudio Ponce,N/A,N/A,Sin comentarios
5004R000024dGBMQA2,00508131,2024-02-07 10:14:35,Closed,Monitoreo - CNDMH - Procesos sql pegados,Claudio Ponce,N/A,N/A,Sin comentarios
5004R000024dGikQAE,00508156,2024-02-07 11:17:39,Closed,Monitoreo - CNRT - Monitoreo de servidores,Claudio Ponce,N/A,N/A,Sin comentarios
5004R000024dJYGQA2,00508241,2024-02-07 15:42:55,Closed,CNN - Sumarizar Enero,Claudio Ponce,N/A,N/A,Sin comentarios
5004R000024dOWJQA2,00508364,2024-02-08 09:54:59,Closed,AMZAL - Perfil de usuario nuevo,Claudio Ponce,N/A,N/A,Sin comentarios
5004R000024dQ1DQAU,00508421,2024-02-08 12:32:35,Closed,AMZAL - Reportes Perforación JView ( Varios) en carpeta GPO no están cuadrando,Claudio Ponce,N/A,N/A,Sin comentarios
5004R000024dSJ5QAM,00508458,2024-02-08 16:19:06,Closed,CNN - CAEX03 no cambia las actividades,Claudio Ponce,N/A,N/A,Sin comentarios
5004R000024dWREQA2,00508522,2024-02-09 08:22:58,Closed,CNDMH - Sin acceso a Jview,Claudio Ponce,N/A,N/A,Sin comentarios
5004R000024dWeOQAU,00508526,2024-02-09 09:16:58,Closed,CNCHUQ - Lentitud en mineops,Claudio Ponce,N/A,N/A,Sin comentarios
5004R000024dWz7QAE,00508531,2024-02-09 10:14:12,Closed,Monitoreo - AMCEN - sql encolado,Claudio Ponce,N/A,N/A,Sin comentarios
5004R000024dXTvQAM,00508536,2024-02-09 11:11:20,Closed,CNCHUQ - Palas no estan despachando,Claudio Ponce,N/A,N/A,Sin comentarios
5004R000024dXi2QAE,00508537,2024-02-09 11:36:47,Closed,CNDMH - Perforadora 101 problemas de GPS,Claudio Ponce,N/A,N/A,Sin comentarios
5004R000024ddfDQAQ,00508614,2024-02-10 11:11:05,Closed,AMCEN - Reinicio pala N°1,Claudio Ponce,N/A,N/A,Sin comentarios
5004R000024de6iQAA,00508618,2024-02-10 14:34:53,Closed,CNCHUQ - Camiones piden constantemente cargar combustible,Claudio Ponce,N/A,N/A,Sin comentarios
5004R000024deBEQAY,00508619,2024-02-10 15:24:19,Closed,AMZAL - Multiples estados en perforadoras,Claudio Ponce,N/A,N/A,Sin comentarios
5004R000024dfnnQAA,00508650,2024-02-11 11:08:04,Closed,CNCHUQ - Lentitud en mineops,Claudio Ponce,N/A,N/A,Sin comentarios
5004R000024dfsPQAQ,00508651,2024-02-11 13:24:59,Closed,AMANT - Reporte alimentacion planta no se esta enviando,Claudio Ponce,N/A,N/A,Sin comentarios
5004R000024dfy7QAA,00508652,2024-02-11 13:29:31,Closed,Monitoreo - MLCC - consultas sql,Claudio Ponce,N/A,N/A,Sin comentarios
5004R000024dg1gQAA,00508656,2024-02-11 15:20:38,Closed,AMZAL - Sumarizacion 05 al 10 de febrero.,Claudio Ponce,N/A,N/A,Sin comentarios
5004R000024dgSgQAI,00508677,2024-02-11 18:56:06,Closed,AMZAL - Borrar estados duplicados de 3 perforadoras,Claudio Ponce,N/A,N/A,Sin comentarios
5004R000024dk6OQAQ,00508759,2024-02-12 12:06:47,Closed,MLCC - Pala N°2 no hace el cambio de estado para los camiones nuevos,Claudio Ponce,N/A,N/A,Sin comentarios
5004R000024dmbiQAA,00508777,2024-02-12 16:32:06,Closed,CNN - Equipos quedan en reserva,Maikol Salas,N/A,N/A,Sin comentarios
5004R000024dmdoQAA,00508778,2024-02-12 16:36:23,Closed,Mantoverde - Sumarización,Claudio Ponce,N/A,N/A,Sin comentarios
5004R000024dnK9QAI,00508791,2024-02-12 17:51:36,Closed,Mantoverde - C54 sistema antiguo,Claudio Ponce,N/A,N/A,Sin comentarios
5004R000024drG7QAI,00508874,2024-02-13 09:29:49,Closed,Mantoverde - Revisión de Servidores,Claudio Ponce,N/A,N/A,Sin comentarios
5004R000024drH5QAI,00508876,2024-02-13 09:33:29,Closed,MLCC - CAEX 327 problemas de estados,Claudio Ponce,N/A,N/A,Sin comentarios
5004R000024dsjFQAQ,00508897,2024-02-13 12:16:06,Closed,Monitoreo - CNDMH - Procesos sql pegados,Claudio Ponce,N/A,N/A,Sin comentarios
5004R000024dt7MQAQ,00508900,2024-02-13 12:54:24,Closed,MLCC - Pala N°210 no tiene conexion con el servidor,Claudio Ponce,N/A,N/A,Sin comentarios
5004R000024dtweQAA,00508908,2024-02-13 14:10:26,Closed,RE: Regularizar punto de medida equipo H42,Claudio Ponce,N/A,N/A,Sin comentarios
5004R000024duVRQAY,00508911,2024-02-13 15:14:11,Closed,MLCC - problemas a exportar a excel,Claudio Ponce,N/A,N/A,Sin comentarios
5004R000024duiGQAQ,00508915,2024-02-13 15:36:06,Closed,CNN - FW: CNN - Conciliación Mina / Mantenimiento - Resumarización jigsaw,Claudio Ponce,N/A,N/A,Sin comentarios
5004R000024dvc9QAA,00508923,2024-02-13 17:12:22,Closed,MLCC - calidades no se cargan en el servidor,Claudio Ponce,N/A,N/A,Sin comentarios
5004R000024dxNSQAY,00508954,2024-02-13 21:46:45,Closed,AAM - Generar nuevo archivo Setup,Gustavo Cheng,N/A,N/A,Sin comentarios
5004R000024dzZPQAY,00508986,2024-02-14 08:30:50,Closed,MLCC - Asistencia CAEX 327,Gustavo Cheng,N/A,N/A,Sin comentarios
5004R000024e0cyQAA,00509009,2024-02-14 11:16:03,Closed,Cuentas BD SQL server de Mina Sur.,Pablo Perez,N/A,N/A,Sin comentarios
5004R000024e86bQAA,00509163,2024-02-15 08:00:11,Closed,AMZAL - CAEX 57 aparece sin tiempo pero en estado figura en mantención,Gustavo Cheng,N/A,N/A,Sin comentarios
5004R000024e8LbQAI,00509170,2024-02-15 08:57:15,Closed,Problema de Estados mal Asignados,South American Support Q,N/A,N/A,Sin comentarios
5004R000024e9J2QAI,00509197,2024-02-15 11:21:09,Closed,AMZAL - RE: Regularizar punto de medida equipo H42,Nelson Donoso,N/A,N/A,Sin comentarios
5004R000024eBssQAE,00509231,2024-02-15 15:45:18,Closed,AAM - Por cambio de encryptacion de red se pide nuevo Setup.sqfs,Nelson Donoso,N/A,N/A,Sin comentarios
5004R000024eCKrQAM,00509236,2024-02-15 16:29:30,Closed,AAM - Revision Servidores CAS por migracion de Dominio,Nelson Donoso,N/A,N/A,Sin comentarios
5004R000024eCXCQA2,00509239,2024-02-15 16:52:44,Closed,CNDMH - Bull con problemas de GPS,Gustavo Cheng,N/A,N/A,Sin comentarios
5004R000024eDvjQAE,00509257,2024-02-15 19:57:45,Closed,AMZAL - Eliminar registro de estado sin tiempo H57,Gustavo Cheng,N/A,N/A,Sin comentarios
5004R000024eE8TQAU,00509271,2024-02-15 20:51:32,Closed,"AMZAL - Diferencia ""Reporte Mensual""",Gustavo Cheng,N/A,N/A,Sin comentarios
5004R000024eF8yQAE,00509282,2024-02-16 01:28:35,Closed,AMZAL - Revisar funcionamiento de GPS del Camión 34,Gustavo Cheng,N/A,N/A,Sin comentarios
5004R000024eHXcQAM,00509310,2024-02-16 11:11:52,Closed,CNN - Modificacion de importador de Poligonos,Nelson Donoso,N/A,N/A,Sin comentarios
5004R000024eIPKQA2,00509319,2024-02-16 12:42:01,Closed,CNDMH - Perforadora 101 con problemas de sistema,Gustavo Cheng,N/A,N/A,Sin comentarios
5004R000024eJjpQAE,00509332,2024-02-16 15:00:11,Closed,AAM - Pala 5 con problemas en JSPanel,Gustavo Cheng,N/A,N/A,Sin comentarios
5004R000024eJdVQAU,00509333,2024-02-16 15:03:01,Closed,MLCC - Camión C331 con problemas en pantalla,Gustavo Cheng,N/A,N/A,Sin comentarios
5004R000024eLUhQAM,00509346,2024-02-16 18:56:27,Closed,CNDMH - Camión C308 con problemas de gps,Gustavo Cheng,N/A,N/A,Sin comentarios
5004R000024eLZcQAM,00509347,2024-02-16 19:12:13,Closed,AMZAL - PANTALLA JIGSAW MENSAJES CON PROBLEMAS,Gustavo Cheng,N/A,N/A,Sin comentarios
5004R000024eN2eQAE,00509382,2024-02-17 09:02:12,Closed,CNCHUQ - Pala230 no reconoce polígono,Gustavo Cheng,N/A,N/A,Sin comentarios
5004R000024eN4QQAU,00509384,2024-02-17 09:40:01,Closed,AMZAL - Reporte Exceso de velocidad Zaldivar,Gustavo Cheng,N/A,N/A,Sin comentarios
5004R000024eNGqQAM,00509391,2024-02-17 11:41:55,Closed,CNDMH - Bull 403 con problemas de gps,Gustavo Cheng,N/A,N/A,Sin comentarios
5004R000024eNWtQAM,00509393,2024-02-17 14:37:33,Closed,CNCHUQ - Vista JSRutas no muestra los camiones de la PA200,Gustavo Cheng,N/A,N/A,Sin comentarios
5004R000024eNaWQAU,00509394,2024-02-17 15:14:51,Closed,CNDMH - Jview sin reportes actualizados,Gustavo Cheng,N/A,N/A,Sin comentarios
5004R000024eNnQQAU,00509403,2024-02-17 17:46:51,Closed,MLCC - Perforadora con problemas de gps,Gustavo Cheng,N/A,N/A,Sin comentarios
5004R000024eNpWQAU,00509406,2024-02-17 18:17:37,Closed,CNDMH - Bull 423 con problemas de gps,Gustavo Cheng,N/A,N/A,Sin comentarios
5004R000024ePG5QAM,00509438,2024-02-18 11:08:21,Closed,CNDMH - Sin acceso a servidor CAS,Gustavo Cheng,N/A,N/A,Sin comentarios
5004R000024eSjYQAU,00509570,2024-02-19 09:15:13,Closed,CNDMH - Jview desactualizado,Gustavo Cheng,N/A,N/A,Sin comentarios
5004R000024eWXkQAM,00509648,2024-02-19 16:52:19,Closed,AAM - Revisar registro de la tabla configurations,Gustavo Cheng,N/A,N/A,Sin comentarios
5004R000024eWdEQAU,00509651,2024-02-19 17:02:28,Closed,CNN - Sumarización semana del 12 al 18 de febrero,Gustavo Cheng,N/A,N/A,Sin comentarios
5004R000024ebomQAA,00509743,2024-02-20 11:40:51,Closed,AMZAL - Generar archivos de carga horometro,Gustavo Cheng,N/A,N/A,Sin comentarios
5004R000024edKRQAY,00509761,2024-02-20 13:49:52,Closed,MLCC - Importador DigLimit pegado,Gustavo Cheng,N/A,N/A,Sin comentarios
5004R000024edSaQAI,00509763,2024-02-20 14:03:37,Closed,MLCC - Planillas excel pegadas,Gustavo Cheng,N/A,N/A,Sin comentarios
5004R000024ef6CQAQ,00509773,2024-02-20 16:49:39,Closed,Ocular reportes menos utilizados en mina DCH,Yazmin Sanchez,N/A,N/A,Sin comentarios
5004R000024eqCyQAI,00510007,2024-02-21 21:27:07,Closed,AMCEN - Solicitud de Revision CF232,Claudio Ponce,N/A,N/A,Sin comentarios
5004R000024ezUiQAI,00510120,2024-02-22 20:28:26,Closed,AMCEN - Solicitud de revision GPS CF2,Claudio Ponce,N/A,N/A,Sin comentarios
5004R000024ezr9QAA,00510126,2024-02-22 21:33:01,Closed,AMCEN - Solicitud de revision c08,Claudio Ponce,N/A,N/A,Sin comentarios
5004R000024ezzcQAA,00510129,2024-02-22 22:21:32,Closed,MLCC - CF220 no acepta el destino,Claudio Ponce,N/A,N/A,Sin comentarios
5004R000024f0DZQAY,00510136,2024-02-22 23:40:03,Closed,AMCEN - Solicitud de revision PE1 y PE3,Claudio Ponce,N/A,N/A,Sin comentarios
5004R000024f0bvQAA,00510143,2024-02-23 01:51:11,Closed,Monitoreo - CNDMH - Procesos sql pegados,Claudio Ponce,N/A,N/A,Sin comentarios
5004R000024f162QAA,00510149,2024-02-23 04:30:45,Closed,CNRT - Cambiar ubicacion del PA722,Claudio Ponce,N/A,N/A,Sin comentarios
5004R000024f2cQQAQ,00510157,2024-02-23 07:25:46,Closed,AMZAL - Sin sistema mineops,Claudio Ponce,N/A,N/A,Sin comentarios
5004R000024f8PdQAI,00510206,2024-02-23 19:29:31,Closed,Issue with Truck-Server Synchronization and Network Configuration on OAS System,Pablo Perez,N/A,N/A,Sin comentarios
5004R000024f8fgQAA,00510209,2024-02-23 20:42:02,Closed,AMCEN - CF2 pantalla pegada,Claudio Ponce,N/A,N/A,Sin comentarios
5004R000024f8xwQAA,00510211,2024-02-23 21:43:37,Closed,AMCEN - problemas en mineops,Claudio Ponce,N/A,N/A,Sin comentarios
5004R000024f95CQAQ,00510214,2024-02-23 22:46:25,Closed,AMCEN - Solicitud de revisión equipos,Claudio Ponce,N/A,N/A,Sin comentarios
5004R000024f9e2QAA,00510218,2024-02-24 02:58:59,Closed,AMZAL - D15 sin gps,Claudio Ponce,N/A,N/A,Sin comentarios
5004R000024fBekQAE,00510248,2024-02-24 23:10:23,Closed,AMCEN - Solicitud de revisión GPS CF234,Claudio Ponce,N/A,N/A,Sin comentarios
5004R000024fBhEQAU,00510249,2024-02-24 23:51:13,Closed,MLCC - Pala 210 no acepta el destino,Claudio Ponce,N/A,N/A,Sin comentarios
5004R000024fCBeQAM,00510256,2024-02-25 05:42:05,Closed,CNRT - Moto 483,Claudio Ponce,N/A,N/A,Sin comentarios
5004R000024fCJOQA2,00510257,2024-02-25 07:19:49,Closed,Monitoreo - CNDMH - Procesos sql pegados,Claudio Ponce,N/A,N/A,Sin comentarios
5004R000024fE1WQAU,00510318,2024-02-25 23:19:02,Closed,AMCEN - Solicitud de revisión de CF2,Claudio Ponce,N/A,N/A,Sin comentarios
5004R000024fEsQQAU,00510341,2024-02-26 03:56:16,Closed,AMCEN - Solicitud de revisión GPS C41,Claudio Ponce,N/A,N/A,Sin comentarios
5004R000024fLouQAE,00510501,2024-02-26 17:49:48,Closed,CNN - PROBLEMAS SISTEMA HEXAGON,Gustavo Cheng,N/A,N/A,Sin comentarios
5004R000024fNHYQA2,00510524,2024-02-26 21:45:11,Closed,Monitoreo - AMANT - procesos SQL encolados,Claudio Ponce,N/A,N/A,Sin comentarios
5004R000024fNRTQA2,00510527,2024-02-26 22:27:18,Closed,CNRT - Cambio de clave minadrt,Claudio Ponce,N/A,N/A,Sin comentarios
5004R000024fNvTQAU,00510537,2024-02-27 00:15:25,Closed,MLCC - Sumarizacion,Claudio Ponce,N/A,N/A,Sin comentarios
5004R000024fOCZQA2,00510545,2024-02-27 01:20:51,Closed,Monitoreo - CNDMH - Procesos sql pegados,Claudio Ponce,N/A,N/A,Sin comentarios
5004R000024fOYVQA2,00510552,2024-02-27 02:45:32,Closed,AMCEN - RV: Links CAS dashboard,Claudio Ponce,N/A,N/A,Sin comentarios
5004R000024fObFQAU,00510553,2024-02-27 03:02:43,Closed,AMCEN - Solicitud de revision GPS Perforadoras,Claudio Ponce,N/A,N/A,Sin comentarios
5004R000024fOpHQAU,00510558,2024-02-27 03:57:12,Closed,CNRT - PA205 no ve el poligono asignado,Claudio Ponce,N/A,N/A,Sin comentarios
5004R000024fPlZQAU,00510572,2024-02-27 07:29:09,Closed,AMANT - sin acceso a jview,Claudio Ponce,N/A,N/A,Sin comentarios
5004R000024fXCVQA2,00510645,2024-02-27 21:33:32,Closed,AMZAL - Dibujos borrados,Claudio Ponce,N/A,N/A,Sin comentarios
5004R000024fXPoQAM,00510650,2024-02-27 22:28:21,Closed,AMCEN - Modificacion perfiles mineops,Claudio Ponce,N/A,N/A,Sin comentarios
5004R000024fXVSQA2,00510654,2024-02-27 22:50:16,Closed,Monitoreo - CNDMH - Procesos sql pegados,Claudio Ponce,N/A,N/A,Sin comentarios
5004R000024fXVmQAM,00510655,2024-02-27 22:51:35,Closed,AMCEN - Solicitud de revision GPS,Claudio Ponce,N/A,N/A,Sin comentarios
5004R000024fXZtQAM,00510661,2024-02-27 23:15:30,Closed,AMZAL - Reseumarizacion del 1 al 25 Febrero 2024,Claudio Ponce,N/A,N/A,Sin comentarios
5004R000024fXt5QAE,00510668,2024-02-28 00:59:32,Closed,CNDMH - GPS FD111,Claudio Ponce,N/A,N/A,Sin comentarios
5004R000024fZDBQA2,00510678,2024-02-28 06:03:40,Closed,AMCEN - Solicitud de revisión de pantalla C23,Claudio Ponce,N/A,N/A,Sin comentarios
5004R000024fac2QAA,00510708,2024-02-28 10:25:04,Closed,Mantención a Reportes (definición de criterios - revisión de inconsistencias),Yazmin Sanchez,N/A,N/A,Sin comentarios
5004R000024fetpQAA,00510757,2024-02-28 16:42:09,Closed,AMZAL-Desactivación de PLM,Gustavo Cheng,N/A,N/A,Sin comentarios
5004R000024fiUGQAY,00510826,2024-02-29 03:12:37,Closed,AMCEN - CF234 con problemas de gps,Gustavo Cheng,N/A,N/A,Sin comentarios
5004R000024fiziQAA,00510831,2024-02-29 04:55:11,Closed,AMCEN - CAEX 152 pegado en sistema,Gustavo Cheng,N/A,N/A,Sin comentarios
5004R000024foKBQAY,00510873,2024-02-29 14:47:25,Closed,CNN - Apoyo formato de fecha en CVS,Nelson Donoso,N/A,N/A,Sin comentarios
5004R000024frMAQAY,00510912,2024-02-29 19:04:43,Closed,AMZAL - Sumarización FC 01 al 25 de febrero 2024,Gustavo Cheng,N/A,N/A,Sin comentarios
5004R000024frhmQAA,00510917,2024-02-29 20:03:07,Closed,AMCEN - Importador Hazard pegado,Gustavo Cheng,N/A,N/A,Sin comentarios
5004R000024fsrOQAQ,00510938,2024-02-29 21:56:43,Closed,Monitoreo - CNDMH - Procesos encolados,Gustavo Cheng,N/A,N/A,Sin comentarios
5004R000024ftEiQAI,00510940,2024-02-29 22:18:53,Closed,AMCEN - Perforadora 3 con problemas de gps,Gustavo Cheng,N/A,N/A,Sin comentarios
5004R000024ftG5QAI,00510943,2024-02-29 22:25:53,Closed,AMCEN - Reportabilidad desactualizada,Gustavo Cheng,N/A,N/A,Sin comentarios
5004R000024ftI6QAI,00510945,2024-02-29 22:43:10,Closed,AMCEN - Camión 162 con problemas de gps,Gustavo Cheng,N/A,N/A,Sin comentarios
5004R000024ftU2QAI,00510950,2024-02-29 23:42:26,Closed,AMCEN - Pala 3 con problemas de gps,Gustavo Cheng,N/A,N/A,Sin comentarios
5004R000024ftmeQAA,00510954,2024-03-01 00:43:05,Closed,AMCEN - Pala 8 con problemas en JSPanel,Gustavo Cheng,N/A,N/A,Sin comentarios
5004R000024fuQkQAI,00510985,2024-03-01 03:57:47,Closed,AMCEN - Cargador frontal 234 con ubicación pegada en sistema,Gustavo Cheng,N/A,N/A,Sin comentarios
5004R000024fulNQAQ,00510995,2024-03-01 05:46:25,Closed,MLCC - Sumarización manual,Gustavo Cheng,N/A,N/A,Sin comentarios
5004R000024fulmQAA,00510997,2024-03-01 05:48:03,Closed,MLCC - Planillas excel no actualizan,Gustavo Cheng,N/A,N/A,Sin comentarios
5004R000024g0umQAA,00511067,2024-03-01 20:34:58,Closed,MLCC - Planillas excel no actualizan,Gustavo Cheng,N/A,N/A,Sin comentarios
5004R000024g1BUQAY,00511073,2024-03-01 21:49:52,Closed,AMCEN - Camiones con problemas de asignación,Gustavo Cheng,N/A,N/A,Sin comentarios
5004R000024g1FvQAI,00511076,2024-03-01 22:28:39,Closed,AMCEN - Camión 153 con pantalla pegada/en negro,Gustavo Cheng,N/A,N/A,Sin comentarios
5004R000024g1KRQAY,00511079,2024-03-01 23:08:10,Closed,AMCEN - Camión C58 con problemas de gps,Gustavo Cheng,N/A,N/A,Sin comentarios
5004R000024g1LZQAY,00511081,2024-03-01 23:14:27,Closed,MLCC - Perforadora 105 con problemas de gps,Gustavo Cheng,N/A,N/A,Sin comentarios
5004R000024g1T9QAI,00511084,2024-03-01 23:57:58,Closed,AMCEN - Perforadora 3 con problemas de señal gps,Gustavo Cheng,N/A,N/A,Sin comentarios
5004R000024g1UMQAY,00511085,2024-03-02 00:01:22,Closed,AMCEN - Perforadora 4 con problemas de señal gps,Gustavo Cheng,N/A,N/A,Sin comentarios
5004R000024g1jLQAQ,00511089,2024-03-02 01:40:39,Closed,MLCC - Perforadora 103 con problemas de gps,Gustavo Cheng,N/A,N/A,Sin comentarios
5004R000024g1s8QAA,00511090,2024-03-02 02:50:30,Closed,AMCEN - CAEX 58 no muestra ubicación real,Gustavo Cheng,N/A,N/A,Sin comentarios
5004R000024g3SLQAY,00511126,2024-03-02 21:07:57,Closed,AMZAL - Sumarización manual,Gustavo Cheng,N/A,N/A,Sin comentarios
5004R000024g3WqQAI,00511128,2024-03-02 21:09:29,Closed,AMCEN - Pala 1 con problemas en JSPanel,Gustavo Cheng,N/A,N/A,Sin comentarios
5004R000024g3YIQAY,00511136,2024-03-02 21:24:04,Closed,AMZAL - RE: Sumarización día 29/02,Gustavo Cheng,N/A,N/A,Sin comentarios
5004R000024g3eaQAA,00511141,2024-03-02 23:23:14,Closed,CNDMH - Jview desactualizado/caído,Gustavo Cheng,N/A,N/A,Sin comentarios
5004R000024g3hoQAA,00511143,2024-03-03 00:14:20,Closed,AMCEN - Reportabilidad desactualizada,Gustavo Cheng,N/A,N/A,Sin comentarios
5004R000024g4I6QAI,00511150,2024-03-03 06:54:56,Closed,MLCC - Planillas excel no cargan datos actualizados,Gustavo Cheng,N/A,N/A,Sin comentarios
5004R000024g5DbQAI,00511183,2024-03-03 19:35:47,Closed,CNRT - Archivo malla no carga,Gustavo Cheng,N/A,N/A,Sin comentarios
5004R000024g5ldQAA,00511211,2024-03-03 23:09:45,Closed,AMCEN - CAEX 164 con problemas en JSPanel,Gustavo Cheng,N/A,N/A,Sin comentarios
5004R000024g7UFQAY,00511236,2024-03-04 06:57:26,Closed,Monitoreo - CNDMH - Procesos encolados,Gustavo Cheng,N/A,N/A,Sin comentarios
5004R000024g7UUQAY,00511237,2024-03-04 06:58:40,Closed,AMCEN - CAEX 47 no muestra ubicación real,Gustavo Cheng,N/A,N/A,Sin comentarios
5004R000024gCmWQAU,00511326,2024-03-04 18:08:09,Closed,AMCEN - Request for Centinela branch,Armando Mestanza,N/A,N/A,Sin comentarios
5004R000024gE2GQAU,00511349,2024-03-04 21:24:24,Closed,AMCEN - Sumarización manual,Gustavo Cheng,N/A,N/A,Sin comentarios
5004R000024gEBSQA2,00511351,2024-03-04 21:54:25,Closed,AMZAL - Reportes Jview sin datos,Gustavo Cheng,N/A,N/A,Sin comentarios
5004R000024gEfpQAE,00511361,2024-03-05 00:06:09,Closed,AMCEN - Pala 3 con señal intermitente y problemas en JSPanel,Gustavo Cheng,N/A,N/A,Sin comentarios
5004R000024gNf7QAE,00511469,2024-03-05 21:08:13,Closed,AMCEN - Perforadora 53 con pantalla pegada,Gustavo Cheng,N/A,N/A,Sin comentarios
5004R000024gNzqQAE,00511474,2024-03-05 22:34:15,Closed,AMZAL - Perforadora 14 con problemas de gps,Gustavo Cheng,N/A,N/A,Sin comentarios
5004R000024gO1YQAU,00511483,2024-03-05 23:41:00,Closed,MLCC - Perforadora 105 con problemas de gps,Gustavo Cheng,N/A,N/A,Sin comentarios
5004R000024gORVQA2,00511493,2024-03-06 00:27:28,Closed,AMCEN - Camiones C10 y C163 con problemas de gps,Gustavo Cheng,N/A,N/A,Sin comentarios
5004R000024gP9hQAE,00511504,2024-03-06 04:07:03,Closed,MLCC - Planillas excel no cargan datos correctamente,Gustavo Cheng,N/A,N/A,Sin comentarios
5004R000024gR4eQAE,00511524,2024-03-06 10:40:40,Closed,DMH- Monitoreo- procesos sql encolados,Maikol Salas,N/A,N/A,Sin comentarios
5004R000024gRgJQAU,00511532,2024-03-06 11:42:08,Closed,AMZAL- Sebastian Fernandez - Sumarizacion,Maikol Salas,N/A,N/A,Sin comentarios
5004R000024gUvPQAU,00511557,2024-03-06 16:42:44,Closed,CNN -Juan Enrique Nuñez Torres - Factor de carga,Maikol Salas,N/A,N/A,Sin comentarios
5004R000024gVAoQAM,00511566,2024-03-06 17:04:40,Closed,AAM - Marcelo romero - Sumarizacion,Maikol Salas,N/A,N/A,Sin comentarios
5004R000024gX8GQAU,00511599,2024-03-06 23:09:43,Closed,RE: INGRESO EQUIPOS A SISTEMA JMINEOP,Maikol Salas,N/A,N/A,Sin comentarios
5004R000024gX9xQAE,00511600,2024-03-06 23:17:50,Closed,AMZAL-RE: Reporte Exceso de velocidad Zaldivar se ejecutó a las 05/03/2024 7:15:09,Maikol Salas,N/A,N/A,Sin comentarios
5004R000025EKNIQA4,00511747,2024-03-08 09:50:31,Closed,Mantoverde - Actualización de archivo Setup,Maikol Salas,N/A,N/A,Sin comentarios
5004R000025ELQBQA4,00511759,2024-03-08 12:14:09,Closed,DMH- Monitoreo- procesos sql encolados,Maikol Salas,N/A,N/A,Sin comentarios
5004R000025ELS7QAO,00511760,2024-03-08 12:18:00,Closed,DMH- rodrigo valenzuela - Problema reportabilidad Jview,Maikol Salas,N/A,N/A,Sin comentarios
5004R000025ELUcQAO,00511762,2024-03-08 12:22:59,Closed,CNRI-alarmas Caex 318 fase 2 sistema OAS,Maikol Salas,N/A,N/A,Sin comentarios
5004R000025ELQCQA4,00511763,2024-03-08 12:26:36,Closed,CNRI - consulta red fibra,Maikol Salas,N/A,N/A,Sin comentarios
5004R000025ELPTQA4,00511765,2024-03-08 12:30:55,Closed,AAS - Carolina  Morales - Revision carpeta xFer,Maikol Salas,N/A,N/A,Sin comentarios
5004R000025ENWHQA4,00511786,2024-03-08 16:22:10,Closed,RT - Claudio - Las mallas no pasan de la carpeta xfer,Maikol Salas,N/A,N/A,Sin comentarios
5004R000025ESS6QAO,00511865,2024-03-10 09:01:49,Closed,CNDMH - Monitoreo - Prosesos sql pegados,Maikol Salas,N/A,N/A,Sin comentarios
5004R000025EbZbQAK,00512028,2024-03-11 19:25:52,Closed,MLCC -  Daniel Godoy - Modificación query,Maikol Salas,N/A,N/A,Sin comentarios
5004R000025EbdOQAS,00512030,2024-03-11 19:45:57,Closed,MLCC -  Daniel Godoy - Modificación query,Maikol Salas,N/A,N/A,Sin comentarios
5004R000025Ec9pQAC,00512042,2024-03-11 22:01:21,Closed,Mantoverde - Revisión de resultados en Reporte Gerencial,Yazmin Sanchez,N/A,N/A,Sin comentarios
5004R000025Ef85QAC,00512105,2024-03-12 09:37:08,Closed,AMZAL-Belen Saez - Inconsistencia Jview,Maikol Salas,N/A,N/A,Sin comentarios
5004R000025EmQQQA0,00512198,2024-03-13 03:19:29,Closed,MLCC-PARCHE Y/O ULTIMA VERSION DE MINEOPS,Gustavo Cheng,N/A,N/A,Sin comentarios
5004R000025EoAcQAK,00512247,2024-03-13 09:31:25,Closed,MLCC - Cargador frontal 221 con problemas de gps,Gustavo Cheng,N/A,N/A,Sin comentarios
5004R000025EoChQAK,00512249,2024-03-13 09:34:54,Closed,CNRI - CAEX con problemas en cámara y vibración,Gustavo Cheng,N/A,N/A,Sin comentarios
5004R000025Ero5QAC,00512299,2024-03-13 14:56:34,Closed,Monitoreo - CNDMH - Procesos encolados,Gustavo Cheng,N/A,N/A,Sin comentarios
5004R000025Erx2QAC,00512301,2024-03-13 15:09:21,Closed,AMZAL - Vistas de códigos en Pantallas de Paleros y CF,Armando Mestanza,N/A,N/A,Sin comentarios
5004R000025EtRQQA0,00512319,2024-03-13 17:48:21,Closed,generar el estado de colación en el operador,Guillermo Lamas,N/A,N/A,Sin comentarios
5004R000025F1FiQAK,00512408,2024-03-14 15:54:26,Closed,MLCC - CAEX 310 con códigos incorrectos,Gustavo Cheng,N/A,N/A,Sin comentarios
5004R000025F29lQAC,00512420,2024-03-14 17:42:13,Closed,AAM - CEKO042 con problemas de pantalla,Gustavo Cheng,N/A,N/A,Sin comentarios
5004R000025F4LfQAK,00512471,2024-03-15 03:47:20,Closed,MLCC - Reportes no muestran información en sus gráficos,Gustavo Cheng,N/A,N/A,Sin comentarios
5004R000025F65OQAS,00512491,2024-03-15 10:30:06,Closed,CNRI - Caex 110 con alerta Bloqueado,Gustavo Cheng,N/A,N/A,Sin comentarios
5004R000025F830QAC,00512519,2024-03-15 14:24:00,Closed,AMCN - Contraseña de MineOps,Gustavo Cheng,N/A,N/A,Sin comentarios
5004R000025F98GQAS,00512532,2024-03-15 16:43:02,Closed,AAM - Pala se asigna automáticamente a polígono equivocado,Gustavo Cheng,N/A,N/A,Sin comentarios
5004R000025F9pPQAS,00512541,2024-03-15 18:42:41,Closed,CNRI - Creación de pala en sistema,Gustavo Cheng,N/A,N/A,Sin comentarios
5004R000025F9t3QAC,00512542,2024-03-15 19:00:44,Closed,AMANT - Revivir Mallas,Gustavo Cheng,N/A,N/A,Sin comentarios
5004R000025FAuxQAG,00512571,2024-03-16 03:00:15,Closed,CNDMH - Mineops presenta lentitud,Gustavo Cheng,N/A,N/A,Sin comentarios
5004R000025FBolQAG,00512588,2024-03-16 11:50:13,Closed,CNN - Sin reportabilidad,Gustavo Cheng,N/A,N/A,Sin comentarios
5004R000025FBrzQAG,00512591,2024-03-16 12:07:12,Closed,CNDMH - Camión 315 con problemas de gps,Gustavo Cheng,N/A,N/A,Sin comentarios
5004R000025FCQyQAO,00512597,2024-03-16 19:22:22,Closed,Monitoreo - CNDMH - Procesos encolados,Gustavo Cheng,N/A,N/A,Sin comentarios
500Qi000007d3baIAA,00512628,2024-03-17 08:37:05,Closed,CNDMH - Jview pegado,Gustavo Cheng,N/A,N/A,Sin comentarios
500Qi000007doKHIAY,00512653,2024-03-17 18:14:48,Closed,CNDMH - Camiones con problemas de gps,Gustavo Cheng,N/A,N/A,Sin comentarios
500Qi000007dnb8IAA,00512654,2024-03-17 18:17:31,Closed,AAM - Camión 47 se cambia solo de asignaciones,Gustavo Cheng,N/A,N/A,Sin comentarios
500Qi000007fVNGIA2,00512743,2024-03-18 11:44:34,Closed,Mantoverde - No aparece información de equipos de carguío modelo Kom PC5500 al consultar períodos correspondientes al 2023.,Yazmin Sanchez,N/A,N/A,Sin comentarios
500Qi000007hNVEIA2,00512804,2024-03-18 19:48:39,Closed,AAM - Dozer con versión antigua,Gustavo Cheng,N/A,N/A,Sin comentarios
500Qi000007hUlDIAU,00512817,2024-03-18 20:59:18,Closed,MLCC - Reportes no muestran datos,Gustavo Cheng,N/A,N/A,Sin comentarios
500Qi000007iwqfIAA,00512865,2024-03-19 09:57:10,Closed,MLCC - Conseguir instalador aplicativo,Gustavo Cheng,N/A,N/A,Sin comentarios
500Qi000007j12LIAQ,00512867,2024-03-19 10:11:20,Closed,CNN - Sumarización de marzo,Gustavo Cheng,N/A,N/A,Sin comentarios
500Qi000007jJ5hIAE,00512875,2024-03-19 11:21:17,Closed,MLCC - No accede a Jview,Gustavo Cheng,N/A,N/A,Sin comentarios
500Qi000007jtAoIAI,00512905,2024-03-19 14:07:24,Closed,AAM - Equipo no levanta con su versión correcta,Gustavo Cheng,N/A,N/A,Sin comentarios
500Qi000007jve5IAA,00512910,2024-03-19 14:54:25,Closed,AMZAL - Problemas al cargar plan anual,Gustavo Cheng,N/A,N/A,Sin comentarios
500Qi000007kPqdIAE,00512932,2024-03-19 17:07:35,Closed,Manto Verde: Migración Servicios MS SQL - JView,Yazmin Sanchez,N/A,N/A,Sin comentarios
500Qi000007p4wnIAA,00513109,2024-03-20 22:09:25,Closed,AMANT - Perforadora D01 pantalla en negro,Claudio Ponce,N/A,N/A,Sin comentarios
500Qi000007pAhGIAU,00513113,2024-03-20 23:55:55,Closed,MLCC - Sin acceso a Jview,Claudio Ponce,N/A,N/A,Sin comentarios
500Qi000007pF93IAE,00513114,2024-03-21 00:02:21,Closed,AMCEN - Señal CF2,Claudio Ponce,N/A,N/A,Sin comentarios
500Qi000007pNHtIAM,00513119,2024-03-21 01:41:32,Closed,AMCEN - Caex 47 pantalla en negro,Claudio Ponce,N/A,N/A,Sin comentarios
500Qi000007pVU0IAM,00513122,2024-03-21 03:38:51,Closed,AMCEN - PA211 sin gps,Claudio Ponce,N/A,N/A,Sin comentarios
500Qi000007pnDxIAI,00513126,2024-03-21 04:52:29,Closed,CNRI - RE: Bloqueo de cámara Caex 110,Claudio Ponce,N/A,N/A,Sin comentarios
500Qi000007pwQvIAI,00513129,2024-03-21 06:27:06,Closed,AMCEN - PE8 sin GPS,Claudio Ponce,N/A,N/A,Sin comentarios
500Qi000007t7o1IAA,00513190,2024-03-21 16:37:45,Closed,AMZAL - RE: Regularizar punto de medida equipos mina,Nelson Donoso,N/A,N/A,Sin comentarios
500Qi000007tfPvIAI,00513219,2024-03-21 20:46:31,Closed,AMCEN - Reiniciar CF233,Claudio Ponce,N/A,N/A,Sin comentarios
500Qi000007teP1IAI,00513221,2024-03-21 21:18:37,Closed,AMCEN - PE3 sin GPS,Claudio Ponce,N/A,N/A,Sin comentarios
500Qi000007tnDsIAI,00513227,2024-03-21 22:37:36,Closed,AMCEN - PA1 pantalla pegada y sin GPS,Claudio Ponce,N/A,N/A,Sin comentarios
500Qi000007xOVJIA2,00513303,2024-03-22 22:17:42,Closed,AMCEN - Asignación automática a petrolera 3,Claudio Ponce,N/A,N/A,Sin comentarios
500Qi000007xw7DIAQ,00513311,2024-03-23 05:35:42,Closed,AMZAL - Perfo 16 con pozos corridos,Claudio Ponce,N/A,N/A,Sin comentarios
500Qi000007xzugIAA,00513312,2024-03-23 05:50:47,Closed,CNRI - RE: Caex 110,Claudio Ponce,N/A,N/A,Sin comentarios
500Qi000007zFR8IAM,00513335,2024-03-23 20:53:30,Closed,AMANT - Pala N°1 no puede ver su poligono asignado,Claudio Ponce,N/A,N/A,Sin comentarios
500Qi000007zRYjIAM,00513340,2024-03-23 23:16:43,Closed,AMCEN - PE3,Claudio Ponce,N/A,N/A,Sin comentarios
500Qi000007zWmwIAE,00513346,2024-03-24 01:04:25,Closed,Monitoreo - CNDMH - procesos sql encolados,Claudio Ponce,N/A,N/A,Sin comentarios
500Qi0000080zQKIAY,00513397,2024-03-24 21:03:36,Closed,AMCEN - CF234 sin gps,Claudio Ponce,N/A,N/A,Sin comentarios
500Qi00000811ITIAY,00513410,2024-03-24 22:36:39,Closed,AMCEN - CF231 sin gps,Claudio Ponce,N/A,N/A,Sin comentarios
500Qi0000081lLHIAY,00513440,2024-03-25 06:23:55,Closed,AMCEN - C134,Claudio Ponce,N/A,N/A,Sin comentarios
500Qi0000084LR5IAM,00513518,2024-03-25 18:10:09,Closed,Mantención Reportabilidad Jview (2 reportes Mant.),Yazmin Sanchez,N/A,N/A,Sin comentarios
500Qi0000084qGOIAY,00513528,2024-03-25 20:56:43,Closed,AMCEN - Lineas de excavación sistema jigsaw,Claudio Ponce,N/A,N/A,Sin comentarios
500Qi0000084UnmIAE,00513529,2024-03-25 21:00:19,Closed,AMCEN - CF2,Claudio Ponce,N/A,N/A,Sin comentarios
500Qi0000084qTHIAY,00513532,2024-03-25 21:13:28,Closed,AMANT - Perforadora D04 sin GPS,Claudio Ponce,N/A,N/A,Sin comentarios
500Qi0000085ceLIAQ,00513545,2024-03-26 04:18:06,Closed,AMCEN - C16,Claudio Ponce,N/A,N/A,Sin comentarios
500Qi0000085jxZIAQ,00513548,2024-03-26 05:19:24,Closed,AMCEN - CF231,Claudio Ponce,N/A,N/A,Sin comentarios
500Qi0000085j6MIAQ,00513549,2024-03-26 05:22:37,Closed,AMCEN - C47,Claudio Ponce,N/A,N/A,Sin comentarios
500Qi0000085m4GIAQ,00513554,2024-03-26 06:23:32,Closed,MLCC - Carga de archivo evacuación por tronadura,Claudio Ponce,N/A,N/A,Sin comentarios
500Qi000008636fIAA,00513561,2024-03-26 08:21:41,Closed,AMZAL - Inconsistencia Jview vs Mineops,Yazmin Sanchez,N/A,N/A,Sin comentarios
500Qi0000088VQFIA2,00513617,2024-03-26 19:44:26,Closed,AMCEN - Pala 26 sistema pegado,Claudio Ponce,N/A,N/A,Sin comentarios
500Qi0000088k7WIAQ,00513631,2024-03-26 22:12:28,Closed,AMCEN - CF231,Claudio Ponce,N/A,N/A,Sin comentarios
500Qi000008Cu0DIAS,00515023,2024-03-27 23:09:41,Closed,AMCEN - Reportabilidad desactualizada,Gustavo Cheng,N/A,N/A,Sin comentarios
500Qi000008D07HIAS,00515042,2024-03-28 00:44:35,Closed,AMCEN - WD06 pegado en sistema,Gustavo Cheng,N/A,N/A,Sin comentarios
500Qi000008DPtdIAG,00515071,2024-03-28 03:48:15,Closed,AMCEN - C47 con problemas de gps,Gustavo Cheng,N/A,N/A,Sin comentarios
500Qi000008DQ3JIAW,00515072,2024-03-28 03:49:10,Closed,AMCEN - C20 con problemas en sensor tonelaje,Gustavo Cheng,N/A,N/A,Sin comentarios
500Qi000008De4hIAC,00515092,2024-03-28 06:28:59,Closed,AMCEN - C32 pegado en sistema,Gustavo Cheng,N/A,N/A,Sin comentarios
500Qi000008DnxZIAS,00515097,2024-03-28 07:38:58,Closed,AMCEN - Pala 1 con problemas en JSPanel,Gustavo Cheng,N/A,N/A,Sin comentarios
500Qi000008GXgAIAW,00515205,2024-03-28 21:18:23,Closed,Monitoreo - CNDMH - Procesos encolados,Gustavo Cheng,N/A,N/A,Sin comentarios
500Qi000008GZOdIAO,00515219,2024-03-28 22:56:10,Closed,AMCEN - Perforadoras con problemas de gps,Gustavo Cheng,N/A,N/A,Sin comentarios
500Qi000008Ge0AIAS,00515222,2024-03-28 23:10:45,Closed,AMCEN - Cargador frontal con problemas de gps,Gustavo Cheng,N/A,N/A,Sin comentarios
500Qi000008Gr2AIAS,00515228,2024-03-29 00:26:39,Closed,AMZAL - Reportabilidad Jview desactualizada,Gustavo Cheng,N/A,N/A,Sin comentarios
500Qi000008HTx3IAG,00515260,2024-03-29 06:50:45,Closed,CNRI - Problemas en alertas de OAS,Gustavo Cheng,N/A,N/A,Sin comentarios
500Qi000008JwQIIA0,00515335,2024-03-29 23:12:19,Closed,AMCEN - Pala con problemas de gps,Gustavo Cheng,N/A,N/A,Sin comentarios
500Qi000008JylRIAS,00515336,2024-03-29 23:51:34,Closed,AMZAL - Generar nueva suscripción de envio de correo,Gustavo Cheng,N/A,N/A,Sin comentarios
500Qi000008K2nSIAS,00515338,2024-03-30 00:46:00,Closed,AMCEN - Pala con problemas de gps,Gustavo Cheng,N/A,N/A,Sin comentarios
500Qi000008K35BIAS,00515339,2024-03-30 00:46:49,Closed,AMCEN - Cargador frontal con problemas de sistema,Gustavo Cheng,N/A,N/A,Sin comentarios
500Qi000008K38PIAS,00515340,2024-03-30 00:48:04,Closed,AMCEN - Perforadora con problemas de gps,Gustavo Cheng,N/A,N/A,Sin comentarios
500Qi000008KDfdIAG,00515344,2024-03-30 03:18:20,Closed,AMCEN - Camiones 36 y 41 con problemas de sistema,Gustavo Cheng,N/A,N/A,Sin comentarios
500Qi000008LLXwIAO,00515382,2024-03-30 18:31:25,Closed,AMZAL - Sumarización marzo,Gustavo Cheng,N/A,N/A,Sin comentarios
500Qi000008LazxIAC,00515388,2024-03-30 20:50:17,Closed,AMCEN - Palas con problemas en JSPanel,Gustavo Cheng,N/A,N/A,Sin comentarios
500Qi000008LZz4IAG,00515389,2024-03-30 20:51:14,Closed,AMCEN - Camión 61 con problemas de gps,Gustavo Cheng,N/A,N/A,Sin comentarios
500Qi000008LcwvIAC,00515391,2024-03-30 21:25:10,Closed,MLCC - Por problema en destino camiones se van a reserva,Gustavo Cheng,N/A,N/A,Sin comentarios
500Qi000008LdPxIAK,00515393,2024-03-30 21:32:20,Closed,AMCEN - Caex 56 no aparece en sistema,Gustavo Cheng,N/A,N/A,Sin comentarios
500Qi000008Li6HIAS,00515398,2024-03-30 22:32:46,Closed,CNCHQ - Consulta sobre asignación automática,Gustavo Cheng,N/A,N/A,Sin comentarios
500Qi000008LmbJIAS,00515401,2024-03-30 23:58:35,Closed,AMCEN - Cargador frontal sin sistema,Gustavo Cheng,N/A,N/A,Sin comentarios
500Qi000008LqtRIAS,00515407,2024-03-31 01:02:23,Closed,CNRI - Alarma OAS incorrecta,Gustavo Cheng,N/A,N/A,Sin comentarios
500Qi000008LqwfIAC,00515408,2024-03-31 01:03:12,Closed,AMCEN - Camión con problema en asignaciones,Gustavo Cheng,N/A,N/A,Sin comentarios
500Qi000008LnlvIAC,00515412,2024-03-31 01:53:37,Closed,AMANT - Perforadoras con problemas de gps,Gustavo Cheng,N/A,N/A,Sin comentarios
500Qi000008M3fQIAS,00515417,2024-03-31 05:27:46,Closed,AMCEN - Camión no muestra tonelaje,Gustavo Cheng,N/A,N/A,Sin comentarios
500Qi000008M88qIAC,00515420,2024-03-31 07:28:33,Closed,Monitoreo - CNDMH - Procesos encolados,Gustavo Cheng,N/A,N/A,Sin comentarios
500Qi000008Mzg9IAC,00515460,2024-03-31 19:56:07,Closed,AMZAL - Revisar día 21 por diferencia de las vueltas,Gustavo Cheng,N/A,N/A,Sin comentarios
500Qi000008N4b0IAC,00515467,2024-03-31 21:54:52,Closed,AMCEN - Camión con sistema constantemente pegado,Gustavo Cheng,N/A,N/A,Sin comentarios
500Qi000008NEIcIAO,00515474,2024-03-31 23:29:41,Closed,AMCEN - Caex 16 sin sistema,Gustavo Cheng,N/A,N/A,Sin comentarios
500Qi000008NJ3lIAG,00515479,2024-04-01 00:29:23,Closed,AMZAL - Sumarización días 28 al 30,Gustavo Cheng,N/A,N/A,Sin comentarios
500Qi000008NM1fIAG,00515487,2024-04-01 01:41:18,Closed,AMCEN - Camión pegado en sistema,Gustavo Cheng,N/A,N/A,Sin comentarios
500Qi000008OJPvIAO,00515543,2024-04-01 10:42:25,Closed,Códigos Detalle Categorías de Tiempo Asarco DSAL,South American Support Q,N/A,N/A,Sin comentarios
500Qi000008QDgCIAW,00515620,2024-04-01 18:40:24,Closed,MLCC - Sumarización marzo 2024 para cierre de mes,Gustavo Cheng,N/A,N/A,Sin comentarios
500Qi000008QTRbIAO,00515638,2024-04-01 20:34:10,Closed,Monitoreo - CNCHQ - Sumarizador encolado,Gustavo Cheng,N/A,N/A,Sin comentarios
500Qi000008Qc55IAC,00515646,2024-04-01 22:05:39,Closed,AMZAL - Sumarización día 31/03,Gustavo Cheng,N/A,N/A,Sin comentarios
500Qi000008QfvmIAC,00515648,2024-04-01 22:44:25,Closed,AMCEN - Camión con problemas en sistema,Gustavo Cheng,N/A,N/A,Sin comentarios
500Qi000008QprvIAC,00515669,2024-04-02 00:47:14,Closed,AMCEN - Camión pegado en sistema,Gustavo Cheng,N/A,N/A,Sin comentarios
500Qi000008URSoIAO,00515796,2024-04-03 00:06:01,Closed,AMZAL - Problemas con bloque 3050,Claudio Ponce,N/A,N/A,Sin comentarios
500Qi000008VmF3IAK,00515853,2024-04-03 10:19:31,Closed,Monitoreo - CNDMH - procesos sql encolados,Claudio Ponce,N/A,N/A,Sin comentarios
500Qi000008VzlpIAC,00515863,2024-04-03 11:45:18,Closed,Monitoreo - MLCC - Sumarizador encolado,Claudio Ponce,N/A,N/A,Sin comentarios
500Qi000008WD2LIAW,00515870,2024-04-03 12:06:56,Closed,CNN - Leyes Acopios mina abril 2024,Claudio Ponce,N/A,N/A,Sin comentarios
500Qi000008W1akIAC,00515872,2024-04-03 12:27:25,Closed,Monitoreo - CNRI - ME sin alarmas ni posicionamiento actualizado,Claudio Ponce,N/A,N/A,Sin comentarios
500Qi000008ZUrRIAW,00515979,2024-04-04 10:30:38,Closed,MLCC - RE: Solicitud de velocidades Caex 2024,Gustavo Cheng,N/A,N/A,Sin comentarios
500Qi000008ZIYaIAO,00515980,2024-04-04 10:32:10,Closed,Monitoreo - CNRI - Pruebas CAS,Claudio Ponce,N/A,N/A,Sin comentarios
500Qi000008ZjdaIAC,00515991,2024-04-04 12:09:07,Closed,MLCC - Equipos no registran las cargas en el sistema,Claudio Ponce,N/A,N/A,Sin comentarios
500Qi000008aJpAIAU,00516021,2024-04-04 14:57:51,Closed,CNN - RE: Importadores,Nelson Donoso,N/A,N/A,Sin comentarios
500Qi000008arQzIAI,00516037,2024-04-04 16:34:53,Closed,AMZAL - Problemas con Horometros,Claudio Ponce,N/A,N/A,Sin comentarios
500Qi000008aiZ5IAI,00516040,2024-04-04 17:03:43,Closed,MLCC - PA211 manda los equipos a reserva,Claudio Ponce,N/A,N/A,Sin comentarios
500Qi000008b0MDIAY,00516041,2024-04-04 17:21:41,Closed,Resumarizar dia 03/04/2024,Claudio Ponce,N/A,N/A,Sin comentarios
500Qi000008bXYHIA2,00516078,2024-04-04 21:03:07,Closed,AMCEN - Problemas con la actualizacion de la reportabilidad,Mauricio Estay,N/A,N/A,Sin comentarios
500Qi000008bXurIAE,00516080,2024-04-04 21:07:10,Closed,AMZAL - Bloques sobrepuestos del 3050 y el 3065,Mauricio Estay,N/A,N/A,Sin comentarios
500Qi000008burSIAQ,00516094,2024-04-05 01:16:04,Closed,AMZAL - Apoyo en la verificación de la conectividad de la perforadora D11,Mauricio Estay,N/A,N/A,Sin comentarios
500Qi000008bubMIAQ,00516096,2024-04-05 01:20:21,Closed,Salvador - Despacho indica que Caex 121 arroja constantemente alarmas en OAS,Mauricio Estay,N/A,N/A,Sin comentarios
500Qi000008c0IXIAY,00516102,2024-04-05 02:26:21,Closed,MLCC - Personal tres60 solicita apoyo en revision de GPS L221,Mauricio Estay,N/A,N/A,Sin comentarios
500Qi000008by8gIAA,00516104,2024-04-05 02:40:24,Closed,AAM -  Despacho solicita mover la PALA05 a la posicion de la tronada 0870F505,Mauricio Estay,N/A,N/A,Sin comentarios
500Qi000008buxuIAA,00516105,2024-04-05 02:46:10,Closed,"CNRI - Despacho solicita verificar sistema OAS de Caex 320, ya que informa que es muy reiterativa la alerta de ojos cerrados",Mauricio Estay,N/A,N/A,Sin comentarios
500Qi000008c25pIAA,00516106,2024-04-05 02:50:19,Closed,AMCEN - Equipos PA4  y CF234 con problemas de señal GPS,Mauricio Estay,N/A,N/A,Sin comentarios
500Qi000008c2SPIAY,00516108,2024-04-05 02:55:01,Closed,AMCEN - Perfo 53 con pantalla pegada y sin GPS,Mauricio Estay,N/A,N/A,Sin comentarios
500Qi000008c1XyIAI,00516109,2024-04-05 03:03:12,Closed,AAM - Despacho solicita mover la PALA03 a la posicion de la tronada 0825V505,Mauricio Estay,N/A,N/A,Sin comentarios
500Qi000008bszMIAQ,00516110,2024-04-05 03:07:59,Closed,"Monitoreo - MLCC - Consultas pegadas, elevado uso de CPU",Mauricio Estay,N/A,N/A,Sin comentarios
500Qi000008cR2hIAE,00516117,2024-04-05 06:27:01,Closed,CNRI - Sistema de Caex 321 con constantes alarmas e incluso alertas de velocidad,South American Support Q,N/A,N/A,Sin comentarios
500Qi000008cqQnIAI,00516129,2024-04-05 09:28:00,Closed,Monitoreo - AMCEN - shift state no se esta replicando,Claudio Ponce,N/A,N/A,Sin comentarios
500Qi000008dFp3IAE,00516150,2024-04-05 11:57:48,Closed,Monitoreo - MLCC - Sumarizador encolado,Claudio Ponce,N/A,N/A,Sin comentarios
500Qi000008dZfgIAE,00516173,2024-04-05 13:08:00,Closed,MLCC - % de cobertura palas,Claudio Ponce,N/A,N/A,Sin comentarios
500Qi000008eg7EIAQ,00516232,2024-04-05 19:25:56,Closed,AMZAL - Problemas con bloque 3050,Claudio Ponce,N/A,N/A,Sin comentarios
500Qi000008f434IAA,00516248,2024-04-05 23:00:17,Closed,Monitoreo - MAGSA - Consultas postgres en estado Idle,Mauricio Estay,N/A,N/A,Sin comentarios
500Qi000008ezrQIAQ,00516250,2024-04-05 23:27:33,Closed,CNRI - Camion 101 con muchas alertas en el sistema OAS,Mauricio Estay,N/A,N/A,Sin comentarios
500Qi000008fDvxIAE,00516256,2024-04-06 01:28:22,Closed,CNRT - Tecnico solicita el reinicio del equipo R06,Mauricio Estay,N/A,N/A,Sin comentarios
500Qi000008fjFuIAI,00516269,2024-04-06 09:09:12,Closed,AMZAL - Ingreso Bull a flota,Claudio Ponce,N/A,N/A,Sin comentarios
500Qi000008fqUHIAY,00516272,2024-04-06 09:57:15,Closed,CNDMH - C347 sin señal,Claudio Ponce,N/A,N/A,Sin comentarios
500Qi000008fmlfIAA,00516273,2024-04-06 10:21:07,Closed,AMZAL - L13 pegado en el mapa,Claudio Ponce,N/A,N/A,Sin comentarios
500Qi000008flxeIAA,00516274,2024-04-06 10:27:19,Closed,AMZAL - Pruebas de mensajes personalizados,Gustavo Cheng,N/A,N/A,Sin comentarios
500Qi000008fxtxIAA,00516275,2024-04-06 11:06:19,Closed,CNRT - C954 sin conexion,Claudio Ponce,N/A,N/A,Sin comentarios
500Qi000008fzZBIAY,00516277,2024-04-06 11:25:38,Closed,CNDMH - Sin sistema mineops,Claudio Ponce,N/A,N/A,Sin comentarios
500Qi000008g03qIAA,00516278,2024-04-06 11:54:02,Closed,CNCHUQ - Apoyo polígono Stock M1,Claudio Ponce,N/A,N/A,Sin comentarios
500Qi000008gVHJIA2,00516290,2024-04-06 17:28:50,Closed,CNCHUQ - C159 sin comunicacion,Claudio Ponce,N/A,N/A,Sin comentarios
500Qi000008gWIFIA2,00516291,2024-04-06 17:46:33,Closed,CNCHUQ - Solicitud apoyo para cargar polígonos,Claudio Ponce,N/A,N/A,Sin comentarios
500Qi000008gb8KIAQ,00516295,2024-04-06 20:47:48,Closed,CNDMH - Jview sin datos actualizados,Mauricio Estay,N/A,N/A,Sin comentarios
500Qi000008gjXBIAY,00516297,2024-04-06 20:49:56,Closed,MLCC - No se estan cargando los bloques y mallas desde el importador,Mauricio Estay,N/A,N/A,Sin comentarios
500Qi000008gl4LIAQ,00516301,2024-04-06 21:14:30,Closed,AMCEN - Reporte de excesos de velocidades no se encuentra actualizando datos,Mauricio Estay,N/A,N/A,Sin comentarios
500Qi000008hCEDIA2,00516315,2024-04-07 02:48:16,Closed,AMCEN - Problemas de posicionamiento GPS de camion 36,Mauricio Estay,N/A,N/A,Sin comentarios
500Qi000008hO45IAE,00516319,2024-04-07 05:33:40,Closed,AMCEN - Pala no registra carga de los camiones y deben agregarlas manualmente.,Mauricio Estay,N/A,N/A,Sin comentarios
500Qi000008hWzJIAU,00516322,2024-04-07 08:17:29,Closed,CNDMH - C308 sin señal,Claudio Ponce,N/A,N/A,Sin comentarios
500Qi000008hYEjIAM,00516326,2024-04-07 08:37:16,Closed,Monitoreo - CNDMH - Revision de ME por cambio de hora,Claudio Ponce,N/A,N/A,Sin comentarios
500Qi000008hfOJIAY,00516333,2024-04-07 10:18:10,Closed,CNRT - mallas no cargan al sistema,Claudio Ponce,N/A,N/A,Sin comentarios
500Qi000008hfpiIAA,00516336,2024-04-07 11:32:05,Closed,AMCEN - Desviación reportabilidad KPIS equipos de carguío,Claudio Ponce,N/A,N/A,Sin comentarios
500Qi000008hkqzIAA,00516338,2024-04-07 11:35:40,Closed,AMANT - Pala 1 no ve la linea del Hazzard,Claudio Ponce,N/A,N/A,Sin comentarios
500Qi000008hkvpIAA,00516339,2024-04-07 11:36:47,Closed,Monitoreo - CNRT - Revision ME por cambio de hora,Claudio Ponce,N/A,N/A,Sin comentarios
500Qi000008hRegIAE,00516344,2024-04-07 12:57:52,Closed,Monitoreo - CNMS - Revision de ME,Claudio Ponce,N/A,N/A,Sin comentarios
500Qi000008hsWnIAI,00516346,2024-04-07 13:21:56,Closed,Monitoreo - CNCHUQ - Revision de ME,Claudio Ponce,N/A,N/A,Sin comentarios
500Qi000008hserIAA,00516347,2024-04-07 13:23:14,Closed,CNDMH - Perforadora 106,Claudio Ponce,N/A,N/A,Sin comentarios
500Qi000008i1gZIAQ,00516352,2024-04-07 15:54:52,Closed,CNCHUQ - Polígonos DCH 07 Abril,Claudio Ponce,N/A,N/A,Sin comentarios
500Qi000008i4ePIAQ,00516361,2024-04-07 16:20:57,Closed,CNDMH - C108 sin señal,Gustavo Cheng,N/A,N/A,Sin comentarios
500Qi000008i5NZIAY,00516362,2024-04-07 16:30:47,Closed,CNCHUQ - CAEX 510,Claudio Ponce,N/A,N/A,Sin comentarios
500Qi000008iOjZIAU,00516396,2024-04-07 21:16:57,Closed,AMZAL - Pala S04 no visualiza los bloques,Mauricio Estay,N/A,N/A,Sin comentarios
500Qi000008iP7mIAE,00516409,2024-04-07 22:52:57,Closed,Monitoreo - MLCC - Procesos de sumarizador pegadas,Mauricio Estay,N/A,N/A,Sin comentarios
500Qi000008ilWUIAY,00516428,2024-04-08 03:01:44,Closed,AMCEN - Perforadora 53 con pantalla pegada,Mauricio Estay,N/A,N/A,Sin comentarios
500Qi000008iuUvIAI,00516429,2024-04-08 03:15:26,Closed,AMCEN - Reportabilidad CAS no actualiza datos,Mauricio Estay,N/A,N/A,Sin comentarios
500Qi000008jDKfIAM,00516445,2024-04-08 06:37:09,Closed,AMCEN - Solicitan revisar reporte Resumen Ejecutivo Mina ya que no actualiza datos,Mauricio Estay,N/A,N/A,Sin comentarios
500Qi000008jWQXIA2,00516468,2024-04-08 08:59:20,Closed,AMZAL - Reporte Hora-Hora,Claudio Ponce,N/A,N/A,Sin comentarios
500Qi000008k8KZIAY,00516494,2024-04-08 12:00:36,Closed,CNN - Sumarizacion de Abril,Claudio Ponce,N/A,N/A,Sin comentarios
500Qi000008ktcrIAA,00516538,2024-04-08 15:57:59,Closed,Instalación de Replica Base de Datos para App CAS - DCH,Mauricio Estay,N/A,N/A,Sin comentarios
500Qi000008m9lxIAA,00516576,2024-04-09 00:35:02,Closed,CNDMH - Despacho solicita apoyo para recuperar botadero BN-CHUQUI borrado,Mauricio Estay,N/A,N/A,Sin comentarios
500Qi000008mXgEIAU,00516591,2024-04-09 04:24:20,Closed,CNCHUQ - Pala 200 no aparece en JPLRutas,Mauricio Estay,N/A,N/A,Sin comentarios
500Qi000008mcfuIAA,00516594,2024-04-09 04:53:42,Closed,CNRT - EXC-612 sin comunicación,Mauricio Estay,N/A,N/A,Sin comentarios
500Qi000008mWXGIA2,00516595,2024-04-09 05:11:00,Closed,CNRT - Tecnico informa que equipo R06 se encuentra con la pantallla pegada,Mauricio Estay,N/A,N/A,Sin comentarios
500Qi000008msvxIAA,00516600,2024-04-09 07:19:42,Closed,"AMCEN - Problemas con señal de C43, no muestra posicionamiento",Mauricio Estay,N/A,N/A,Sin comentarios
500Qi000008mlZZIAY,00516601,2024-04-09 07:23:52,Closed,"AMCEN - Se solicita revisar Señal PE53, sin señal satelital.",Mauricio Estay,N/A,N/A,Sin comentarios
500Qi000008n7i5IAA,00516614,2024-04-09 08:55:32,Closed,AMANT - MineEnterprise caída - Antucoya,Claudio Ponce,N/A,N/A,Sin comentarios
500Qi000008mTCqIAM,00516618,2024-04-09 09:14:00,Closed,Monitoreo - MLCC - Procesos sql encolados,Claudio Ponce,N/A,N/A,Sin comentarios
500Qi000008nF7qIAE,00516628,2024-04-09 10:12:28,Closed,CNRT - Comunicacion servicio Flanders,Gustavo Cheng,N/A,N/A,Sin comentarios
500Qi000008nwpZIAQ,00516655,2024-04-09 13:07:43,Closed,CNCHUQ - Modificacion del SAMBA,Claudio Ponce,N/A,N/A,Sin comentarios
500Qi000008oDiFIAU,00516660,2024-04-09 13:30:28,Closed,MLCC - RV: ERROR JVIEW  // INC000011839597,Claudio Ponce,N/A,N/A,Sin comentarios
500Qi000008oUBGIA2,00516671,2024-04-09 14:53:31,Closed,AAM - Implementacion de CheckList Encuesta Frente de Carguio,Nelson Donoso,N/A,N/A,Sin comentarios
500Qi000008ozBnIAI,00516686,2024-04-09 18:09:13,Closed,Mantoverde - Sumarización marzo 2024,Mauricio Estay,N/A,N/A,Sin comentarios
500Qi000008pGhFIAU,00516692,2024-04-09 19:18:42,Closed,AMZAL - Fwd: Bloque B3050 fase 8,Claudio Ponce,N/A,N/A,Sin comentarios
500Qi000008pW66IAE,00516709,2024-04-09 22:18:10,Closed,"MLCC - Stock_S_1 no admite la asignación de camiones, teniendo bien configurado el material",Mauricio Estay,N/A,N/A,Sin comentarios
500Qi000008qLYQIA2,00516726,2024-04-10 05:57:02,Closed,MLCC - Reporteabilidad no actualiza datos,Mauricio Estay,N/A,N/A,Sin comentarios
500Qi000008r36TIAQ,00516752,2024-04-10 11:28:54,Closed,MLCC - Cálculo de utilización efectiva,Gustavo Cheng,N/A,N/A,Sin comentarios
500Qi000008rV4HIAU,00516756,2024-04-10 11:55:49,Closed,AAM - Revision Reporte Gerencial,Yazmin Sanchez,N/A,N/A,Sin comentarios
500Qi000008rzyRIAQ,00516770,2024-04-10 14:36:26,Closed,MLCC - Perforadora con problemas de gps,Gustavo Cheng,N/A,N/A,Sin comentarios
500Qi000008sVlNIAU,00516774,2024-04-10 16:17:48,Closed,AMZAL - Camión no informa alarmas por exceso de velocidad,Gustavo Cheng,N/A,N/A,Sin comentarios
500Qi000008uP7BIAU,00516856,2024-04-11 08:21:26,Closed,CNDMH - Jview no visualiza reportes,Gustavo Cheng,N/A,N/A,Sin comentarios
500Qi000008vhi0IAA,00516911,2024-04-11 14:30:23,Closed,MLCC - Manual para trabajar dinámicamente,Gustavo Cheng,N/A,N/A,Sin comentarios
500Qi000008vfpsIAA,00516913,2024-04-11 14:31:43,Closed,MLCC - Frontal con problemas de gps,Gustavo Cheng,N/A,N/A,Sin comentarios
500Qi000008vgCSIAY,00516914,2024-04-11 14:33:31,Closed,AAS - Días con horas incorrecta,Gustavo Cheng,N/A,N/A,Sin comentarios
500Qi000008w9SxIAI,00516922,2024-04-11 15:30:07,Closed,CNRT - Importador pegado,Gustavo Cheng,N/A,N/A,Sin comentarios
500Qi000008yMaXIAU,00517126,2024-04-12 09:33:08,Closed,CNDMH - Pala 206 con problemas de gps,Gustavo Cheng,N/A,N/A,Sin comentarios
500Qi000008yIYaIAM,00517127,2024-04-12 09:45:17,Closed,LB - Mine Enterprise desactualizado,Gustavo Cheng,N/A,N/A,Sin comentarios
500Qi000008ybGDIAY,00517139,2024-04-12 10:39:34,Closed,CNDMH - Perforadora con pantalla pegada,Gustavo Cheng,N/A,N/A,Sin comentarios
500Qi000008zjbbIAA,00517175,2024-04-12 19:22:35,Closed,MLCC - Importador Modelo Bloques pegado,Gustavo Cheng,N/A,N/A,Sin comentarios
500Qi0000091n6LIAQ,00517203,2024-04-13 15:05:11,Closed,AMCEN - Diferencia entre reportabilidad y mineops,Gustavo Cheng,N/A,N/A,Sin comentarios
500Qi0000091wT1IAI,00517213,2024-04-13 18:57:43,Closed,AMCEN - Camión con problemas de sistema,Gustavo Cheng,N/A,N/A,Sin comentarios
500Qi0000092ym7IAA,00517245,2024-04-14 10:21:54,Closed,AMCEN - Sumarización manual,Gustavo Cheng,N/A,N/A,Sin comentarios
500Qi00000930ccIAA,00517249,2024-04-14 11:55:28,Closed,AMCEN - Stocks sin opciones,Gustavo Cheng,N/A,N/A,Sin comentarios
500Qi0000093O0cIAE,00517265,2024-04-14 16:06:13,Closed,CNDMH - Revisión de servidor,Gustavo Cheng,N/A,N/A,Sin comentarios
500Qi0000095xzxIAA,00517397,2024-04-15 13:06:35,Closed,AAM - Reportes desactualizados,Gustavo Cheng,N/A,N/A,Sin comentarios
500Qi0000096F8tIAE,00517411,2024-04-15 15:26:19,Closed,CNN - Conciliación Mina / Mantenimiento - Resumarización jigsaw  - Semana 15,Gustavo Cheng,N/A,N/A,Sin comentarios
500Qi0000096UpVIAU,00517414,2024-04-15 15:53:12,Closed,CNDMH - Camión sin sistema,Gustavo Cheng,N/A,N/A,Sin comentarios
500Qi00000978msIAA,00517440,2024-04-15 19:15:57,Closed,AAM - Cargador Frontal con problemas,Gustavo Cheng,N/A,N/A,Sin comentarios
500Qi0000098qdlIAA,00517508,2024-04-16 09:43:29,Closed,AAM - Actualizar versión en dispositivo TOCA006,Gustavo Cheng,N/A,N/A,Sin comentarios
500Qi000009Ey3xIAC,00517735,2024-04-17 22:22:02,Closed,AMZAL - Pala N°2 no ve lo que carga,Claudio Ponce,N/A,N/A,Sin comentarios
500Qi000009F0TyIAK,00517752,2024-04-18 00:59:36,Closed,AMCEN - CF233 sin gps,Claudio Ponce,N/A,N/A,Sin comentarios
500Qi000009F8BOIA0,00517753,2024-04-18 01:17:54,Closed,Monitoreo - AMCEN - Sumarizador encolado,Claudio Ponce,N/A,N/A,Sin comentarios
500Qi000009FmdSIAS,00517772,2024-04-18 06:39:26,Closed,CNDMH - Sin reportabilidad,Claudio Ponce,N/A,N/A,Sin comentarios
500Qi000009IebJIAS,00517881,2024-04-18 21:31:06,Closed,Monitoreo - AMCEN - Sumarizador encolado,Claudio Ponce,N/A,N/A,Sin comentarios
500Qi000009IerTIAS,00517885,2024-04-18 22:56:35,Closed,AMCEN -  Acceso a la información de los cubos del 18-04TB,Claudio Ponce,N/A,N/A,Sin comentarios
500Qi000009Ihm8IAC,00517886,2024-04-18 23:03:04,Closed,Monitoreo - MLCC - Sumarizador encolado,Claudio Ponce,N/A,N/A,Sin comentarios
500Qi000009IjnuIAC,00517887,2024-04-18 23:06:11,Closed,Monitoreo - MAGSA - Procesos sql,Claudio Ponce,N/A,N/A,Sin comentarios
500Qi000009Ize9IAC,00517900,2024-04-19 01:27:57,Closed,Monitoreo - MLCC - SQL encolado,Claudio Ponce,N/A,N/A,Sin comentarios
500Qi000009J1zJIAS,00517901,2024-04-19 01:53:21,Closed,CNCHUQ - Destino no aparece en el PLRutas,Claudio Ponce,N/A,N/A,Sin comentarios
500Qi000009J22XIAS,00517902,2024-04-19 01:54:22,Closed,AMZAL - Perforadora 15 muestra su simbolo de red en gris,Claudio Ponce,N/A,N/A,Sin comentarios
500Qi000009M3zoIAC,00517994,2024-04-19 22:09:15,Closed,AMCEN -  Problemas reportabilidad de los rendimientos.,Claudio Ponce,N/A,N/A,Sin comentarios
500Qi000009MDUTIA4,00517998,2024-04-19 23:02:47,Closed,AMCEN -  Solicitud de Revisar pantalla PA1,Claudio Ponce,N/A,N/A,Sin comentarios
500Qi000009MsUPIA0,00518013,2024-04-20 07:47:36,Closed,Monitoreo - AMANT - procesos sql encolados,Claudio Ponce,N/A,N/A,Sin comentarios
500Qi000009NrJOIA0,00518035,2024-04-20 21:03:48,Closed,AMCEN -  Solicitud de revision señal Satelital de PE4,Claudio Ponce,N/A,N/A,Sin comentarios
500Qi000009O0ePIAS,00518038,2024-04-20 23:17:06,Closed,AMANT - Perforadora D02 sin GPs,Claudio Ponce,N/A,N/A,Sin comentarios
500Qi000009OAlpIAG,00518041,2024-04-21 01:47:31,Closed,AMCEN -  Problemas reportabilidad de los rendimientos.,Claudio Ponce,N/A,N/A,Sin comentarios
500Qi000009OCXWIA4,00518043,2024-04-21 02:12:38,Closed,AMCEN -  Solicitud de revision señal Satelital de PA7,Claudio Ponce,N/A,N/A,Sin comentarios
500Qi000009O26kIAC,00518047,2024-04-21 03:55:25,Closed,CNCHUQ - Perfo 317 no levanta el JAMS,Claudio Ponce,N/A,N/A,Sin comentarios
500Qi000009OS1BIAW,00518050,2024-04-21 05:59:23,Closed,Monitoreo - MLCC - SQL encolado,Claudio Ponce,N/A,N/A,Sin comentarios
500Qi000009OP9nIAG,00518051,2024-04-21 06:03:09,Closed,AMCEN -  Solicitud de revision CF234,Claudio Ponce,N/A,N/A,Sin comentarios
500Qi000009PQRzIAO,00518122,2024-04-21 21:30:29,Closed,AMCEN -  Pala N°2 con el sistema pegado,Claudio Ponce,N/A,N/A,Sin comentarios
500Qi000009PW17IAG,00518123,2024-04-21 21:54:34,Closed,Monitoreo - MLCC - Sumarizador encolado,Claudio Ponce,N/A,N/A,Sin comentarios
500Qi000009Pz38IAC,00518142,2024-04-22 03:55:04,Closed,"CNRI - CAEX 113, 114 y 106",Claudio Ponce,N/A,N/A,Sin comentarios
500Qi000009TAwTIAW,00518263,2024-04-22 20:57:20,Closed,AMCEN -  Solicitud de revision CF231,Claudio Ponce,N/A,N/A,Sin comentarios
500Qi000009TBpJIAW,00518266,2024-04-22 21:04:32,Closed,Mantoverde - Revisión de configuración de red ultimo Setup,Claudio Ponce,N/A,N/A,Sin comentarios
500Qi000009T4zAIAS,00518267,2024-04-22 21:06:53,Closed,Mantoverde - Setup para compatibilidad con SmarScreen,Claudio Ponce,N/A,N/A,Sin comentarios
500Qi000009TOZdIAO,00518281,2024-04-22 23:18:42,Closed,Monitoreo - MLCC - Sumarizador encolado,Claudio Ponce,N/A,N/A,Sin comentarios
500Qi000009TNH4IAO,00518287,2024-04-22 23:49:29,Closed,AMCEN -  Solicitud de revision C134,Claudio Ponce,N/A,N/A,Sin comentarios
500Qi000009V87TIAS,00518361,2024-04-23 11:44:05,Closed,MLCC - Eliminación Mallas,Ricardo Rubio,N/A,N/A,Sin comentarios
500Qi000009VYMoIAO,00518372,2024-04-23 13:07:08,Closed,CAPCNN - Sumarizacion,Ricardo Rubio,N/A,N/A,Sin comentarios
500Qi000009WSH4IAO,00518423,2024-04-23 18:12:27,Closed,Factibilidad Reporte Diario Jigsaw,Yazmin Sanchez,N/A,N/A,Sin comentarios
500Qi000009WpAHIA0,00518431,2024-04-23 19:38:05,Closed,MLCC - Consulta equipos viajando vacio,Claudio Ponce,N/A,N/A,Sin comentarios
500Qi000009X2vVIAS,00518444,2024-04-23 22:08:18,Closed,CNRT - Perforadoras nuevas sin codigos de demora,Claudio Ponce,N/A,N/A,Sin comentarios
500Qi000009X4FlIAK,00518447,2024-04-23 22:26:46,Closed,AMCEN -  Consulta tormentas solares,Claudio Ponce,N/A,N/A,Sin comentarios
500Qi000009X4NpIAK,00518448,2024-04-23 22:29:06,Closed,AMANT - Sin reportabilidad Jview,Claudio Ponce,N/A,N/A,Sin comentarios
500Qi000009X83HIAS,00518455,2024-04-23 23:21:00,Closed,Monitoreo - MAGSA - Procesos sql,Claudio Ponce,N/A,N/A,Sin comentarios
500Qi000009XGiLIAW,00518461,2024-04-24 00:48:53,Closed,AMCEN -  Solicitud de revision CF234 y PE06,Claudio Ponce,N/A,N/A,Sin comentarios
500Qi000009XXEYIA4,00518471,2024-04-24 03:32:43,Closed,Monitoreo - MLCC - Sumarizador encolado,Claudio Ponce,N/A,N/A,Sin comentarios
500Qi000009XqSWIA0,00518490,2024-04-24 06:35:20,Closed,MLCC - Lentitud de reportes Jview,Claudio Ponce,N/A,N/A,Sin comentarios
500Qi000009YMCGIA4,00518524,2024-04-24 10:38:52,Closed,Revisión Macro Informe Gestión (Distancia equivalente),Yazmin Sanchez,N/A,N/A,Sin comentarios
500Qi000009YCT2IAO,00518526,2024-04-24 10:42:55,Closed,AMANT - Unable to open vnc to more than one field equipment,Armando Mestanza,N/A,N/A,Sin comentarios
500Qi000009aqR7IAI,00518604,2024-04-25 00:34:55,Closed,AMCEN - CAEX 16 pegado en sistema,Gustavo Cheng,N/A,N/A,Sin comentarios
500Qi000009arILIAY,00518608,2024-04-25 00:48:39,Closed,AMCEN - Caex no conversa niveles de combustible,Gustavo Cheng,N/A,N/A,Sin comentarios
500Qi000009b9WzIAI,00518612,2024-04-25 03:04:00,Closed,AMCEN - Cargador frontal con problemas de sistema,Gustavo Cheng,N/A,N/A,Sin comentarios
500Qi000009bBIiIAM,00518615,2024-04-25 04:00:15,Closed,AMCEN - Caex con problemas de sistema,Gustavo Cheng,N/A,N/A,Sin comentarios
500Qi000009b9SDIAY,00518617,2024-04-25 04:23:00,Closed,AMCEN - Caex sin sistema,Gustavo Cheng,N/A,N/A,Sin comentarios
500Qi000009bHKuIAM,00518622,2024-04-25 06:51:21,Closed,AMCEN - Niveles de combustible incorrecto en camión,Gustavo Cheng,N/A,N/A,Sin comentarios
500Qi000009ccNFIAY,00518655,2024-04-25 11:52:13,Closed,Problemas al navegar en proyectos HPGPS en Bull455,South American Support Q,N/A,N/A,Sin comentarios
500Qi000009eUv4IAE,00518746,2024-04-25 23:52:54,Closed,AMCEN - Camión con pantalla inestable,Gustavo Cheng,N/A,N/A,Sin comentarios
500Qi000009eVpVIAU,00518747,2024-04-25 23:54:07,Closed,AMCEN - Perforadora con problemas de señal,Gustavo Cheng,N/A,N/A,Sin comentarios
500Qi000009eW41IAE,00518748,2024-04-25 23:56:37,Closed,AMCEN - Caex 40 no muestra correctamente nivel de combustible,Gustavo Cheng,N/A,N/A,Sin comentarios
500Qi000009f1uFIAQ,00518765,2024-04-26 05:38:14,Closed,AMCEN - Caex 42 con problemas de sistema,Gustavo Cheng,N/A,N/A,Sin comentarios
500Qi000009iCI8IAM,00518886,2024-04-26 19:26:39,Closed,Mantoverde - Cargador frontal tiene cargada versión antigua,Gustavo Cheng,N/A,N/A,Sin comentarios
500Qi000009ion7IAA,00518901,2024-04-27 02:08:32,Closed,AMCEN - Reportabilidad pegada,Gustavo Cheng,N/A,N/A,Sin comentarios
500Qi000009jANrIAM,00518914,2024-04-27 06:04:45,Closed,AMCEN - Camiones pegados en sector esperanza sur,Gustavo Cheng,N/A,N/A,Sin comentarios
500Qi000009kU4LIAU,00518976,2024-04-27 21:23:07,Closed,CNCHQ - Conteo de vueltas desde comienzo,Gustavo Cheng,N/A,N/A,Sin comentarios
500Qi000009l7byIAA,00519008,2024-04-28 07:07:44,Closed,AMCEN - Caex con problema en cambio de actividades,Gustavo Cheng,N/A,N/A,Sin comentarios
500Qi000009l83OIAQ,00519009,2024-04-28 07:09:26,Closed,AMCEN - Camión con problemas en cambio de estado,Gustavo Cheng,N/A,N/A,Sin comentarios
500Qi000009m84aIAA,00519076,2024-04-28 22:55:53,Closed,AMCEN - Pala con problemas de gps,Gustavo Cheng,N/A,N/A,Sin comentarios
500Qi000009mErVIAU,00519081,2024-04-28 23:11:08,Closed,AMCEN - Camión con problemas de gps,Gustavo Cheng,N/A,N/A,Sin comentarios
500Qi000009mG6vIAE,00519084,2024-04-28 23:34:20,Closed,Monitoreo - CNDMH - Procesos encolados,Gustavo Cheng,N/A,N/A,Sin comentarios
500Qi000009mHe6IAE,00519085,2024-04-29 00:03:18,Closed,AMCEN - Caex con problemas de posicionamiento,Gustavo Cheng,N/A,N/A,Sin comentarios
500Qi000009mdI3IAI,00519111,2024-04-29 04:41:03,Closed,AMCEN - Camión sin sistema,Gustavo Cheng,N/A,N/A,Sin comentarios
500Qi000009mtbJIAQ,00519119,2024-04-29 06:02:56,Closed,AMCEN - Caex con problemas en sistema,Gustavo Cheng,N/A,N/A,Sin comentarios
500Qi000009o9uBIAQ,00519168,2024-04-29 13:08:48,Closed,CNRI - Problema CE114,Ricardo Rubio,N/A,N/A,Sin comentarios
500Qi000009pV58IAE,00519221,2024-04-29 18:49:17,Closed,Monitoreo - CNDMH - Alto consumo CPU,Gustavo Cheng,N/A,N/A,Sin comentarios
500Qi000009pOZSIA2,00519227,2024-04-29 19:23:30,Closed,MLCC - Revisión de importador,Gustavo Cheng,N/A,N/A,Sin comentarios
500Qi000009pqllIAA,00519242,2024-04-29 21:59:52,Closed,AMCEN - Pala no cambia de estados,Gustavo Cheng,N/A,N/A,Sin comentarios
500Qi000009psduIAA,00519250,2024-04-29 23:08:03,Closed,Monitoreo  - CNDMH - Procesos encolados,Gustavo Cheng,N/A,N/A,Sin comentarios
500Qi000009pxH1IAI,00519253,2024-04-29 23:43:14,Closed,AMZAL - Problemas de visualización líneas de borde,Gustavo Cheng,N/A,N/A,Sin comentarios
500Qi000009q7oFIAQ,00519277,2024-04-30 02:47:52,Closed,AMCEN - Camión con ubicación incorrecta,Gustavo Cheng,N/A,N/A,Sin comentarios
500Qi000009sPXLIA2,00519363,2024-04-30 14:02:50,Closed,Mantoverde - Revisar registro de equipo sin estado,Claudio Ponce,N/A,N/A,Sin comentarios
500Qi000009tJzPIAU,00519404,2024-04-30 18:25:32,Closed,AMZAL - Egreso y ingreso equipos Planta ( Sólo nivel de Software),Claudio Ponce,N/A,N/A,Sin comentarios
500Qi000009tXPbIAM,00519425,2024-04-30 20:58:03,Closed,AMZAL - Equipos de carguío no visualizan todos los dibujos,Gustavo Cheng,N/A,N/A,Sin comentarios
500Qi000009tmbVIAQ,00519427,2024-04-30 21:25:32,Closed,AMZAL - Cargador frontal no visualiza otros elementos en pantalla,Gustavo Cheng,N/A,N/A,Sin comentarios
500Qi000009tiRTIAY,00519430,2024-04-30 22:00:11,Closed,CNDMH - Perforadora sin reasons,Gustavo Cheng,N/A,N/A,Sin comentarios
500Qi000009tmhyIAA,00519435,2024-04-30 22:19:14,Closed,CNDMH - Agregar todas las flotas de Bull a reason,Gustavo Cheng,N/A,N/A,Sin comentarios
500Qi000009tnXbIAI,00519436,2024-04-30 22:25:04,Closed,AMCEN - Caex no marca tonelaje,Gustavo Cheng,N/A,N/A,Sin comentarios
500Qi000009uXwzIAE,00519457,2024-05-01 05:31:08,Closed,AMCEN - Reportabilidad de palas por hora desactualizada,Gustavo Cheng,N/A,N/A,Sin comentarios
500Qi000009vEHBIA2,00519472,2024-05-01 09:59:29,Closed,Monitoreo - AMCEN -  Sumarizador por cron y servicio,Claudio Ponce,N/A,N/A,Sin comentarios
500Qi000009wfs6IAA,00519517,2024-05-01 17:30:52,Closed,MLCC - Eliminar plan mensual mal cargado,Claudio Ponce,N/A,N/A,Sin comentarios
500Qi000009wtv1IAA,00519519,2024-05-01 17:32:04,Closed,AMZAL - Sumarizacion mes abril 01 al 30.,Claudio Ponce,N/A,N/A,Sin comentarios
500Qi000009yMznIAE,00519577,2024-05-02 08:17:59,Closed,AMZAL - Caída estación base,Claudio Ponce,N/A,N/A,Sin comentarios
500Qi000009yTmjIAE,00519584,2024-05-02 08:46:36,Closed,CNDMH - Calibracion de perforadora,Nelson Donoso,N/A,N/A,Sin comentarios
500Qi000009zHq3IAE,00519613,2024-05-02 12:36:13,Closed,AMANT - Bloqueo usuario JSBIAdmin,Nelson Donoso,N/A,N/A,Sin comentarios
500Qi000009zS3pIAE,00519615,2024-05-02 12:53:13,Closed,AMCEN - Datos SPLIT,Ricardo Rubio,N/A,N/A,Sin comentarios
500Qi000009z9HQIAY,00519616,2024-05-02 12:55:24,Closed,CNCHUQ - Perfo 365 sin VNC,Claudio Ponce,N/A,N/A,Sin comentarios
500Qi000009zJewIAE,00519626,2024-05-02 13:24:50,Closed,CNN - Leyes Acopios mina Mayo 2024,Claudio Ponce,N/A,N/A,Sin comentarios
500Qi00000A0AXwIAN,00519652,2024-05-02 16:18:34,Closed,CNDMH - Pala 202 sin comunicación,Claudio Ponce,N/A,N/A,Sin comentarios
500Qi00000A0cCSIAZ,00519662,2024-05-02 19:02:53,Closed,AMZAL - Incongruencia tiempos S04,Claudio Ponce,N/A,N/A,Sin comentarios
500Qi00000A2N1BIAV,00519724,2024-05-03 09:43:59,Closed,Bitácora Caex ultima versión,South American Support Q,N/A,N/A,Sin comentarios
500Qi00000A2VEuIAN,00519731,2024-05-03 10:35:53,Closed,AMZAL - Sumarizacion mes abril 01 al 30.,Claudio Ponce,N/A,N/A,Sin comentarios
500Qi00000A2WMFIA3,00519732,2024-05-03 10:43:55,Closed,CNN - Cambios Abril,Claudio Ponce,N/A,N/A,Sin comentarios
500Qi00000A2pANIAZ,00519754,2024-05-03 12:27:07,Closed,MLCC - carga de archivo DXF plano mina topográfico a sistema CAS,Claudio Ponce,N/A,N/A,Sin comentarios
500Qi00000A42DcIAJ,00519786,2024-05-03 18:48:56,Closed,CNDMH - Pala 11 y 5 aparecen en blanco,Claudio Ponce,N/A,N/A,Sin comentarios
500Qi00000A5IMjIAN,00519828,2024-05-04 08:50:14,Closed,Monitoreo - CNDMH - Procesos sql encolados,Claudio Ponce,N/A,N/A,Sin comentarios
500Qi00000A5KoMIAV,00519830,2024-05-04 09:54:35,Closed,AMCEN -  SEÑAL PA1,Claudio Ponce,N/A,N/A,Sin comentarios
500Qi00000A5QlhIAF,00519831,2024-05-04 10:24:04,Closed,Mantoverde - archivo de configuración para CEKO56,Claudio Ponce,N/A,N/A,Sin comentarios
500Qi00000A5XqPIAV,00519836,2024-05-04 11:40:41,Closed,CNTTE - Sin acceso a Jview,Claudio Ponce,N/A,N/A,Sin comentarios
500Qi00000A5udLIAR,00519852,2024-05-04 19:03:27,Closed,CNCHUQ - CAS con pocos equipos,Claudio Ponce,N/A,N/A,Sin comentarios
500Qi00000A646PIAR,00519853,2024-05-04 19:04:59,Closed,CNMS - CAS sin alarmas,Claudio Ponce,N/A,N/A,Sin comentarios
500Qi00000A7ElFIAV,00519885,2024-05-05 13:22:15,Closed,Monitoreo - CNDMH - Procesos sql encolados,Claudio Ponce,N/A,N/A,Sin comentarios
500Qi00000A7XKsIAN,00519920,2024-05-05 19:07:08,Closed,AMCEN -  Importador hazard no carga,Claudio Ponce,N/A,N/A,Sin comentarios
500Qi00000A7eB3IAJ,00519922,2024-05-05 19:34:28,Closed,CNDMH - Sin reportabilidad,Claudio Ponce,N/A,N/A,Sin comentarios
500Qi00000A9DRiIAN,00519977,2024-05-06 10:38:43,Closed,MLCC - Importador pegado,Claudio Ponce,N/A,N/A,Sin comentarios
500Qi00000A9j8EIAR,00519986,2024-05-06 12:55:11,Closed,MLCC - Pala 202 sin conexion,Claudio Ponce,N/A,N/A,Sin comentarios
500Qi00000AA46MIAT,00520002,2024-05-06 15:33:32,Closed,MLCC - CAS problemas para cargar mapa,Claudio Ponce,N/A,N/A,Sin comentarios
500Qi00000ACyPGIA1,00520121,2024-05-07 11:31:58,Closed,Mantoverde - Camion 2CAM8381 no actualiza el JAMS,Claudio Ponce,N/A,N/A,Sin comentarios
500Qi00000ADqStIAL,00520155,2024-05-07 15:14:54,Closed,MLCC - Solicita Baja de Servicios: CESAR REINALDO ARROSPIDE MARAMBIO,Claudio Ponce,N/A,N/A,Sin comentarios
500Qi00000ADk2WIAT,00520156,2024-05-07 15:15:43,Closed,MLCC - Solicita Baja de Servicios:CARLOS ALBERTO ALVAREZ MOLINA,Claudio Ponce,N/A,N/A,Sin comentarios
500Qi00000AE8G7IAL,00520169,2024-05-07 16:39:19,Closed,AMZAL - RE: Eliminar / Ingresar a sistema EEAA,Ricardo Rubio,N/A,N/A,Sin comentarios
500Qi00000AENmzIAH,00520174,2024-05-07 17:26:30,Closed,AMZAL - Egreso y ingreso equipos Planta ( Sólo nivel de Software) N°2,Ricardo Rubio,N/A,N/A,Sin comentarios
500Qi00000AGVV9IAP,00520234,2024-05-08 11:30:03,Closed,MLCC - Número de conexiones,Gustavo Cheng,N/A,N/A,Sin comentarios
500Qi00000AHC0cIAH,00520250,2024-05-08 13:55:18,Closed,AAM - Mantoverde - Sumarización,Gustavo Cheng,N/A,N/A,Sin comentarios
500Qi00000AHWLtIAP,00520263,2024-05-08 15:20:58,Closed,Monitoreo - CNDMH - Procesos encolados,Gustavo Cheng,N/A,N/A,Sin comentarios
500Qi00000AHREEIA5,00520271,2024-05-08 15:44:17,Closed,Monitoreo - AMCEN- Sumarizador encolado,Gustavo Cheng,N/A,N/A,Sin comentarios
500Qi00000AHXLEIA5,00520284,2024-05-08 15:52:27,Closed,MLCC - Creacion cuenta Jview,Ricardo Rubio,N/A,N/A,Sin comentarios
500Qi00000AIWtJIAX,00520416,2024-05-08 23:30:37,Closed,Monitoreo - AMANT - Reinicio de JAMS,Gustavo Cheng,N/A,N/A,Sin comentarios
500Qi00000AJMrtIAH,00520443,2024-05-09 08:25:11,Closed,AAM - Revisión de horario en servidores activo/secundario,Gustavo Cheng,N/A,N/A,Sin comentarios
500Qi00000AKFDIIA5,00520474,2024-05-09 12:39:26,Closed,CNN-Juan Nuñez  - Subir plan diario,Maikol Salas,N/A,N/A,Sin comentarios
500Qi00000AKX6vIAH,00520478,2024-05-09 13:23:51,Closed,AAM - Bulldozer con problemas de gps,Gustavo Cheng,N/A,N/A,Sin comentarios
500Qi00000AKSTwIAP,00520479,2024-05-09 13:37:17,Closed,CRSTEN - Caex no levanta pantalla,Gustavo Cheng,N/A,N/A,Sin comentarios
500Qi00000ALCd9IAH,00520506,2024-05-09 16:42:13,Closed,MAGSA - Database migration to 2.8-005 with Ubuntu 22,Guillermo Lamas,N/A,N/A,Sin comentarios
500Qi00000ALCN1IAP,00520511,2024-05-09 17:31:30,Closed,AAM - Mineops pegado,Gustavo Cheng,N/A,N/A,Sin comentarios
500Qi00000ALLjgIAH,00520512,2024-05-09 17:51:25,Closed,CNRT - Malla no aparece en sistema,Gustavo Cheng,N/A,N/A,Sin comentarios
500Qi00000AMOYzIAP,00520555,2024-05-10 03:10:26,Closed,MLCC - Perfo D103 no visualiza pozos,Gustavo Cheng,N/A,N/A,Sin comentarios
500Qi00000ANe3HIAT,00520597,2024-05-10 12:29:43,Closed,MLCC - Sumarización manual,Gustavo Cheng,N/A,N/A,Sin comentarios
500Qi00000AOHDFIA5,00520615,2024-05-10 13:59:08,Closed,Consistencia  de tabla custom_by_truck_cycle_time,Guillermo Lamas,N/A,N/A,Sin comentarios
500Qi00000AOqpMIAT,00520642,2024-05-10 18:53:42,Closed,MLCC - Importador Modelo_Bloques pegado,Gustavo Cheng,N/A,N/A,Sin comentarios
500Qi00000AQMC1IAP,00520666,2024-05-11 11:59:03,Closed,CNDMH - Agregar equipo virtual,Gustavo Cheng,N/A,N/A,Sin comentarios
500Qi00000AQcGnIAL,00520673,2024-05-11 15:20:42,Closed,AMCEN - revisar si es que existen diferencias entre informes,Gustavo Cheng,N/A,N/A,Sin comentarios
500Qi00000AQcOrIAL,00520674,2024-05-11 15:22:20,Closed,CNRT - No aparecen en jview pozos perforados por PE109,Gustavo Cheng,N/A,N/A,Sin comentarios
500Qi00000AQhYEIA1,00520680,2024-05-11 16:31:29,Closed,AMCEN - Importador de malla pegado,Gustavo Cheng,N/A,N/A,Sin comentarios
500Qi00000AQiyvIAD,00520681,2024-05-11 16:48:15,Closed,CNDMH - Jview caído,Gustavo Cheng,N/A,N/A,Sin comentarios
500Qi00000AQmPpIAL,00520683,2024-05-11 17:42:14,Closed,AAM - Revisión de camiones,Gustavo Cheng,N/A,N/A,Sin comentarios
500Qi00000AQj8cIAD,00520684,2024-05-11 18:04:41,Closed,CNRI - CAEX 104 con problemas en sensor,Gustavo Cheng,N/A,N/A,Sin comentarios
500Qi00000ARryYIAT,00520748,2024-05-12 12:51:27,Closed,AAM - Caex con problema de versión,Gustavo Cheng,N/A,N/A,Sin comentarios
500Qi00000ARtFaIAL,00520749,2024-05-12 12:53:11,Closed,AMZAL - Pala no visualiza bloques,Gustavo Cheng,N/A,N/A,Sin comentarios
500Qi00000ATWI5IAP,00520843,2024-05-13 08:39:27,Closed,AAM - Sumarización,Gustavo Cheng,N/A,N/A,Sin comentarios
500Qi00000ATc7TIAT,00520859,2024-05-13 10:29:18,Closed,AAM - CAEX con versión incorrecta,Gustavo Cheng,N/A,N/A,Sin comentarios
500Qi00000AVl8KIAT,00520904,2024-05-13 19:27:20,Closed,AMCEN - Revisión de camiones,Gustavo Cheng,N/A,N/A,Sin comentarios
500Qi00000AVvYxIAL,00520910,2024-05-13 20:37:02,Closed,AMZAL - Bot-3290_Finos,Gustavo Cheng,N/A,N/A,Sin comentarios
500Qi00000AXKrpIAH,00520965,2024-05-14 09:22:35,Closed,Instalación de Replica Base de Datos para App CAS - Mina Sur,Mauricio Estay,N/A,N/A,Sin comentarios
500Qi00000AXjLZIA1,00520975,2024-05-14 10:50:22,Closed,CNCHQ - Consulta de tablas,Gustavo Cheng,N/A,N/A,Sin comentarios
500Qi00000AY0MQIA1,00520978,2024-05-14 11:53:41,Closed,MLCC - Sumarización,Gustavo Cheng,N/A,N/A,Sin comentarios
500Qi00000AYEpEIAX,00520992,2024-05-14 13:45:47,Closed,AMCEN - Equipos con problemas de sistema,Gustavo Cheng,N/A,N/A,Sin comentarios
500Qi00000AYrVZIA1,00521008,2024-05-14 15:30:49,Closed,Request for Secondary Server Configuration as CLUSTER in OAS,Pablo Perez,N/A,N/A,Sin comentarios
500Qi00000AYubVIAT,00521009,2024-05-14 15:42:46,Closed,AMZAL - Revisión de T19,Gustavo Cheng,N/A,N/A,Sin comentarios
500Qi00000AZCQNIA5,00521023,2024-05-14 18:41:20,Closed,AAM - Caex no levanta JAMS,Gustavo Cheng,N/A,N/A,Sin comentarios
500Qi00000AZK2wIAH,00521024,2024-05-14 18:43:25,Closed,AAM - Mine Ops pegado,Gustavo Cheng,N/A,N/A,Sin comentarios
500Qi00000AbWw2IAF,00521114,2024-05-15 12:08:14,Closed,CNDRT - RE: Nora interna para creación de camiones ICV en MineOps,Nelson Donoso,N/A,N/A,Sin comentarios
500Qi00000Abmb1IAB,00521124,2024-05-15 13:17:15,Closed,CNDRT - Solicitud de cuenta mienops y jview,Nelson Donoso,N/A,N/A,Sin comentarios
500Qi00000AbxGMIAZ,00521130,2024-05-15 13:35:51,Closed,CNDRT - Actividades e Informes de Inicio de Turno,Nelson Donoso,N/A,N/A,Sin comentarios
500Qi00000AcF3bIAF,00521149,2024-05-15 15:16:46,Closed,MLCC - Creación cuenta JMineOPS,Ricardo Rubio,N/A,N/A,Sin comentarios
500Qi00000AdSulIAF,00521190,2024-05-15 23:55:54,Closed,CNRT - CAEX 923 sin GPS,Claudio Ponce,N/A,N/A,Sin comentarios
500Qi00000AeACdIAN,00521225,2024-05-16 07:52:57,Closed,AMZAL - Perfo D10 sin conexion,Ricardo Rubio,N/A,N/A,Sin comentarios
500Qi00000AeQqrIAF,00521229,2024-05-16 08:50:23,Closed,Generar Reporte Panel de Control DIA,Yazmin Sanchez,N/A,N/A,Sin comentarios
500Qi00000AeNONIA3,00521230,2024-05-16 09:10:26,Closed,MLCC - Distribución Reporte Diario Tiempos por Operador,Ricardo Rubio,N/A,N/A,Sin comentarios
500Qi00000AeVLwIAN,00521235,2024-05-16 09:33:58,Closed,MLCC - Creación cuenta SQL JMineOPS,Ricardo Rubio,N/A,N/A,Sin comentarios
500Qi00000AebG7IAJ,00521244,2024-05-16 10:38:38,Closed,CNDRT - Cuenta de acceso Jview,Nelson Donoso,N/A,N/A,Sin comentarios
500Qi00000Aewh5IAB,00521252,2024-05-16 12:14:13,Closed,CNDRT - actualización contraseña BD,Nelson Donoso,N/A,N/A,Sin comentarios
500Qi00000Afcq0IAB,00521270,2024-05-16 14:31:01,Closed,CNTTE - Consulta Actualización Equipo,Ricardo Rubio,N/A,N/A,Sin comentarios
500Qi00000Ag5SBIAZ,00521281,2024-05-16 16:50:16,Closed,CNDRT - RE: Datos servidores para Auditoría 2024,Nelson Donoso,N/A,N/A,Sin comentarios
500Qi00000AgGp1IAF,00521284,2024-05-16 17:23:41,Closed,CNDRT - Actividades e Informes de Inicio de Turno,Nelson Donoso,N/A,N/A,Sin comentarios
500Qi00000Ag7YpIAJ,00521290,2024-05-16 17:55:47,Closed,CNRI - Alerta bloqueo OAS,Ricardo Rubio,N/A,N/A,Sin comentarios
500Qi00000AgXQ2IAN,00521301,2024-05-16 20:04:45,Closed,Monitoreo - MLCC - Procesos sql encolados,Claudio Ponce,N/A,N/A,Sin comentarios
500Qi00000AglHhIAJ,00521308,2024-05-16 21:34:12,Closed,AMCEN -  GPS C45,Claudio Ponce,N/A,N/A,Sin comentarios
500Qi00000AhNJlIAN,00521316,2024-05-17 03:52:26,Closed,AMCEN -  Problemas en pantalla PA1,Claudio Ponce,N/A,N/A,Sin comentarios
500Qi00000AhWbZIAV,00521319,2024-05-17 05:38:22,Closed,Monitoreo - CNDMH - sql encolado,Claudio Ponce,N/A,N/A,Sin comentarios
500Qi00000AhsVfIAJ,00521332,2024-05-17 09:27:08,Closed,CNDMH - Sin conexion Jview,Ricardo Rubio,N/A,N/A,Sin comentarios
500Qi00000AiCHSIA3,00521338,2024-05-17 10:32:57,Closed,MLCC - Problema al visualizar solidos cargados.,Ricardo Rubio,N/A,N/A,Sin comentarios
500Qi00000AiYpqIAF,00521357,2024-05-17 12:12:01,Closed,AMCEN-Alisson solicita apoyo por botadero no permite...,Ricardo Rubio,N/A,N/A,Sin comentarios
500Qi00000Aivw8IAB,00521366,2024-05-17 13:48:11,Closed,MLCC - Pregunta sobre atributos de tabla,Ricardo Rubio,N/A,N/A,Sin comentarios
500Qi00000Aj0R8IAJ,00521367,2024-05-17 13:55:28,Closed,CNDRT -  RITM0299073 _Re: Solicitud de habilitación ingeniero de despacho DRT en CIO,Nelson Donoso,N/A,N/A,Sin comentarios
500Qi00000AjNQwIAN,00521373,2024-05-17 16:07:48,Closed,MLCC - El equipo D101 no visualiza las mallas correspondientes,Ricardo Rubio,N/A,N/A,Sin comentarios
500Qi00000AjfpKIAR,00521381,2024-05-17 18:32:40,Closed,CNDMH - Problemas pantalla relevo,Ricardo Rubio,N/A,N/A,Sin comentarios
500Qi00000AjxfhIAB,00521388,2024-05-17 20:35:29,Closed,AMCEN -  Solicitud de revision PA1,Claudio Ponce,N/A,N/A,Sin comentarios
500Qi00000AjwmsIAB,00521389,2024-05-17 20:36:25,Closed,AMCEN -  Solicitud de revision C134,Claudio Ponce,N/A,N/A,Sin comentarios
500Qi00000Ak3MvIAJ,00521391,2024-05-17 21:46:33,Closed,Monitoreo - CNDMH - sql encolado,Claudio Ponce,N/A,N/A,Sin comentarios
500Qi00000Ak8UkIAJ,00521393,2024-05-17 23:37:42,Closed,AMCEN -  RE: Solicitud de revision C25,Claudio Ponce,N/A,N/A,Sin comentarios
500Qi00000AkKdvIAF,00521398,2024-05-18 02:52:03,Closed,AMCEN -  Solicitud de revision Carpeta Hazard,Claudio Ponce,N/A,N/A,Sin comentarios
500Qi00000AkIIoIAN,00521399,2024-05-18 02:53:07,Closed,AMCEN -  Solicitud de revision C14,Claudio Ponce,N/A,N/A,Sin comentarios
500Qi00000AkhozIAB,00521406,2024-05-18 06:51:44,Closed,MLCC - Jview sin datos actualizados,Claudio Ponce,N/A,N/A,Sin comentarios
500Qi00000AkvYgIAJ,00521410,2024-05-18 10:06:00,Closed,AMANT - Duda cargas desarrollo mina,Ricardo Rubio,N/A,N/A,Sin comentarios
500Qi00000AkzsNIAR,00521413,2024-05-18 11:02:42,Closed,CNDMH - Pantallas pegadas P602 y B408,Ricardo Rubio,N/A,N/A,Sin comentarios
500Qi00000Al25UIAR,00521415,2024-05-18 12:02:15,Closed,CNDRT - Problemas con Pantalla PA214,Nelson Donoso,N/A,N/A,Sin comentarios
500Qi00000AlCzFIAV,00521416,2024-05-18 13:12:45,Closed,CNDMH - Pantallas pegadas equipo C325,Ricardo Rubio,N/A,N/A,Sin comentarios
500Qi00000AlBv8IAF,00521417,2024-05-18 14:19:40,Closed,CNDRT - Jean Pierre Cuenta JView,Nelson Donoso,N/A,N/A,Sin comentarios
500Qi00000AlHqrIAF,00521418,2024-05-18 14:23:48,Closed,CNDRT - RITM0299073 _Re: Solicitud de habilitación ingeniero de despacho DRT en CIO,Nelson Donoso,N/A,N/A,Sin comentarios
500Qi00000AlIi6IAF,00521421,2024-05-18 15:26:57,Closed,AMANT - JAMS reiniciados multiples veces,Ricardo Rubio,N/A,N/A,Sin comentarios
500Qi00000AlSWAIA3,00521423,2024-05-18 17:14:11,Closed,MLCC - Enconaliento Procesos SQL,Ricardo Rubio,N/A,N/A,Sin comentarios
500Qi00000AlaS5IAJ,00521427,2024-05-18 18:40:03,Closed,AAM - Desbloqueo de Cuenta MineOPS y JVIEW,Ricardo Rubio,N/A,N/A,Sin comentarios
500Qi00000AldxpIAB,00521429,2024-05-18 19:33:28,Closed,AAM - Configuracion Setup Perforadora 5009,Ricardo Rubio,N/A,N/A,Sin comentarios
500Qi00000AleNdIAJ,00521431,2024-05-18 19:41:53,Closed,AMANT - Cargador frontal pierde vueltas,Ricardo Rubio,N/A,N/A,Sin comentarios
500Qi00000AllCDIAZ,00521437,2024-05-18 21:23:16,Closed,AMCEN -  Solicitud de revision de PE10 y PE53,Claudio Ponce,N/A,N/A,Sin comentarios
500Qi00000Alo6rIAB,00521439,2024-05-18 22:12:58,Closed,CNRT - Perforadora R08 no finalizo su pozo,Claudio Ponce,N/A,N/A,Sin comentarios
500Qi00000AloYIIAZ,00521441,2024-05-18 22:39:28,Closed,CNTTE - CF501 no cuenta las cargas,Claudio Ponce,N/A,N/A,Sin comentarios
500Qi00000Als5eIAB,00521446,2024-05-18 23:16:05,Closed,Monitoreo - MLCC - Procesos sql encolados,Claudio Ponce,N/A,N/A,Sin comentarios
500Qi00000AlsC5IAJ,00521447,2024-05-18 23:17:19,Closed,AMCEN -  Solicitud de revision de PA3 y B309,Claudio Ponce,N/A,N/A,Sin comentarios
500Qi00000Am4JjIAJ,00521451,2024-05-19 03:44:09,Closed,MLCC - Diglimit no se carga,Claudio Ponce,N/A,N/A,Sin comentarios
500Qi00000AmMLRIA3,00521457,2024-05-19 07:28:03,Closed,CNDRT - Actividades e Informes de Inicio de Turno,Nelson Donoso,N/A,N/A,Sin comentarios
500Qi00000AmNChIAN,00521458,2024-05-19 08:24:34,Closed,CNDRT - Toneladas de MineOps y Reportabilidad no Cuadra,Nelson Donoso,N/A,N/A,Sin comentarios
500Qi00000AmQX7IAN,00521459,2024-05-19 08:45:29,Closed,CNDMH - Pantalla pegada perforadora F105,Ricardo Rubio,N/A,N/A,Sin comentarios
500Qi00000Ambh4IAB,00521463,2024-05-19 11:07:54,Closed,MAGSA - Sin conexión a servidor,Ricardo Rubio,N/A,N/A,Sin comentarios
500Qi00000AmmhLIAR,00521479,2024-05-19 15:46:33,Closed,CNDMH - P602 sin señal wifi,Ricardo Rubio,N/A,N/A,Sin comentarios
500Qi00000AmwgfIAB,00521480,2024-05-19 16:29:04,Closed,AMCEN - SQL_back se encola múltiples veces.,Ricardo Rubio,N/A,N/A,Sin comentarios
500Qi00000An2fdIAB,00521483,2024-05-19 18:07:12,Closed,AAM - Problema CAEX 2CAM8381,Ricardo Rubio,N/A,N/A,Sin comentarios
500Qi00000An0yqIAB,00521494,2024-05-19 19:43:43,Closed,CNDMH - SarHm se reinicia en el equipo.,Ricardo Rubio,N/A,N/A,Sin comentarios
500Qi00000AnEqTIAV,00521498,2024-05-19 20:54:43,Closed,AMCEN -  Solicitud de revision C41,Claudio Ponce,N/A,N/A,Sin comentarios
500Qi00000An4CqIAJ,00521501,2024-05-19 21:15:22,Closed,AMANT - Cargador L100 no ve su polígono asignado,Claudio Ponce,N/A,N/A,Sin comentarios
500Qi00000AnKZJIA3,00521506,2024-05-19 22:06:27,Closed,CNRT - Perforadora PE03 no finalizo su pozo,Claudio Ponce,N/A,N/A,Sin comentarios
500Qi00000AnJ5OIAV,00521509,2024-05-19 22:28:24,Closed,Monitoreo - CNDMH - sql encolado,Claudio Ponce,N/A,N/A,Sin comentarios
500Qi00000AnHd5IAF,00521511,2024-05-19 22:40:54,Closed,CNCHUQ - Equipos no cambian sus estados de forma automatica,Claudio Ponce,N/A,N/A,Sin comentarios
500Qi00000Anj4gIAB,00521548,2024-05-20 03:43:53,Closed,Monitoreo - MLCC - Sumarizador encolado,Claudio Ponce,N/A,N/A,Sin comentarios
500Qi00000Ao6ajIAB,00521564,2024-05-20 07:10:22,Closed,AMCEN -  Carpeta Hazard no actualiza,Claudio Ponce,N/A,N/A,Sin comentarios
500Qi00000ApIrZIAV,00521594,2024-05-20 12:48:25,Closed,AMCEN - Switcheo servidores,Ricardo Rubio,N/A,N/A,Sin comentarios
500Qi00000ApLZOIA3,00521600,2024-05-20 13:16:55,Closed,AMZAL - Pala 04 sin conexión,Ricardo Rubio,N/A,N/A,Sin comentarios
500Qi00000Apn2ZIAR,00521612,2024-05-20 15:34:40,Closed,AMCEN - Poligono Hazzard no se sube,Ricardo Rubio,N/A,N/A,Sin comentarios
500Qi00000AptCoIAJ,00521613,2024-05-20 15:39:03,Closed,MLCC - Dar de Baja Cuentas MineOPS,Ricardo Rubio,N/A,N/A,Sin comentarios
500Qi00000AqLtrIAF,00521635,2024-05-20 18:44:47,Closed,MLCC - Perforadora D103 no señal GPS,Ricardo Rubio,N/A,N/A,Sin comentarios
500Qi00000AqFN1IAN,00521636,2024-05-20 18:47:27,Closed,CNDMH - CAEX 337 Sin conexion.,Ricardo Rubio,N/A,N/A,Sin comentarios
500Qi00000AqKRaIAN,00521638,2024-05-20 18:49:38,Closed,CNDMH - CAEX 743 No muestra estados,Ricardo Rubio,N/A,N/A,Sin comentarios
500Qi00000AqUaXIAV,00521639,2024-05-20 18:58:33,Closed,AAM - Camion CEKO055 pierde vueltas,Ricardo Rubio,N/A,N/A,Sin comentarios
500Qi00000AqSybIAF,00521661,2024-05-20 22:08:33,Closed,AMCEN -  Solicitud de revision C41,Claudio Ponce,N/A,N/A,Sin comentarios
500Qi00000Aql5BIAR,00521662,2024-05-20 22:25:33,Closed,AMANT - Sin reportabilidad Jview,Claudio Ponce,N/A,N/A,Sin comentarios
500Qi00000AqxmEIAR,00521674,2024-05-21 00:05:07,Closed,AMCEN -  Solicitud de revision C16,Claudio Ponce,N/A,N/A,Sin comentarios
500Qi00000ArO1dIAF,00521687,2024-05-21 03:18:32,Closed,AMCEN - Solicitud de revision PE50,Claudio Ponce,N/A,N/A,Sin comentarios
500Qi00000ArPAbIAN,00521688,2024-05-21 03:37:13,Closed,CNRI - exceso de velocidad caex 318,Claudio Ponce,N/A,N/A,Sin comentarios
500Qi00000ArVzDIAV,00521692,2024-05-21 04:56:36,Closed,AMCEN - Solicitud de revision C36,Claudio Ponce,N/A,N/A,Sin comentarios
500Qi00000ArXGDIA3,00521693,2024-05-21 04:59:13,Closed,AMCEN - Solicitud de revision C42,Claudio Ponce,N/A,N/A,Sin comentarios
500Qi00000AtCIvIAN,00521741,2024-05-21 13:56:23,Closed,CNDRT - RE: Imputaciones de estados de chancado en Mineops,Nelson Donoso,N/A,N/A,Sin comentarios
500Qi00000AtK5BIAV,00521744,2024-05-21 14:26:54,Closed,AAM - Mantoverde - restablecer contraseña de acceso a Mine Enterprise,Ricardo Rubio,N/A,N/A,Sin comentarios
500Qi00000AtUB0IAN,00521749,2024-05-21 15:32:17,Closed,CNDRT - Vista de chuquicamta -GRMD (chuquicamta),Nelson Donoso,N/A,N/A,Sin comentarios
500Qi00000Ats8UIAR,00521756,2024-05-21 16:55:06,Closed,CNDMH - CAEX 732 Pierde vueltas.,Ricardo Rubio,N/A,N/A,Sin comentarios
500Qi00000Ath1qIAB,00521757,2024-05-21 16:56:42,Closed,CNDMH - Bull B404 Sin GPS,Ricardo Rubio,N/A,N/A,Sin comentarios
500Qi00000AttkTIAR,00521759,2024-05-21 16:59:19,Closed,MLCC - Sumarizador por Servicio,Ricardo Rubio,N/A,N/A,Sin comentarios
500Qi00000AtohcIAB,00521765,2024-05-21 17:16:04,Closed,AAM - Camion CEKO057 pantalla pegada,Ricardo Rubio,N/A,N/A,Sin comentarios
500Qi00000AuKBCIA3,00521779,2024-05-21 19:41:17,Closed,MLCC - Botadero Duplicado,Ricardo Rubio,N/A,N/A,Sin comentarios
500Qi00000AuKeDIAV,00521781,2024-05-21 19:42:50,Closed,AMCEN - Cargador Frontal CF233 no visualiza los dibujos del Hazard,Ricardo Rubio,N/A,N/A,Sin comentarios
500Qi00000Au7xBIAR,00521787,2024-05-21 20:11:42,Closed,Monitoreo - MLCC - Procesos sql encolados,Claudio Ponce,N/A,N/A,Sin comentarios
500Qi00000AuPNmIAN,00521797,2024-05-21 21:40:40,Closed,CNDMH - C348 y 374 con exceso de alarmas CAS,Claudio Ponce,N/A,N/A,Sin comentarios
500Qi00000AutNWIAZ,00521825,2024-05-22 03:21:49,Closed,AMCEN - Solicitud de revision PA3,Claudio Ponce,N/A,N/A,Sin comentarios
500Qi00000AvDVqIAN,00521830,2024-05-22 05:12:22,Closed,MLCC - Sin reportes actualizados en Jview,Claudio Ponce,N/A,N/A,Sin comentarios
500Qi00000AyCuzIAF,00521948,2024-05-22 22:23:56,Closed,AMCEN - Consulta estado caex 25,Gustavo Cheng,N/A,N/A,Sin comentarios
500Qi00000AyCzpIAF,00521949,2024-05-22 22:25:10,Closed,AMCEN - Revisar C44,Gustavo Cheng,N/A,N/A,Sin comentarios
500Qi00000AyFzJIAV,00521959,2024-05-22 23:02:22,Closed,AMCEN - Creación de cuentas MineOps y Jview,Gustavo Cheng,N/A,N/A,Sin comentarios
500Qi00000AyVXsIAN,00521989,2024-05-23 02:58:09,Closed,CNRT - Caex 911 no cambia sus estados de manera automática,Gustavo Cheng,N/A,N/A,Sin comentarios
500Qi00000AyxqgIAB,00522001,2024-05-23 06:03:22,Closed,AMZAL - Recuperar información H39,Gustavo Cheng,N/A,N/A,Sin comentarios
500Qi00000Az8FpIAJ,00522004,2024-05-23 07:20:14,Closed,AMCEN - Caex 155 con pantalla en panel en negro,Gustavo Cheng,N/A,N/A,Sin comentarios
500Qi00000B28HhIAJ,00522092,2024-05-24 01:19:09,Closed,AMCEN - Caex 42 pegado en petrolera 2 mapa mina,Gustavo Cheng,N/A,N/A,Sin comentarios
500Qi00000B5LQTIA3,00522173,2024-05-24 22:26:11,Closed,AMCEN - Pantalla del CF231 no levanta,Gustavo Cheng,N/A,N/A,Sin comentarios
500Qi00000B5UFFIA3,00522178,2024-05-25 00:41:56,Closed,MLCC - Sin reportabilidad,Gustavo Cheng,N/A,N/A,Sin comentarios
500Qi00000B5hh7IAB,00522181,2024-05-25 02:51:12,Closed,AMCEN - Camión pegado en sistema,Gustavo Cheng,N/A,N/A,Sin comentarios
500Qi00000B5pOXIAZ,00522185,2024-05-25 04:30:30,Closed,AMCEN - CF232 con problemas de gps,Gustavo Cheng,N/A,N/A,Sin comentarios
500Qi00000B6rkrIAB,00522258,2024-05-25 18:22:11,Closed,Monitoreo - TECk CDA -Sharperlight y Mine Enterprise con error,Roberto Maldonado,N/A,N/A,Sin comentarios
500Qi00000B70jKIAR,00522270,2024-05-25 20:55:50,Closed,CNRT - Cambio de malla perforadora 117,Gustavo Cheng,N/A,N/A,Sin comentarios
500Qi00000B76rxIAB,00522272,2024-05-25 21:46:02,Closed,MLCC-Daniel Godoy-Rendimientos por Grupo,Paulina Aedo,N/A,N/A,Sin comentarios
500Qi00000B7Q5tIAF,00522283,2024-05-26 02:30:51,Closed,AMCEN - Problemas avance extracción PA11 Mineops,Gustavo Cheng,N/A,N/A,Sin comentarios
500Qi00000B7edVIAR,00522289,2024-05-26 06:06:27,Closed,AMCEN - Caex 41 con problemas en pantalla,Gustavo Cheng,N/A,N/A,Sin comentarios
500Qi00000B8k5mIAB,00522431,2024-05-26 22:38:13,Closed,AMCEN - Caex 39 con problemas de gps,Gustavo Cheng,N/A,N/A,Sin comentarios
500Qi00000B8dKQIAZ,00522432,2024-05-26 22:39:05,Closed,AMCEN - Asignación petroleras,Gustavo Cheng,N/A,N/A,Sin comentarios
500Qi00000B8y0fIAB,00522437,2024-05-27 01:00:30,Closed,AAM - Perdida de vueltas,Gustavo Cheng,N/A,N/A,Sin comentarios
500Qi00000BAiSrIAL,00522546,2024-05-27 18:35:54,Closed,Mantoverde - Revisar resultados de reporte Detalle Mantenimiento sin Cierre,Yazmin Sanchez,N/A,N/A,Sin comentarios
500Qi00000BB5CXIA1,00522572,2024-05-27 22:42:14,Closed,AMCEN - C08 con problemas de sistema,Gustavo Cheng,N/A,N/A,Sin comentarios
500Qi00000BBNpOIAX,00522576,2024-05-28 01:32:35,Closed,CNRT - Validar total de vueltas C911,Gustavo Cheng,N/A,N/A,Sin comentarios
500Qi00000BBN9SIAX,00522577,2024-05-28 01:33:46,Closed,AMZAL - L13 no actualiza línea de diseño,Gustavo Cheng,N/A,N/A,Sin comentarios
500Qi00000BBohVIAT,00522587,2024-05-28 03:54:32,Closed,AMCEN - C53 sin sistema,Gustavo Cheng,N/A,N/A,Sin comentarios
500Qi00000BBuOlIAL,00522592,2024-05-28 04:46:33,Closed,AMCEN - C36 con problemas de gps,Gustavo Cheng,N/A,N/A,Sin comentarios
500Qi00000BC1LPIA1,00522599,2024-05-28 06:28:00,Closed,AMCEN - C32 con problemas de sistema,Gustavo Cheng,N/A,N/A,Sin comentarios
500Qi00000BE79oIAD,00522702,2024-05-28 16:38:25,Closed,AMZAL-Mantención a Reportes,Tomas Jimenez,N/A,N/A,Sin comentarios
500Qi00000BFnYLIA1,00522745,2024-05-29 04:36:02,Closed,AMCEN - Caex 23 con problemas de sistema,Gustavo Cheng,N/A,N/A,Sin comentarios
500Qi00000BFnlFIAT,00522746,2024-05-29 04:37:28,Closed,MLCC - Sumarización manual,Gustavo Cheng,N/A,N/A,Sin comentarios
500Qi00000BGDfiIAH,00522754,2024-05-29 08:21:11,Closed,CNDMH - Sin reportabilidad,Claudio Ponce,N/A,N/A,Sin comentarios
500Qi00000BGIYwIAP,00522755,2024-05-29 08:22:07,Closed,CNDMH - Pala 601 sin comunicacion,Claudio Ponce,N/A,N/A,Sin comentarios
500Qi00000BGibSIAT,00522773,2024-05-29 10:43:24,Closed,AMZAL - Reinicio pala S03,Claudio Ponce,N/A,N/A,Sin comentarios
500Qi00000BHD7NIAX,00522778,2024-05-29 11:48:09,Closed,Monitoreo - MLCC - SQL encolado,Claudio Ponce,N/A,N/A,Sin comentarios
500Qi00000BHuVlIAL,00522803,2024-05-29 15:25:00,Closed,CNN - Consulta operadores,Claudio Ponce,N/A,N/A,Sin comentarios
500Qi00000BI7ZOIA1,00522804,2024-05-29 15:26:52,Closed,CNDMH - Pala 201 sin comunicacion,Claudio Ponce,N/A,N/A,Sin comentarios
500Qi00000BIC67IAH,00522807,2024-05-29 16:44:52,Closed,MLCC - Tronadura no aparece en el mapa,Claudio Ponce,N/A,N/A,Sin comentarios
500Qi00000BINfnIAH,00522812,2024-05-29 17:25:13,Closed,Internal- MAGSA - Revision JAMSWeb2,Maikol Salas,N/A,N/A,Sin comentarios
500Qi00000BIDerIAH,00522815,2024-05-29 17:39:47,Closed,AMCEN - C13 sin GPS,Claudio Ponce,N/A,N/A,Sin comentarios
500Qi00000BIj0MIAT,00522826,2024-05-29 19:05:25,Closed,AMCEN - JSPanel does not display wifi information,Armando Mestanza,N/A,N/A,Sin comentarios
500Qi00000BJaKnIAL,00522851,2024-05-30 03:40:35,Closed,CNCHUQ - Equipo no muestra vueltas en su VNC,Claudio Ponce,N/A,N/A,Sin comentarios
500Qi00000BJaXhIAL,00522852,2024-05-30 03:43:59,Closed,"AMCEN - Problemas con Señal C36, no coincide con su ubicación real.",Ricardo Rubio,N/A,N/A,Sin comentarios
500Qi00000BJacXIAT,00522853,2024-05-30 03:44:27,Closed,"AMCEN - Problemas con Señal C163, no coincide con su ubicación real.",Ricardo Rubio,N/A,N/A,Sin comentarios
500Qi00000BJnoHIAT,00522871,2024-05-30 05:09:12,Closed,AMCEN - Problemas con Señal pala PA10,Ricardo Rubio,N/A,N/A,Sin comentarios
500Qi00000BJzMRIA1,00522877,2024-05-30 06:50:41,Closed,CNDMH - SQL encolado,Ricardo Rubio,N/A,N/A,Sin comentarios
500Qi00000BK2liIAD,00522880,2024-05-30 07:12:02,Closed,CNCHUQ - Servicio CAS Detenido,Ricardo Rubio,N/A,N/A,Sin comentarios
500Qi00000BKRqaIAH,00522890,2024-05-30 10:07:44,Closed,MLCC - Diglimits no se cargan,Claudio Ponce,N/A,N/A,Sin comentarios
500Qi00000BKYLnIAP,00522895,2024-05-30 10:49:36,Closed,CNTTE - Error en credenciales Renato Pino,Claudio Ponce,N/A,N/A,Sin comentarios
500Qi00000BKlpHIAT,00522897,2024-05-30 11:07:46,Closed,MLCC - Reiniciar L221,Claudio Ponce,N/A,N/A,Sin comentarios
500Qi00000BLulkIAD,00522934,2024-05-30 17:44:59,Closed,MLCC - Solicita Baja de Servicios: CHRISTIAN MARCELO FARIAS BECERRA,Claudio Ponce,N/A,N/A,Sin comentarios
500Qi00000BM7aqIAD,00522937,2024-05-30 18:01:36,Closed,CNDMH - Sin reportabilidad,Claudio Ponce,N/A,N/A,Sin comentarios
500Qi00000BN2xFIAT,00522965,2024-05-31 02:26:38,Closed,MLCC - Problema importador,Ricardo Rubio,N/A,N/A,Sin comentarios
500Qi00000BN3y9IAD,00522966,2024-05-31 02:32:12,Closed,AMCEN - Problema importador Poligonos Hazard,Ricardo Rubio,N/A,N/A,Sin comentarios
500Qi00000BN4NxIAL,00522967,2024-05-31 02:37:23,Closed,CNRI - Alerta bloqueo OAS,Ricardo Rubio,N/A,N/A,Sin comentarios
500Qi00000BN0IlIAL,00522968,2024-05-31 02:41:49,Closed,CNCHUQ - Problemas pantallas Tractores TO570 y TN624,Ricardo Rubio,N/A,N/A,Sin comentarios
500Qi00000BMvsaIAD,00522969,2024-05-31 02:44:21,Closed,AMCEN - Problemas con reportes Jview.,Ricardo Rubio,N/A,N/A,Sin comentarios
500Qi00000BN7qXIAT,00522971,2024-05-31 03:40:51,Closed,AMCEN - Sin conexión a los Servidores,Ricardo Rubio,N/A,N/A,Sin comentarios
500Qi00000BMyjzIAD,00522981,2024-05-31 08:14:55,Closed,CNN - FW: Budget Junio,Claudio Ponce,N/A,N/A,Sin comentarios
500Qi00000BOW5JIAX,00523024,2024-05-31 13:14:56,Closed,Monitoreo - AMCEN - replicación de datos tardía,Claudio Ponce,N/A,N/A,Sin comentarios
500Qi00000BPUXfIAP,00523059,2024-05-31 18:06:44,Closed,CNDMH - Fase 8 equipos con lentitud en el sistema,Claudio Ponce,N/A,N/A,Sin comentarios
500Qi00000BPtW1IAL,00523066,2024-05-31 21:23:09,Closed,CNRT - Subir Archivo a Poligonos_Hazard,Ricardo Rubio,N/A,N/A,Sin comentarios
500Qi00000BQP9KIAX,00523092,2024-06-01 05:12:02,Closed,AMANT - Problemas reportes Jview,Ricardo Rubio,N/A,N/A,Sin comentarios
500Qi00000BQYnhIAH,00523094,2024-06-01 06:51:48,Closed,AMANT - Encolamiento replica SQL,Ricardo Rubio,N/A,N/A,Sin comentarios
500Qi00000BQZBuIAP,00523096,2024-06-01 07:14:55,Closed,MLCC - Problema importador,Ricardo Rubio,N/A,N/A,Sin comentarios
500Qi00000BQdCIIA1,00523099,2024-06-01 08:30:26,Closed,AMCEN - replicación de datos tardía,Claudio Ponce,N/A,N/A,Sin comentarios
500Qi00000BR1T9IAL,00523108,2024-06-01 12:56:08,Closed,Monitoreo - CNDMH - Procesos sql encolados,Claudio Ponce,N/A,N/A,Sin comentarios
500Qi00000BR5EzIAL,00523109,2024-06-01 13:14:53,Closed,CNTTE - Equipos con problema de comunicación,Claudio Ponce,N/A,N/A,Sin comentarios
500Qi00000BRFmDIAX,00523114,2024-06-01 15:48:13,Closed,MLCC - Cargador frontal 221 sin GPS,Claudio Ponce,N/A,N/A,Sin comentarios
500Qi00000BRJmbIAH,00523115,2024-06-01 16:42:00,Closed,MAGSA - Lentitud en mineops,Claudio Ponce,N/A,N/A,Sin comentarios
500Qi00000BRKCPIA5,00523116,2024-06-01 16:48:27,Closed,AMCEN - Lentitud en mineops,Claudio Ponce,N/A,N/A,Sin comentarios
500Qi00000BRLQDIA5,00523118,2024-06-01 17:06:16,Closed,Monitoreo - MLCC - SQL encolado,Claudio Ponce,N/A,N/A,Sin comentarios
500Qi00000BRR2bIAH,00523122,2024-06-01 18:40:20,Working,MLCC - Reportes con hora avanzada al descarga,Guillermo Lamas,N/A,N/A,Sin comentarios
500Qi00000BSBqDIAX,00523135,2024-06-02 07:06:11,Closed,CNRT - Subir Archivo a Poligonos_Hazard,Ricardo Rubio,N/A,N/A,Sin comentarios
500Qi00000BSC1VIAX,00523136,2024-06-02 07:08:48,Closed,AMZAL - Sumarizacion,Ricardo Rubio,N/A,N/A,Sin comentarios
500Qi00000BSCMTIA5,00523137,2024-06-02 07:13:05,Closed,AMCEN - Problema Reporte Jview,Ricardo Rubio,N/A,N/A,Sin comentarios
500Qi00000BSCcbIAH,00523139,2024-06-02 07:18:38,Closed,MLCC - Sumarizar mes de mayo,Ricardo Rubio,N/A,N/A,Sin comentarios
500Qi00000BSChRIAX,00523140,2024-06-02 07:19:42,Closed,CNRI - Alerta bloqueo OAS,Ricardo Rubio,N/A,N/A,Sin comentarios
500Qi00000BSCKsIAP,00523141,2024-06-02 07:21:30,Closed,AMCEN - CF233 Sin Comunicación,Ricardo Rubio,N/A,N/A,Sin comentarios
500Qi00000BSMSHIA5,00523144,2024-06-02 09:18:50,Closed,AMANT - Problemas en reportes,Claudio Ponce,N/A,N/A,Sin comentarios
500Qi00000BSRYPIA5,00523159,2024-06-02 10:33:36,Closed,MLCC - L221 problema de GPS,Claudio Ponce,N/A,N/A,Sin comentarios
500Qi00000BSUrFIAX,00523161,2024-06-02 11:23:03,Closed,AMCEN - Solicitud velocidades C122,Claudio Ponce,N/A,N/A,Sin comentarios
500Qi00000BSV5lIAH,00523162,2024-06-02 11:25:53,Closed,MLCC - L220 problema con los poligonos,Claudio Ponce,N/A,N/A,Sin comentarios
500Qi00000BSUfzIAH,00523164,2024-06-02 11:39:05,Closed,AMZAL - Moto N°9 sin estados en los informes,Claudio Ponce,N/A,N/A,Sin comentarios
500Qi00000BSaTdIAL,00523166,2024-06-02 12:37:16,Closed,CNMS - CF932 no aparece en mineops,Claudio Ponce,N/A,N/A,Sin comentarios
500Qi00000BSdBNIA1,00523168,2024-06-02 13:19:55,Closed,AMCEN - Resumarización días mayo,Claudio Ponce,N/A,N/A,Sin comentarios
500Qi00000BSi9SIAT,00523171,2024-06-02 14:31:02,Closed,AMANT - gps to local,Claudio Ponce,N/A,N/A,Sin comentarios
500Qi00000BSgfWIAT,00523172,2024-06-02 15:17:30,Closed,MLCC - Importador no se carga,Claudio Ponce,N/A,N/A,Sin comentarios
500Qi00000BSsTlIAL,00523176,2024-06-02 16:57:43,Closed,Monitoreo - MLCC - SQL encolado,Claudio Ponce,N/A,N/A,Sin comentarios
500Qi00000BTjhoIAD,00523232,2024-06-03 04:54:32,Closed,CNRI - Cargar Poligonos al sistema,South American Support Q,N/A,N/A,Sin comentarios
500Qi00000BTiNaIAL,00523233,2024-06-03 04:56:04,Closed,AMZAL - Sumarizacion,Ricardo Rubio,N/A,N/A,Sin comentarios
500Qi00000BTj8JIAT,00523235,2024-06-03 04:57:06,Closed,CNCHUQ - Problema C163,Ricardo Rubio,N/A,N/A,Sin comentarios
500Qi00000BTor7IAD,00523236,2024-06-03 04:58:22,Closed,AMZAL - Problema equipo D14,Ricardo Rubio,N/A,N/A,Sin comentarios
500Qi00000BTkFeIAL,00523237,2024-06-03 05:00:03,Closed,AMZAL - Problema equipo WD07 y H36,Ricardo Rubio,N/A,N/A,Sin comentarios
500Qi00000BU2VuIAL,00523248,2024-06-03 07:29:29,Closed,AMCEN - Problemas Camion C162,Ricardo Rubio,N/A,N/A,Sin comentarios
500Qi00000BUDJGIA5,00523256,2024-06-03 08:28:13,Closed,Monitoreo - CNDMH - sql encolado,Claudio Ponce,N/A,N/A,Sin comentarios
500Qi00000BUMUbIAP,00523259,2024-06-03 08:59:04,Closed,MLCC - Cargador 221 sin gps,Claudio Ponce,N/A,N/A,Sin comentarios
500Qi00000BVTKLIA5,00523318,2024-06-03 13:20:48,Closed,Modificación Importador Modelo de Bloques,Mauricio Estay,N/A,N/A,Sin comentarios
500Qi00000BVXvqIAH,00523338,2024-06-03 14:03:07,Closed,Monitoreo - MLCC - SQL encolado,Claudio Ponce,N/A,N/A,Sin comentarios
500Qi00000BW5B9IAL,00523356,2024-06-03 16:17:56,Closed,CNN - Conciliación Mina / Mantenimiento,Claudio Ponce,N/A,N/A,Sin comentarios
500Qi00000BWQ99IAH,00523376,2024-06-03 18:14:05,Closed,AMCEN - Revisión reporte exceso de velocidad,Claudio Ponce,N/A,N/A,Sin comentarios
500Qi00000BXoFpIAL,00523428,2024-06-04 05:44:52,Closed,AMCEN - Pala P03,Ricardo Rubio,N/A,N/A,Sin comentarios
500Qi00000BXoSjIAL,00523429,2024-06-04 05:47:26,Closed,AMCEN - Problemas Jview,Ricardo Rubio,N/A,N/A,Sin comentarios
500Qi00000BXoMIIA1,00523430,2024-06-04 05:49:01,Closed,AMCEN - Problem CAS,Gustavo Cheng,N/A,N/A,Sin comentarios
500Qi00000BXpILIA1,00523431,2024-06-04 05:54:59,Closed,CNRT - Problemas Reporte Jview,Ricardo Rubio,N/A,N/A,Sin comentarios
500Qi00000BXqEPIA1,00523432,2024-06-04 06:02:04,Closed,CNCHUQ - Problema Jview,Ricardo Rubio,N/A,N/A,Sin comentarios
500Qi00000BXqMTIA1,00523433,2024-06-04 06:03:29,Closed,CNDMH - Equipos Pierden Señal,Ricardo Rubio,N/A,N/A,Sin comentarios
500Qi00000BXqcbIAD,00523434,2024-06-04 06:04:57,Closed,MLCC - Planillas Excel Desactualizadas,Ricardo Rubio,N/A,N/A,Sin comentarios
500Qi00000BYD2vIAH,00523448,2024-06-04 08:36:47,Closed,Monitoreo - CNDMH - sql encolado,Claudio Ponce,N/A,N/A,Sin comentarios
500Qi00000BYsywIAD,00523469,2024-06-04 12:00:14,Closed,AMANT - Reporte Mantencion neumaticos con problemas,Gustavo Cheng,N/A,N/A,Sin comentarios
500Qi00000BZjjtIAD,00523494,2024-06-04 15:22:08,Closed,Problemas Reporte Estados con equipo,South American Support Q,N/A,N/A,Sin comentarios
500Qi00000BZhOmIAL,00523495,2024-06-04 15:25:22,Closed,Problemas en funciones y tablas de BD jview,South American Support Q,N/A,N/A,Sin comentarios
500Qi00000BZghCIAT,00523496,2024-06-04 15:26:03,Closed,MLCC - Revisión Base de Datos,Claudio Ponce,N/A,N/A,Sin comentarios
500Qi00000BZjaEIAT,00523498,2024-06-04 15:31:28,Closed,Licencia VNC hacia equipos de campo,Guillermo Lamas,N/A,N/A,Sin comentarios
500Qi00000Ba5yvIAB,00523501,2024-06-04 17:03:47,Working,AMANT - sql_backup process deletes records in sql_server,Guillermo Lamas,N/A,N/A,Sin comentarios
500Qi00000Ba6etIAB,00523502,2024-06-04 17:17:08,Closed,CNN - FW: Cambios Mayo,Claudio Ponce,N/A,N/A,Sin comentarios
500Qi00000BbM1eIAF,00523537,2024-06-05 04:07:37,Closed,Monitoreo - AMZAL - Equipos desconectados,Ricardo Rubio,N/A,N/A,Sin comentarios
500Qi00000BbKhRIAV,00523538,2024-06-05 04:52:55,Closed,AMZAL - Tabla workers sin datos,Ricardo Rubio,N/A,N/A,Sin comentarios
500Qi00000BbRqwIAF,00523539,2024-06-05 05:14:36,Closed,MLCC - Problema JMineOPS,Ricardo Rubio,N/A,N/A,Sin comentarios
500Qi00000BbS5TIAV,00523540,2024-06-05 05:16:21,Closed,AMCEN - Perforadora PE53 Sin señal GPS,Ricardo Rubio,N/A,N/A,Sin comentarios
500Qi00000BcdI9IAJ,00523584,2024-06-05 11:27:01,Closed,CNN - CE05 con problemas en cierre de ciclo,Gustavo Cheng,N/A,N/A,Sin comentarios
500Qi00000BcqX8IAJ,00523594,2024-06-05 12:26:22,Closed,MLCC - Camiones pierden cargas,Gustavo Cheng,N/A,N/A,Sin comentarios
500Qi00000BdJ4TIAV,00523613,2024-06-05 14:16:01,Closed,MLCC - Agregar columna a vista Descargas(Sumario),Gustavo Cheng,N/A,N/A,Sin comentarios
500Qi00000BdcK9IAJ,00523627,2024-06-05 16:54:36,Closed,MLCC - Sumarización de mayo,Gustavo Cheng,N/A,N/A,Sin comentarios
500Qi00000Be0hJIAR,00523635,2024-06-05 17:50:03,Closed,MLCC - Query detalle tonelaje por hora por pala,Gustavo Cheng,N/A,N/A,Sin comentarios
500Qi00000BgMDtIAN,00523732,2024-06-06 11:47:42,Closed,MLCC - No hay equipos conectados,Gustavo Cheng,N/A,N/A,Sin comentarios
500Qi00000BgBVPIA3,00523733,2024-06-06 12:03:03,Closed,AAM - Camión 57 no levanta aplicativo,Gustavo Cheng,N/A,N/A,Sin comentarios
500Qi00000BgxBsIAJ,00523771,2024-06-06 15:25:54,Closed,AMZAL - Reporte JView sin datos antes de Junio,Gustavo Cheng,N/A,N/A,Sin comentarios
500Qi00000BhC4VIAV,00523782,2024-06-06 17:06:28,Closed,MLCC - Consultas SQL Jigsaw Data IMMT - OPA,Gustavo Cheng,N/A,N/A,Sin comentarios
500Qi00000BjsvZIAR,00523884,2024-06-07 11:53:05,Closed,CNDMH - Actualización contraseña usuario jview,Gustavo Cheng,N/A,N/A,Sin comentarios
500Qi00000BkGmeIAF,00523908,2024-06-07 14:38:49,Closed,AMZAL - Perforadoras con problemas,Gustavo Cheng,N/A,N/A,Sin comentarios
500Qi00000BkVljIAF,00523929,2024-06-07 16:25:53,Closed,CNRI - Recuperar CAEX 116,Gustavo Cheng,N/A,N/A,Sin comentarios
500Qi00000BksjqIAB,00523933,2024-06-07 17:25:49,Closed,Monitoreo - MLCC - Importador pegado,Gustavo Cheng,N/A,N/A,Sin comentarios
500Qi00000BlEafIAF,00523949,2024-06-07 19:47:35,Closed,AAM - Solicitud de setup PALA004,Gustavo Cheng,N/A,N/A,Sin comentarios
500Qi00000Bmg8HIAR,00523983,2024-06-08 14:57:16,Closed,AAM - Calibración del touch de pantalla,Gustavo Cheng,N/A,N/A,Sin comentarios
500Qi00000BmtS5IAJ,00523986,2024-06-08 18:03:31,Closed,AMCEN - Reporte elementos desgaste v2 no muestra datos,Gustavo Cheng,N/A,N/A,Sin comentarios
500Qi00000BmvyYIAR,00523988,2024-06-08 18:36:33,Closed,MLCC - Perforadora 104 no visualiza pozos,Gustavo Cheng,N/A,N/A,Sin comentarios
500Qi00000Bo0BNIAZ,00524024,2024-06-09 10:29:56,Closed,CNRI - Eventos de Pala 201 turno 08-06,Gustavo Cheng,N/A,N/A,Sin comentarios
500Qi00000Bo0bBIAR,00524025,2024-06-09 10:31:52,Closed,CNDMH - Caex 28 y 48 con problemas de sistema,Gustavo Cheng,N/A,N/A,Sin comentarios
500Qi00000Bo6DaIAJ,00524026,2024-06-09 11:52:32,Closed,MLCC - JSPanel en perforadora 101 no levanta,Gustavo Cheng,N/A,N/A,Sin comentarios
500Qi00000BoJKUIA3,00524037,2024-06-09 13:58:18,Closed,MLCC - Importador Diglimit pegado,Gustavo Cheng,N/A,N/A,Sin comentarios
500Qi00000BocN8IAJ,00524045,2024-06-09 16:59:13,Closed,CNDMH - Pala 206 no reconoce camiones cargando,Gustavo Cheng,N/A,N/A,Sin comentarios
500Qi00000BojYHIAZ,00524063,2024-06-09 18:16:13,Closed,MLCC - Sin reportabilidad en planillas excel,Gustavo Cheng,N/A,N/A,Sin comentarios
500Qi00000BpuRgIAJ,00524132,2024-06-10 09:19:07,Closed,MLCC - Planillas excel tardan demasiado en cargar,Gustavo Cheng,N/A,N/A,Sin comentarios
500Qi00000Bq3y0IAB,00524137,2024-06-10 10:18:07,Closed,Revisión de Vims equipo ICV,South American Support Q,N/A,N/A,Sin comentarios
500Qi00000Bq5JqIAJ,00524138,2024-06-10 10:21:37,Closed,Borrado Lógico de equipos ICV,South American Support Q,N/A,N/A,Sin comentarios
500Qi00000BqJJdIAN,00524141,2024-06-10 10:42:05,Closed,Pendientes para Finalizar la Reportabilidad Automática FMS,South American Support Q,N/A,N/A,Sin comentarios
500Qi00000BqwMZIAZ,00524165,2024-06-10 13:39:12,Closed,MLCC - Pala 202 no tiene camiones requeridos,Gustavo Cheng,N/A,N/A,Sin comentarios
500Qi00000BrcdpIAB,00524187,2024-06-10 16:59:03,Closed,MLCC - Multiples perforadoras no reconocen mallas,Gustavo Cheng,N/A,N/A,Sin comentarios
500Qi00000BrxWiIAJ,00524192,2024-06-10 19:17:44,Closed,AMZAL - Consulta sobre hardware de perforadoras precorte,Gustavo Cheng,N/A,N/A,Sin comentarios
500Qi00000BuJxlIAF,00524295,2024-06-11 11:50:22,Closed,"CNN - Revisar sensores plm CE03,CE05",Gustavo Cheng,N/A,N/A,Sin comentarios
500Qi00000BughOIAR,00524302,2024-06-11 12:38:56,Closed,AMZAL - Query no devuelve coordenadas,Gustavo Cheng,N/A,N/A,Sin comentarios
500Qi00000Bug6IIAR,00524303,2024-06-11 12:43:57,Closed,AMZAL - Tabla by_shovel sin datos,Roberto Maldonado,N/A,N/A,Sin comentarios
500Qi00000Bua8xIAB,00524305,2024-06-11 12:46:56,Closed,Recuperar mallas con metros perdidos.,South American Support Q,N/A,N/A,Sin comentarios
500Qi00000BuafDIAR,00524307,2024-06-11 12:51:51,Closed,Monitoreo - CNMS - Sin conexión a servidores,Gustavo Cheng,N/A,N/A,Sin comentarios
500Qi00000BudRoIAJ,00524309,2024-06-11 12:56:11,Closed,CRSTEN - Renovación cuenta de acceso hexagon,Gustavo Cheng,N/A,N/A,Sin comentarios
500Qi00000BvLZFIA3,00524343,2024-06-11 15:21:32,Closed,AMCEN - Cargador frontal 2 con pantalla pegada,Gustavo Cheng,N/A,N/A,Sin comentarios
500Qi00000BvS1GIAV,00524348,2024-06-11 15:56:00,Closed,MLCC - Cuenta de JView,Gustavo Cheng,N/A,N/A,Sin comentarios
500Qi00000BvgXMIAZ,00524367,2024-06-11 17:37:52,Closed,Ajuste de importador para STOCKS,Maikol Salas,N/A,N/A,Sin comentarios
500Qi00000BviUGIAZ,00524369,2024-06-11 17:41:17,Closed,"En múltiples destinos, agregar ley promedio descargado en el destino.",Guillermo Lamas,N/A,N/A,Sin comentarios
500Qi00000BvhtAIAR,00524370,2024-06-11 17:43:22,Closed,"En módulo ""Descargas con coordenadas GPS"" aparezcan los parámetros de los polígonos",Guillermo Lamas,N/A,N/A,Sin comentarios
500Qi00000BzAvPIAV,00524514,2024-06-12 16:21:36,Closed,Veladero - LLaman porque los equipos no aparecen en la vista MTC,Mauricio Estay,N/A,N/A,Sin comentarios
500Qi00000BzQ5jIAF,00524525,2024-06-12 17:58:53,Closed,MLCC - Creacion cuentas Jview,Ricardo Rubio,N/A,N/A,Sin comentarios
500Qi00000BzQP5IAN,00524526,2024-06-12 18:06:34,Closed,CNTTE - Actualización cuenta SQL,Ricardo Rubio,N/A,N/A,Sin comentarios
500Qi00000BzZYqIAN,00524531,2024-06-12 18:37:14,Closed,MLCC - Baja de cuenta Jview,Ricardo Rubio,N/A,N/A,Sin comentarios
500Qi00000BzdpJIAR,00524532,2024-06-12 18:40:53,Closed,AMZAL - Problemas con señal Perforadora D10,Ricardo Rubio,N/A,N/A,Sin comentarios
500Qi00000BznogIAB,00524543,2024-06-12 20:47:02,Closed,CNDMH - Equipos pegados en rampa,Claudio Ponce,N/A,N/A,Sin comentarios
500Qi00000BzwFFIAZ,00524544,2024-06-12 20:59:49,Closed,MLCC - Pozos eliminados,Ricardo Rubio,N/A,N/A,Sin comentarios
500Qi00000BzuYQIAZ,00524546,2024-06-12 21:01:40,Closed,AMCEN - Resumen Ejecutivo 11-06-2024 - ESS,Claudio Ponce,N/A,N/A,Sin comentarios
500Qi00000C02cSIAR,00524555,2024-06-12 22:30:48,Closed,MLCC - Jview desactualizado,Claudio Ponce,N/A,N/A,Sin comentarios
500Qi00000C0QDJIA3,00524584,2024-06-13 01:43:25,Closed,CNRT - Perforadora PE03 no finalizo su pozo,Claudio Ponce,N/A,N/A,Sin comentarios
500Qi00000C0bDbIAJ,00524599,2024-06-13 03:48:17,Closed,AMCEN - CF233 sin gps,Claudio Ponce,N/A,N/A,Sin comentarios
500Qi00000C349pIAB,00524672,2024-06-13 18:09:16,Closed,CNRI - Problemas Cargadores Frontales CF1901 y CF1902,Ricardo Rubio,N/A,N/A,Sin comentarios
500Qi00000C382DIAR,00524678,2024-06-13 18:57:02,Closed,CNDMH - Cambio IP B409,Ricardo Rubio,N/A,N/A,Sin comentarios
500Qi00000C3d17IAB,00524701,2024-06-13 23:53:17,Closed,AMCEN - Solicitud de revision C218,Claudio Ponce,N/A,N/A,Sin comentarios
500Qi00000C3i2PIAR,00524706,2024-06-14 01:03:28,Closed,AMCEN - Solicitud de revision C218 - 219  KPI,Claudio Ponce,N/A,N/A,Sin comentarios
500Qi00000C4LQLIA3,00524731,2024-06-14 07:33:16,Closed,AMCEN - Solicitud de revision C153,Claudio Ponce,N/A,N/A,Sin comentarios
500Qi00000C4WLlIAN,00524735,2024-06-14 08:45:45,Closed,MLCC - Baja de cuenta Jview,Ricardo Rubio,N/A,N/A,Sin comentarios
500Qi00000C5KAUIA3,00524758,2024-06-14 12:33:09,Closed,CNRT - Problema GPS CAEX C322,Ricardo Rubio,N/A,N/A,Sin comentarios
500Qi00000C5CxtIAF,00524761,2024-06-14 13:16:55,Closed,CNRI - Subir Polígono al sistema,Ricardo Rubio,N/A,N/A,Sin comentarios
500Qi00000C5yRJIAZ,00524780,2024-06-14 16:45:50,Closed,CNMS - Tabla Workers sin datos.,Ricardo Rubio,N/A,N/A,Sin comentarios
500Qi00000C67uQIAR,00524782,2024-06-14 17:45:49,Closed,CNDMH - Problema Vista Detalle por Turno,Ricardo Rubio,N/A,N/A,Sin comentarios
500Qi00000C6TrgIAF,00524791,2024-06-14 19:20:26,Closed,CNDMH - Problema Perforadora F105,Ricardo Rubio,N/A,N/A,Sin comentarios
500Qi00000C6XC9IAN,00524795,2024-06-14 20:41:34,Closed,CNRI - Equipos no cambian sus estados,Claudio Ponce,N/A,N/A,Sin comentarios
500Qi00000C6OVQIA3,00524796,2024-06-14 21:11:17,Closed,AMANT - L100 no ve su poligono,Claudio Ponce,N/A,N/A,Sin comentarios
500Qi00000C6jegIAB,00524799,2024-06-14 21:49:17,Closed,MLCC - Solicita cargar polígonos tronadura,Claudio Ponce,N/A,N/A,Sin comentarios
500Qi00000C6m9WIAR,00524805,2024-06-14 22:40:57,Closed,AMCEN - Solicitud de revision de PE53,Claudio Ponce,N/A,N/A,Sin comentarios
500Qi00000C6surIAB,00524809,2024-06-15 00:09:24,Closed,CNDMH - C302 sin GPS,Claudio Ponce,N/A,N/A,Sin comentarios
500Qi00000C7avtIAB,00524826,2024-06-15 09:53:21,Closed,CNDMH - Pantallas Pegadas Camión C328 y Regador R501,Ricardo Rubio,N/A,N/A,Sin comentarios
500Qi00000C8Du1IAF,00524838,2024-06-15 18:06:55,Closed,MLCC - Equipo sin Señal,Ricardo Rubio,N/A,N/A,Sin comentarios
500Qi00000C8BVgIAN,00524839,2024-06-15 18:52:09,Closed,AMZAL - Problemas equipo L13,Ricardo Rubio,N/A,N/A,Sin comentarios
500Qi00000C8UObIAN,00524843,2024-06-15 22:08:41,Closed,CNRT - SAR Caex 911,Claudio Ponce,N/A,N/A,Sin comentarios
500Qi00000C8VW0IAN,00524844,2024-06-15 22:55:56,Closed,CNDMH - C345 problemas de asignacion,Claudio Ponce,N/A,N/A,Sin comentarios
500Qi00000C8ZhdIAF,00524845,2024-06-15 23:37:09,Closed,CNRT - Cambio de clave mineops,Claudio Ponce,N/A,N/A,Sin comentarios
500Qi00000C8q4BIAR,00524854,2024-06-16 04:30:39,Closed,CNRT - Perfo 110 ubicación errónea,Claudio Ponce,N/A,N/A,Sin comentarios
500Qi00000C95w2IAB,00524869,2024-06-16 08:57:46,Closed,Monitoreo - CNCHUQ - Servicio CAS Detenido,Ricardo Rubio,N/A,N/A,Sin comentarios
500Qi00000C9BGgIAN,00524870,2024-06-16 09:23:28,Closed,MLCC - Alerta Ciber Seguridad,Ricardo Rubio,N/A,N/A,Sin comentarios
500Qi00000C9hjaIAB,00524880,2024-06-16 17:28:39,Closed,MAGSA - Problema Importador,Ricardo Rubio,N/A,N/A,Sin comentarios
500Qi00000C9mPuIAJ,00524888,2024-06-16 18:54:59,Closed,AMCEN - Problema Distribucion de Region,Ricardo Rubio,N/A,N/A,Sin comentarios
500Qi00000C9niXIAR,00524889,2024-06-16 18:56:49,Closed,MLCC - Subir Archivo al sistema,Ricardo Rubio,N/A,N/A,Sin comentarios
500Qi00000C9sGoIAJ,00524898,2024-06-16 20:52:25,Closed,CNRT - Informe KPI no muestra informacion,Claudio Ponce,N/A,N/A,Sin comentarios
500Qi00000C9uLqIAJ,00524905,2024-06-16 21:31:43,Closed,MLCC - Perfo 101 sin GPS,Claudio Ponce,N/A,N/A,Sin comentarios
500Qi00000C9yyzIAB,00524909,2024-06-16 22:17:38,Closed,AMCEN - Fwd: carpeta hazard no actualiza,Claudio Ponce,N/A,N/A,Sin comentarios
500Qi00000CAD0HIAX,00524915,2024-06-17 00:47:27,Closed,Monitoreo - MLCC - Procesos sql encolados,Claudio Ponce,N/A,N/A,Sin comentarios
500Qi00000CA7aoIAD,00524919,2024-06-17 01:41:50,Closed,CNRT - Finalizacion de pozo,Claudio Ponce,N/A,N/A,Sin comentarios
500Qi00000CBBFnIAP,00524946,2024-06-17 09:25:36,Closed,MLCC - Destinos Rechazados,Ricardo Rubio,N/A,N/A,Sin comentarios
500Qi00000CBXL9IAP,00524956,2024-06-17 10:44:11,Closed,Monitoreo - AMCEN - Múltiples procesos sql encolados,Ricardo Rubio,N/A,N/A,Sin comentarios
500Qi00000CBzr0IAD,00524965,2024-06-17 12:42:36,Closed,Diferencia con Reporte CIO,South American Support Q,N/A,N/A,Sin comentarios
500Qi00000CBmvKIAT,00524966,2024-06-17 12:43:51,Closed,MAGSA - Problema Malla Subida,Ricardo Rubio,N/A,N/A,Sin comentarios
500Qi00000CCsVZIA1,00524986,2024-06-17 16:05:50,Closed,AMCEN - Problema Jview,Ricardo Rubio,N/A,N/A,Sin comentarios
500Qi00000CCh5aIAD,00524987,2024-06-17 16:11:14,Closed,Monitoreo - CNDMH - Procesos sql encolados,Ricardo Rubio,N/A,N/A,Sin comentarios
500Qi00000CCvTXIA1,00524991,2024-06-17 17:23:16,Closed,CAPCNN - Sumarizacion,Ricardo Rubio,N/A,N/A,Sin comentarios
500Qi00000CDTOfIAP,00525003,2024-06-17 19:20:18,Closed,MAGSA - Problema Malla Subida,Ricardo Rubio,N/A,N/A,Sin comentarios
500Qi00000CDUO0IAP,00525009,2024-06-17 20:24:09,Closed,MLCC - Acceso a carpeta Xfer,Claudio Ponce,N/A,N/A,Sin comentarios
500Qi00000CDYudIAH,00525011,2024-06-17 21:00:04,Closed,CNRI - Caex 123 y 114 problemas de GPS,Claudio Ponce,N/A,N/A,Sin comentarios
500Qi00000CDfw5IAD,00525013,2024-06-17 21:15:37,Closed,CNRT - equipos no cambian sus estados,Claudio Ponce,N/A,N/A,Sin comentarios
500Qi00000CFNoeIAH,00525077,2024-06-18 11:03:44,Closed,AMZAL - Reporte exceso de Velocidad,Ricardo Rubio,N/A,N/A,Sin comentarios
500Qi00000CFc2rIAD,00525080,2024-06-18 11:21:57,Closed,MLCC - Destinos Rechazados,Ricardo Rubio,N/A,N/A,Sin comentarios
500Qi00000CFda1IAD,00525081,2024-06-18 11:26:45,Closed,CNDMH - Sistema caido,Ricardo Rubio,N/A,N/A,Sin comentarios
500Qi00000CFXfuIAH,00525082,2024-06-18 11:35:41,Closed,CNRT - Problema job CAS,Ricardo Rubio,N/A,N/A,Sin comentarios
500Qi00000CGP3bIAH,00525119,2024-06-18 15:00:05,Closed,MAGSA - Problema para subir Hazard,Ricardo Rubio,N/A,N/A,Sin comentarios
500Qi00000CGxOfIAL,00525138,2024-06-18 17:17:08,Closed,AMCEN - Creacion Certificado CA212,Ricardo Rubio,N/A,N/A,Sin comentarios
500Qi00000CH3vSIAT,00525141,2024-06-18 17:39:26,Closed,CNTTE - Actualización cuenta SQL,Ricardo Rubio,N/A,N/A,Sin comentarios
500Qi00000CHX77IAH,00525158,2024-06-18 20:39:54,Closed,Monitoreo - MLCC - Procesos sql encolados,Claudio Ponce,N/A,N/A,Sin comentarios
500Qi00000CICF8IAP,00525190,2024-06-19 04:28:23,Closed,AMCEN - Solicitud de revision de C130,Claudio Ponce,N/A,N/A,Sin comentarios
500Qi00000CJ5DEIA1,00525235,2024-06-19 10:39:49,Closed,MAGSA - Perdida de comunicación MineOps,Roberto Maldonado,N/A,N/A,Sin comentarios
500Qi00000CJVNmIAP,00525245,2024-06-19 12:32:55,Closed,CNTTE - Actualización cuenta SQL,Roberto Maldonado,N/A,N/A,Sin comentarios
500Qi00000CJc4JIAT,00525251,2024-06-19 13:11:02,Closed,CNTTE - Revisión Reason de estados y flotas.,Roberto Maldonado,N/A,N/A,Sin comentarios
500Qi00000CKK27IAH,00525272,2024-06-19 17:12:04,Closed,"AMCEN - Integración a setup de Equipos CA220, CA221, PE68",Roberto Maldonado,N/A,N/A,Sin comentarios
500Qi00000CKpsHIAT,00525292,2024-06-19 20:42:36,Closed,MLCC - Camión C31 se va a reserva teniendo el destino ok,Gustavo Cheng,N/A,N/A,Sin comentarios
500Qi00000CKvHlIAL,00525295,2024-06-19 21:38:48,Closed,AMZAL - Problema en envío automático de reporte exceso de velocidad,Gustavo Cheng,N/A,N/A,Sin comentarios
500Qi00000CL2BCIA1,00525322,2024-06-19 23:39:58,Closed,CNDMH - Zona botadero sin conexión,Roberto Maldonado,N/A,N/A,Sin comentarios
500Qi00000CLKzLIAX,00525342,2024-06-20 03:43:21,Closed,AMCEN - Revisar CA212,Gustavo Cheng,N/A,N/A,Sin comentarios
500Qi00000CM3MzIAL,00525368,2024-06-20 09:12:01,Closed,MLCC - Operador no visualiza rutas definidas,Roberto Maldonado,N/A,N/A,Sin comentarios
500Qi00000CMgHpIAL,00525389,2024-06-20 11:23:51,Closed,Monitoreo - CNDMH -  SQL server encolado,Roberto Maldonado,N/A,N/A,Sin comentarios
500Qi00000CN5GFIA1,00525397,2024-06-20 12:18:30,Closed,CNDRI- Despachador no visualiza la pestaña Polígono desde JmineOps,Roberto Maldonado,N/A,N/A,Sin comentarios
500Qi00000CNEeXIAX,00525407,2024-06-20 13:56:49,Closed,CNDMH -  Revision cuenta Jview Luis Peña,Roberto Maldonado,N/A,N/A,Sin comentarios
500Qi00000COxKzIAL,00525448,2024-06-20 22:29:07,Closed,AMCEN - Reportabilidad tonelaje por hora en aplicativo,Gustavo Cheng,N/A,N/A,Sin comentarios
500Qi00000COxXtIAL,00525449,2024-06-20 22:30:38,Closed,AMANT - Perforadora D01 no visualiza pozos por perforar,Gustavo Cheng,N/A,N/A,Sin comentarios
500Qi00000CP5dWIAT,00525464,2024-06-21 01:20:14,Closed,AMCEN - Revisión C14,Gustavo Cheng,N/A,N/A,Sin comentarios
500Qi00000CQOatIAH,00525487,2024-06-21 11:33:26,Closed,CNDMH - Actualizar equipo C711 de UHP a Core,Roberto Maldonado,N/A,N/A,Sin comentarios
500Qi00000CQLq4IAH,00525490,2024-06-21 11:44:55,Closed,Manto verde - JMineOPS con lentitud en su apertura de modulos,Roberto Maldonado,N/A,N/A,Sin comentarios
500Qi00000CQWgXIAX,00525497,2024-06-21 12:24:07,Closed,Monitoreo - CNDMH - SQL server encolado,Roberto Maldonado,N/A,N/A,Sin comentarios
500Qi00000CQxySIAT,00525504,2024-06-21 13:33:50,Closed,CNDMH - Pala P201 con problemas de comunicación y GPS,Roberto Maldonado,N/A,N/A,Sin comentarios
500Qi00000CRfhlIAD,00525523,2024-06-21 18:11:01,Closed,CNDRT - Problemas de diferencia entre cargas sumario y cargas en equipos de campo,Roberto Maldonado,N/A,N/A,Sin comentarios
500Qi00000CSK51IAH,00525546,2024-06-21 23:38:09,Closed,AMCEN - Revisión display caex 12,Gustavo Cheng,N/A,N/A,Sin comentarios
500Qi00000CSd7aIAD,00525555,2024-06-22 02:59:44,Closed,AMCEN - Camiones no registran bien descargas,Gustavo Cheng,N/A,N/A,Sin comentarios
500Qi00000CScbMIAT,00525557,2024-06-22 03:01:04,Closed,MLCC - Camiones a reserva,Gustavo Cheng,N/A,N/A,Sin comentarios
500Qi00000CSzuTIAT,00525560,2024-06-22 07:19:40,Closed,AMCEN - Revisar C129,Gustavo Cheng,N/A,N/A,Sin comentarios
500Qi00000CTRvZIAX,00525566,2024-06-22 12:11:38,Closed,Manto verde - Setup con configuración de PALA006,Roberto Maldonado,N/A,N/A,Sin comentarios
500Qi00000CTT2yIAH,00525567,2024-06-22 12:55:13,Closed,CNDMH -  Pala P601 no se puede visualizar.,Roberto Maldonado,N/A,N/A,Sin comentarios
500Qi00000CTzArIAL,00525576,2024-06-22 19:03:16,Closed,MLCC - Despachador informa que no puede definir dump DL_E3.5 como destino,Roberto Maldonado,N/A,N/A,Sin comentarios
500Qi00000CU7efIAD,00525579,2024-06-22 21:03:35,Closed,AMCEN - Revisar C122,Gustavo Cheng,N/A,N/A,Sin comentarios
500Qi00000CU5TCIA1,00525580,2024-06-22 21:07:51,Closed,AMCEN - Monitorear C12,Gustavo Cheng,N/A,N/A,Sin comentarios
500Qi00000CUHCbIAP,00525600,2024-06-22 23:40:30,Closed,MLCC - Importador mallas pegado,Roberto Maldonado,N/A,N/A,Sin comentarios
500Qi00000CUaAQIA1,00525604,2024-06-23 05:59:13,Closed,AMCEN - Caex 128 con problemas de gps,Gustavo Cheng,N/A,N/A,Sin comentarios
500Qi00000CUc4BIAT,00525605,2024-06-23 06:00:42,Closed,AMCEN - Caex 160 con problemas de sistema,Gustavo Cheng,N/A,N/A,Sin comentarios
500Qi00000CUz8nIAD,00525611,2024-06-23 11:11:17,Closed,MLCC - Perforadora D103 sin comunicación y no aparece como registro. Perforadora 04 con problemas de pantalla.,Roberto Maldonado,N/A,N/A,Sin comentarios
500Qi00000CV60cIAD,00525622,2024-06-23 13:01:23,Closed,Manto verde - PALA006 problema GPS,Roberto Maldonado,N/A,N/A,Sin comentarios
500Qi00000CV6gXIAT,00525623,2024-06-23 13:04:58,Closed,CNDMH - Problemas asignaciones sector botadero.,South American Support Q,N/A,N/A,Sin comentarios
500Qi00000CV6gYIAT,00525627,2024-06-23 13:13:11,Closed,AMCEN -  Atrasos de actualizacion de con ReasonsCube y TruckCycles,Roberto Maldonado,N/A,N/A,Sin comentarios
500Qi00000CVFQTIA5,00525636,2024-06-23 15:19:17,Closed,MLCC - Problemas con datos desactualizados base de datos.,Roberto Maldonado,N/A,N/A,Sin comentarios
500Qi00000CVN33IAH,00525651,2024-06-23 17:14:13,Closed,MLCC - Perforadora D103 y D104 con perdida de señal y problemas con stock DL_E3.5,Roberto Maldonado,N/A,N/A,Sin comentarios
500Qi00000CVSQvIAP,00525658,2024-06-23 18:29:00,Closed,Monitoreo- CNDMH - Encolamiento constante de SQL_server,Roberto Maldonado,N/A,N/A,Sin comentarios
500Qi00000CVb7dIAD,00525676,2024-06-23 20:43:50,Closed,AMCEN - Cargador frontal no levanta panel,Gustavo Cheng,N/A,N/A,Sin comentarios
500Qi00000CVcrhIAD,00525677,2024-06-23 21:03:23,Closed,AMZAL - Cargador frontal no visualiza dibujo,Gustavo Cheng,N/A,N/A,Sin comentarios
500Qi00000CW75tIAD,00525708,2024-06-24 03:38:46,Closed,MLCC - Perforadora no carga mapa y se reinicia,Gustavo Cheng,N/A,N/A,Sin comentarios
500Qi00000CWMw9IAH,00525724,2024-06-24 06:41:58,Closed,AMCEN - Caex con problemas de posicionamiento,Gustavo Cheng,N/A,N/A,Sin comentarios
500Qi00000CWJ2EIAX,00525725,2024-06-24 06:43:17,Closed,AMCEN - Reportes por hora en mineops desactualizados,Gustavo Cheng,N/A,N/A,Sin comentarios
500Qi00000CWMxmIAH,00525726,2024-06-24 06:44:29,Closed,AMCEN - Revisar Perforadora con pantalla pegada,Gustavo Cheng,N/A,N/A,Sin comentarios
500Qi00000CX9jyIAD,00525760,2024-06-24 10:51:30,Closed,MLCC - Perforadora D103 reinicios de pantalla,Roberto Maldonado,N/A,N/A,Sin comentarios
500Qi00000CYfDBIA1,00525802,2024-06-24 17:38:06,Closed,Monitoreo - DMH - Respaldo de BD servidor secundario,South American Support Q,N/A,N/A,Sin comentarios
500Qi00000CZ3p0IAD,00525814,2024-06-24 19:08:41,Closed,"Caexs con factor de carga erróneos en abril, mayo 2024",South American Support Q,N/A,N/A,Sin comentarios
500Qi00000CZNm1IAH,00525824,2024-06-24 22:13:47,Closed,MLCC - Reportabilidad sin actualizar,Gustavo Cheng,N/A,N/A,Sin comentarios
500Qi00000CZySDIA1,00525850,2024-06-25 04:47:26,Closed,AMCEN - Caex no cambia asignaciones automáticamente,Gustavo Cheng,N/A,N/A,Sin comentarios
500Qi00000CZyaHIAT,00525851,2024-06-25 04:48:32,Closed,AMCEN - Pala figura cargando y está en Mantenimiento,Gustavo Cheng,N/A,N/A,Sin comentarios
500Qi00000CZyaIIAT,00525852,2024-06-25 04:49:14,Closed,AMCEN - Caex sin sistema y pegado,Gustavo Cheng,N/A,N/A,Sin comentarios
500Qi00000CbYILIA3,00525892,2024-06-25 12:49:38,Closed,MLCC - Problema con reporte diario,Roberto Maldonado,N/A,N/A,Sin comentarios
500Qi00000CbqQZIAZ,00525899,2024-06-25 14:09:47,Closed,MLCC - Problema con cuenta Mineops Ricardo Ramirez,Roberto Maldonado,N/A,N/A,Sin comentarios
500Qi00000CboroIAB,00525901,2024-06-25 14:12:29,Closed,Revisión consistencia Tablas,Guillermo Lamas,N/A,N/A,Sin comentarios
500Qi00000Cc6X0IAJ,00525907,2024-06-25 15:52:44,Closed,Monitoreo - AMANT - SQL_server encolado,Roberto Maldonado,N/A,N/A,Sin comentarios
500Qi00000CcKBiIAN,00525908,2024-06-25 16:00:22,Closed,CNN - Sumarizacion mes de Junio,Gustavo Cheng,N/A,N/A,Sin comentarios
500Qi00000Ccq1tIAB,00525932,2024-06-25 18:20:23,Closed,CNTTE - Matias Pizarro planificador corto plazo solicita aplicacion Jmineops en su PC,Gustavo Cheng,N/A,N/A,Sin comentarios
500Qi00000CcfhbIAB,00525934,2024-06-25 18:28:26,Closed,Solicitud de cambio de grupo de operadores en sistema FMS,Guillermo Lamas,N/A,N/A,Sin comentarios
500Qi00000CdKEUIA3,00525958,2024-06-25 22:59:10,Closed,AMCEN - PA1 no pasa de cargando a esperando,Gustavo Cheng,N/A,N/A,Sin comentarios
500Qi00000CdWXNIA3,00525971,2024-06-26 01:12:23,Closed,AMCEN - Revisar C18 no levanta,Gustavo Cheng,N/A,N/A,Sin comentarios
500Qi00000CdWZ0IAN,00525973,2024-06-26 01:12:59,Closed,AMCEN - Revisión C160 no levanta pantalla,Gustavo Cheng,N/A,N/A,Sin comentarios
500Qi00000CdkSKIAZ,00525978,2024-06-26 03:10:32,Closed,AMCEN - Revisar C154,Gustavo Cheng,N/A,N/A,Sin comentarios
500Qi00000CdrTmIAJ,00525981,2024-06-26 04:19:58,Closed,MLCC - Sumarización días 08-06 y 11-06,Gustavo Cheng,N/A,N/A,Sin comentarios
500Qi00000CeLlFIAV,00525996,2024-06-26 08:57:52,Closed,Mantoverde - Sin acceso a ME,Claudio Ponce,N/A,N/A,Sin comentarios
500Qi00000CedoXIAR,00526000,2024-06-26 09:51:03,Closed,MLCC - Solicita Distribución Reporte Diario Jigsaw,Claudio Ponce,N/A,N/A,Sin comentarios
500Qi00000CeTfaIAF,00526003,2024-06-26 10:13:49,Closed,CNRI - Caex 113 alarmas constantes,Claudio Ponce,N/A,N/A,Sin comentarios
500Qi00000CfatXIAR,00526038,2024-06-26 14:32:42,Closed,Monitoreo - AMZAL - Procesos sql encolados,Claudio Ponce,N/A,N/A,Sin comentarios
500Qi00000Cfh27IAB,00526041,2024-06-26 14:43:36,Closed,MLCC - Lista de Usuarios y Pefiles Jigsaw,Claudio Ponce,N/A,N/A,Sin comentarios
500Qi00000CfwUAIAZ,00526044,2024-06-26 15:15:21,Closed,MAGSA - Database migration to 2.8-005 with postgresql 12.14,Guillermo Lamas,N/A,N/A,Sin comentarios
500Qi00000Cg0kgIAB,00526045,2024-06-26 15:22:43,Escalate PD,CNCHQ - Database migration to 2.8-005 with postgresql 12.14,Guillermo Lamas,N/A,N/A,Sin comentarios
500Qi00000Cg2PuIAJ,00526047,2024-06-26 15:25:09,Closed,CNDMH - Database migration to 2.8-005 with postgresql 12.14,Guillermo Lamas,N/A,N/A,Sin comentarios
500Qi00000CfypKIAR,00526048,2024-06-26 15:27:23,Closed,"CNN - EXTERNO]RE: Campo ""comentarios"" en Estado de Equipo",Claudio Ponce,N/A,N/A,Sin comentarios
500Qi00000Cg2BPIAZ,00526049,2024-06-26 15:28:11,Escalate PD,CNDRT - Database migration to 2.8-005 with postgresql 12.14,Guillermo Lamas,N/A,N/A,Sin comentarios
500Qi00000CfzOoIAJ,00526051,2024-06-26 15:30:34,Escalate PD,CNMS - Database migration to 2.8-005 with postgresql 12.14,Guillermo Lamas,N/A,N/A,Sin comentarios
500Qi00000Cg71NIAR,00526055,2024-06-26 15:42:09,Closed,CNTTE - check list  cargador f 503,Tomas Jimenez,N/A,N/A,Sin comentarios
500Qi00000CgXn7IAF,00526072,2024-06-26 19:39:24,Closed,MLCC - Dibujos jigsaw_2024_06_26.dxf,Ricardo Rubio,N/A,N/A,Sin comentarios
500Qi00000Ch7liIAB,00526082,2024-06-26 22:51:15,Closed,MLCC - Problema Importador Mallas,Ricardo Rubio,N/A,N/A,Sin comentarios
500Qi00000ChAlBIAV,00526083,2024-06-26 22:52:53,Closed,MLCC - Problema Perforadora D105,Ricardo Rubio,N/A,N/A,Sin comentarios
500Qi00000ChtqLIAR,00526107,2024-06-27 05:59:22,Closed,AMCEN - Problema GPS CF231,Ricardo Rubio,N/A,N/A,Sin comentarios
500Qi00000ChttZIAR,00526108,2024-06-27 06:00:20,Closed,MLCC - Destinos Rechazados,Ricardo Rubio,N/A,N/A,Sin comentarios
500Qi00000Chq9MIAR,00526110,2024-06-27 06:18:19,Closed,AMZAL - Sumarizar,Claudio Ponce,N/A,N/A,Sin comentarios
500Qi00000Ci7i6IAB,00526123,2024-06-27 09:05:15,Closed,MLCC - Importador no carga,Claudio Ponce,N/A,N/A,Sin comentarios
500Qi00000CiLppIAF,00526125,2024-06-27 09:12:30,Closed,MLCC - KPI D103,Claudio Ponce,N/A,N/A,Sin comentarios
500Qi00000CiQb2IAF,00526136,2024-06-27 10:06:07,Closed,MLCC - Falla en alta precisión equipos de carguío.,Claudio Ponce,N/A,N/A,Sin comentarios
500Qi00000CidhvIAB,00526142,2024-06-27 10:47:15,Closed,CNCHUQ - Caida servidor secundario,Claudio Ponce,N/A,N/A,Sin comentarios
500Qi00000CiypZIAR,00526147,2024-06-27 11:45:32,Closed,AMZAL - Perforadora D14 no visualiza información del pozo,Claudio Ponce,N/A,N/A,Sin comentarios
500Qi00000CjhjRIAR,00526178,2024-06-27 14:54:43,Closed,AMZAL - Sumarizar,Claudio Ponce,N/A,N/A,Sin comentarios
500Qi00000CjpvWIAR,00526183,2024-06-27 16:05:41,Closed,CNDMH - Pantallas de relevo pegadas,Claudio Ponce,N/A,N/A,Sin comentarios
500Qi00000Ck5QnIAJ,00526189,2024-06-27 16:34:28,Closed,Monitoreo - MLCC - Procesos sql encolados,Claudio Ponce,N/A,N/A,Sin comentarios
500Qi00000Ck6RiIAJ,00526191,2024-06-27 16:56:05,Closed,CNCHUQ - Pantallas pegadas,Claudio Ponce,N/A,N/A,Sin comentarios
500Qi00000CkXbaIAF,00526205,2024-06-27 19:21:54,Closed,"Mantoverde - Preparación de pendrive de configuración para CAEX80, CAEX91, CAEX93",Claudio Ponce,N/A,N/A,Sin comentarios
500Qi00000Ckb7KIAR,00526220,2024-06-27 21:09:22,Closed,AMCEN - Problema Pala PA211,Ricardo Rubio,N/A,N/A,Sin comentarios
500Qi00000CkkU1IAJ,00526225,2024-06-27 22:51:56,Closed,MLCC - Problema Importador Mallas,Ricardo Rubio,N/A,N/A,Sin comentarios
500Qi00000Cl4KbIAJ,00526235,2024-06-28 01:57:38,Closed,CNRT - Caida Jview,Ricardo Rubio,N/A,N/A,Sin comentarios
500Qi00000ClsVtIAJ,00526263,2024-06-28 08:12:53,Closed,CNRT - creacion cuenta mineops,Claudio Ponce,N/A,N/A,Sin comentarios
500Qi00000CmFDxIAN,00526271,2024-06-28 09:57:53,Closed,CNCHUQ - Revision de equipos,Claudio Ponce,N/A,N/A,Sin comentarios
500Qi00000CmIVCIA3,00526274,2024-06-28 10:15:17,Closed,MLCC - P210 sin señal,Claudio Ponce,N/A,N/A,Sin comentarios
500Qi00000CmOsNIAV,00526280,2024-06-28 10:45:17,Closed,MLCC - Reinicio P201,Claudio Ponce,N/A,N/A,Sin comentarios
500Qi00000Cmi9ZIAR,00526289,2024-06-28 12:40:26,Closed,CNDMH - Datos ericar sin actualizar,Claudio Ponce,N/A,N/A,Sin comentarios
500Qi00000CnkUHIAZ,00526310,2024-06-28 16:37:21,Closed,CNN - RV: Budget Forecast,Claudio Ponce,N/A,N/A,Sin comentarios
500Qi00000Co7AgIAJ,00526312,2024-06-28 17:59:22,Closed,CNDMH - C377 sin barras de conexion,Claudio Ponce,N/A,N/A,Sin comentarios
500Qi00000Co0SYIAZ,00526316,2024-06-28 18:35:10,Closed,CNMS - reportes con suscripción no se están enviando,Claudio Ponce,N/A,N/A,Sin comentarios
500Qi00000CocXpIAJ,00526320,2024-06-28 22:16:45,Closed,MLCC - Destinos Rechazados,Ricardo Rubio,N/A,N/A,Sin comentarios
500Qi00000CoWc6IAF,00526321,2024-06-28 22:19:13,Closed,AMCEN - Sumarizar día 27 de Junio,Ricardo Rubio,N/A,N/A,Sin comentarios
500Qi00000CogefIAB,00526323,2024-06-28 23:09:49,Closed,AMCEN - Problema GPS Perforadora PE4,Ricardo Rubio,N/A,N/A,Sin comentarios
500Qi00000Cp0ThIAJ,00526330,2024-06-29 03:48:52,Closed,AMZAL - Problemas pantalla CAS,Ricardo Rubio,N/A,N/A,Sin comentarios
500Qi00000CpEZtIAN,00526334,2024-06-29 07:20:57,Closed,CNCHUQ - Problema CAEX C167 pierde vueltas,Ricardo Rubio,N/A,N/A,Sin comentarios
500Qi00000CpIP3IAN,00526335,2024-06-29 08:22:34,Closed,CNRT - PA205 pantalla apagada,Claudio Ponce,N/A,N/A,Sin comentarios
500Qi00000CpSg6IAF,00526336,2024-06-29 10:15:04,Closed,AMCEN - Revisar PE53,Claudio Ponce,N/A,N/A,Sin comentarios
500Qi00000CpQw3IAF,00526337,2024-06-29 10:28:36,Closed,Monitore - CNRT - Revisión de Mine Enterprise,Claudio Ponce,N/A,N/A,Sin comentarios
500Qi00000CpV65IAF,00526338,2024-06-29 10:30:32,Closed,Monitoreo - CNMS - Revisión de Mine Enterprise,Claudio Ponce,N/A,N/A,Sin comentarios
500Qi00000CpVFlIAN,00526339,2024-06-29 10:31:39,Closed,Monitoreo - CNCHUQ - Revisión de Mine Enterprise,Claudio Ponce,N/A,N/A,Sin comentarios
500Qi00000CpVPRIA3,00526340,2024-06-29 10:32:41,Closed,Monitoreo - CNDMH - Revisión de Mine Enterprise,Claudio Ponce,N/A,N/A,Sin comentarios
500Qi00000CpTtuIAF,00526341,2024-06-29 10:38:17,Closed,AMCEN - Revisar C43,Claudio Ponce,N/A,N/A,Sin comentarios
500Qi00000CpTykIAF,00526343,2024-06-29 11:11:47,Closed,CNCHUQ - reportes con suscripción no se están enviando,Claudio Ponce,N/A,N/A,Sin comentarios
500Qi00000CpqH2IAJ,00526349,2024-06-29 15:02:28,Closed,Monitoreo - MLCC - Procesos sql encolados,Claudio Ponce,N/A,N/A,Sin comentarios
500Qi00000CpuioIAB,00526350,2024-06-29 16:37:15,Closed,CNRT - Camion 920,Claudio Ponce,N/A,N/A,Sin comentarios
500Qi00000Cq3EEIAZ,00526353,2024-06-29 18:04:32,Closed,AMCEN - Revisar PE10,Claudio Ponce,N/A,N/A,Sin comentarios
500Qi00000Cq3irIAB,00526354,2024-06-29 18:06:05,Closed,MLCC - Reinicio de pala 201 y 202,Claudio Ponce,N/A,N/A,Sin comentarios
500Qi00000Cq9RhIAJ,00526357,2024-06-29 19:20:15,Closed,AMZAL - Revisar pl rutas,Claudio Ponce,N/A,N/A,Sin comentarios
500Qi00000Cq7XyIAJ,00526361,2024-06-29 19:52:41,Closed,AMZAL - H34 no carga las vueltas,Claudio Ponce,N/A,N/A,Sin comentarios
500Qi00000CqJZ8IAN,00526363,2024-06-29 22:43:10,Closed,CNDMH - Sistema Jview caido,Ricardo Rubio,N/A,N/A,Sin comentarios
500Qi00000CqI3cIAF,00526364,2024-06-29 22:47:24,Closed,AMZAL - Problemas Antena CAS Camion H42,Ricardo Rubio,N/A,N/A,Sin comentarios
500Qi00000CqhWdIAJ,00526372,2024-06-30 05:25:22,Closed,CNCHUQ - Combustible C155,Ricardo Rubio,N/A,N/A,Sin comentarios
500Qi00000CqhRnIAJ,00526374,2024-06-30 05:54:28,Closed,CNCHUQ - Problema CF882 Cambios de estado,Ricardo Rubio,N/A,N/A,Sin comentarios
500Qi00000CqtfpIAB,00526385,2024-06-30 08:28:30,Closed,CNCHUQ - Trafico Puerto 25 - 165.182.188.71,Claudio Ponce,N/A,N/A,Sin comentarios
500Qi00000CqtzBIAR,00526386,2024-06-30 08:30:44,Closed,AMCEN - Revisar C43,Claudio Ponce,N/A,N/A,Sin comentarios
500Qi00000Cr09RIAR,00526388,2024-06-30 09:44:56,Closed,CNRT - Bull 450 señal intermitente,Gustavo Cheng,N/A,N/A,Sin comentarios
500Qi00000CqzF1IAJ,00526389,2024-06-30 09:45:47,Closed,AMCEN - Revisar C34,Claudio Ponce,N/A,N/A,Sin comentarios
500Qi00000Cr4hhIAB,00526393,2024-06-30 10:54:35,Closed,CNCHUQ - C472 sin GPS,Claudio Ponce,N/A,N/A,Sin comentarios
500Qi00000Cr7xJIAR,00526397,2024-06-30 11:32:17,Closed,MLCC - Consulta de reporte Jview,Claudio Ponce,N/A,N/A,Sin comentarios
500Qi00000Cr8DRIAZ,00526399,2024-06-30 11:35:52,Closed,AMCEN - Revisar PA2 y PA10,Claudio Ponce,N/A,N/A,Sin comentarios
500Qi00000Cr3iUIAR,00526400,2024-06-30 11:36:23,Closed,AMCEN - Revisar C134,Claudio Ponce,N/A,N/A,Sin comentarios
500Qi00000CrDOPIA3,00526401,2024-06-30 12:50:34,Closed,AMCEN - Sumarizacion Junio,Claudio Ponce,N/A,N/A,Sin comentarios
500Qi00000CrDhmIAF,00526406,2024-06-30 14:15:36,Closed,MLCC - Perforadora 101.,Claudio Ponce,N/A,N/A,Sin comentarios
500Qi00000CrVLKIA3,00526421,2024-06-30 17:22:19,Closed,CNRT - Pala 215 pantalla pegada,Claudio Ponce,N/A,N/A,Sin comentarios
500Qi00000CrQYfIAN,00526422,2024-06-30 17:23:14,Closed,Monitoreo - MLCC - Procesos sql encolados,Claudio Ponce,N/A,N/A,Sin comentarios
500Qi00000CrXIHIA3,00526424,2024-06-30 17:33:00,Closed,MLCC - Perforadora 101 sin GPS,Claudio Ponce,N/A,N/A,Sin comentarios
500Qi00000Crj1hIAB,00526447,2024-06-30 20:15:40,Closed,AMCEN - Sin acceso a Jview,Claudio Ponce,N/A,N/A,Sin comentarios
500Qi00000Crr2UIAR,00526468,2024-06-30 21:47:57,Closed,MLCC - Problema Importador Planes,Ricardo Rubio,N/A,N/A,Sin comentarios
500Qi00000Cs5ztIAB,00526485,2024-07-01 01:21:47,Closed,CNRT - Problema CAS Pala P215,Ricardo Rubio,N/A,N/A,Sin comentarios
500Qi00000CrvXXIAZ,00526486,2024-07-01 01:25:39,Closed,Monitoreo - CNDMH - Procesos sql encolados,Ricardo Rubio,N/A,N/A,Sin comentarios
500Qi00000CsSRpIAN,00526511,2024-07-01 05:43:58,Closed,AMCEN - Problema Pala PA26,Ricardo Rubio,N/A,N/A,Sin comentarios
500Qi00000Csk29IAB,00526518,2024-07-01 08:20:38,Closed,CNRT - Pala 710 sin GPS,Claudio Ponce,N/A,N/A,Sin comentarios
500Qi00000CskyFIAR,00526532,2024-07-01 09:31:14,Closed,AMCEN - Desfase resumen ejecutivo,Claudio Ponce,N/A,N/A,Sin comentarios
500Qi00000Ctbb7IAB,00526561,2024-07-01 12:01:20,Closed,Monitoreo - AMCEN - Reinicios de JAMS,Claudio Ponce,N/A,N/A,Sin comentarios
500Qi00000Cts8vIAB,00526569,2024-07-01 13:11:34,Closed,AMANT - diferencia by_detail_dumps,Claudio Ponce,N/A,N/A,Sin comentarios
500Qi00000CtoF4IAJ,00526573,2024-07-01 13:44:41,Closed,Monitoreo - CNDMH - Procesos sql encolados,Claudio Ponce,N/A,N/A,Sin comentarios
500Qi00000Cu85kIAB,00526582,2024-07-01 15:07:04,Closed,AMZAL - Sumarizacion 24 al 30,Claudio Ponce,N/A,N/A,Sin comentarios
500Qi00000CuRWiIAN,00526610,2024-07-01 16:42:45,Closed,MLCC - Tráficos de datos,Claudio Ponce,N/A,N/A,Sin comentarios
500Qi00000Cuz8VIAR,00526623,2024-07-01 18:43:38,Closed,AMCEN - Sumarizacion 1 de Julio,Claudio Ponce,N/A,N/A,Sin comentarios
500Qi00000Cv2fiIAB,00526628,2024-07-01 19:26:17,Closed,Monitoreo - MLCC - Procesos sql encolados,Claudio Ponce,N/A,N/A,Sin comentarios
500Qi00000CuzmiIAB,00526629,2024-07-01 19:31:03,Closed,AMZAL - Pala N°2 no carga el poligono,Claudio Ponce,N/A,N/A,Sin comentarios
500Qi00000CvQGdIAN,00526636,2024-07-01 22:42:45,Closed,AMZAL - Problema D11 GPS,Ricardo Rubio,N/A,N/A,Sin comentarios
500Qi00000CvwzfIAB,00526653,2024-07-02 04:33:21,Closed,MLCC - Problema Descarga y Descarga Sumario,Gustavo Cheng,N/A,N/A,Sin comentarios
500Qi00000Cw2XEIAZ,00526658,2024-07-02 05:24:01,Closed,AMCEN - Problema Pala PA11,Ricardo Rubio,N/A,N/A,Sin comentarios
500Qi00000Cw1ZXIAZ,00526659,2024-07-02 05:27:55,Closed,AMCEN - Factor de Carga Julio,Ricardo Rubio,N/A,N/A,Sin comentarios
500Qi00000Cw6J3IAJ,00526660,2024-07-02 05:30:21,Closed,AMANT - Problemas Camiones H28 y H18,Ricardo Rubio,N/A,N/A,Sin comentarios
500Qi00000Cw6pJIAR,00526661,2024-07-02 05:32:26,Closed,CNRT - Problema Señal Pala P205,Ricardo Rubio,N/A,N/A,Sin comentarios
500Qi00000CwGzxIAF,00526665,2024-07-02 07:13:32,Closed,MLCC - Recuperar Botadero,Ricardo Rubio,N/A,N/A,Sin comentarios
500Qi00000CvrzyIAB,00526669,2024-07-02 07:37:46,Closed,CNRI - Problema CAEX CE115,Ricardo Rubio,N/A,N/A,Sin comentarios
500Qi00000CwYP2IAN,00526680,2024-07-02 09:32:05,Closed,CNCHUQ - 624 sin GPS,Claudio Ponce,N/A,N/A,Sin comentarios
500Qi00000CwjIoIAJ,00526681,2024-07-02 09:45:34,Closed,Monitoreo - CNDMH - Procesos sql encolados,Claudio Ponce,N/A,N/A,Sin comentarios
500Qi00000Cwg9fIAB,00526682,2024-07-02 09:53:01,Closed,MLCC - Halo de tronadura no se carga,Claudio Ponce,N/A,N/A,Sin comentarios
500Qi00000CwlXVIAZ,00526683,2024-07-02 09:58:30,Closed,AMCEN - Error en transporte,Gustavo Cheng,N/A,N/A,Sin comentarios
500Qi00000Cx2TZIAZ,00526693,2024-07-02 11:34:31,Closed,MLCC - Sumarizacion cierre de mes junio 2024,Claudio Ponce,N/A,N/A,Sin comentarios
500Qi00000CxWWRIA3,00526708,2024-07-02 12:58:26,Closed,CNTTE - Cambio de clave mineops y Jview,Claudio Ponce,N/A,N/A,Sin comentarios
500Qi00000CxR8bIAF,00526710,2024-07-02 13:13:33,Closed,MLCC - Halo de tronadura no se carga 2,Claudio Ponce,N/A,N/A,Sin comentarios
500Qi00000Cxy9MIAR,00526724,2024-07-02 15:21:12,Closed,CNRT - sumarizar 01 al 20 de junio 2024,Claudio Ponce,N/A,N/A,Sin comentarios
500Qi00000CyFOfIAN,00526726,2024-07-02 16:02:02,Closed,MAGSA - Modelos y flota de equipos Veladero,Claudio Ponce,N/A,N/A,Sin comentarios
500Qi00000CyBzPIAV,00526728,2024-07-02 16:09:09,Closed,CNN - Conciliación Mina / Mantenimiento - Resumarización jigsaw  - Semana 26,Claudio Ponce,N/A,N/A,Sin comentarios
500Qi00000CyWJ4IAN,00526735,2024-07-02 17:38:44,Closed,MLCC - Lista de Usuarios y Pefiles Jigsaw,Claudio Ponce,N/A,N/A,Sin comentarios
500Qi00000CyltBIAR,00526742,2024-07-02 18:42:59,Closed,CNMS - Archivos de planes,Claudio Ponce,N/A,N/A,Sin comentarios
500Qi00000CzGAbIAN,00526783,2024-07-03 00:19:14,Closed,CNRT - Problema CAEX C950,Ricardo Rubio,N/A,N/A,Sin comentarios
500Qi00000CzGKHIA3,00526784,2024-07-03 00:23:58,Closed,AAM - Problemas Equipos MineOPS,Ricardo Rubio,N/A,N/A,Sin comentarios
500Qi00000CzGSLIA3,00526785,2024-07-03 00:25:27,Closed,AAM - Cambio de Contraseña MineOPS,Ricardo Rubio,N/A,N/A,Sin comentarios
500Qi00000CzEtcIAF,00526786,2024-07-03 00:27:01,Closed,AAM - Problemas Reportes Jview,Ricardo Rubio,N/A,N/A,Sin comentarios
500Qi00000CzH0DIAV,00526787,2024-07-03 00:31:39,Closed,CNCHUQ - Problemas PA894 y PA230,Ricardo Rubio,N/A,N/A,Sin comentarios
500Qi00000CzAJlIAN,00526788,2024-07-03 00:32:46,Closed,Monitoreo - MLCC - Procesos encolados SQL,Ricardo Rubio,N/A,N/A,Sin comentarios
500Qi00000CzJlBIAV,00526796,2024-07-03 01:03:42,Closed,AMCEN - Problema CF3,Ricardo Rubio,N/A,N/A,Sin comentarios
500Qi00000CznxnIAB,00526827,2024-07-03 06:10:35,Closed,CNRT - Problema RT5,Ricardo Rubio,N/A,N/A,Sin comentarios
500Qi00000CzrBoIAJ,00526829,2024-07-03 06:48:27,Closed,Monitoreo - CNDMH - Procesos encolados SQL,Ricardo Rubio,N/A,N/A,Sin comentarios
500Qi00000D0FIwIAN,00526848,2024-07-03 09:36:39,Closed,AMZAL - Modificar destinatario reporte automático,Gustavo Cheng,N/A,N/A,Sin comentarios
500Qi00000D0FsRIAV,00526849,2024-07-03 09:39:26,Closed,CNRT - Sumarización días con diferencia,Gustavo Cheng,N/A,N/A,Sin comentarios
500Qi00000D0QELIA3,00526851,2024-07-03 10:03:37,Closed,Monitoreo - AMANT - Sumarizador detenido,Gustavo Cheng,N/A,N/A,Sin comentarios
500Qi00000D0VHFIA3,00526853,2024-07-03 10:22:42,Working,CNRI - LTE Network Signal Strength Reading on MASEP Displays,Guillermo Lamas,N/A,N/A,Sin comentarios
500Qi00000D0V1EIAV,00526858,2024-07-03 10:51:07,Closed,AMCEN - Sin acceso a aplicativo jview,Gustavo Cheng,N/A,N/A,Sin comentarios
500Qi00000D0ch0IAB,00526872,2024-07-03 11:44:52,Closed,CNDMH - Revisión de caex,Nelson Donoso,N/A,N/A,Sin comentarios
500Qi00000D0yZPIAZ,00526877,2024-07-03 13:08:01,Closed,CNDMH - Revisión de moto,Gustavo Cheng,N/A,N/A,Sin comentarios
500Qi00000D1SXUIA3,00526898,2024-07-03 15:50:04,Closed,CNN - Cambio de factor de carga,Gustavo Cheng,N/A,N/A,Sin comentarios
500Qi00000D1qjRIAR,00526903,2024-07-03 16:52:45,Closed,CNRT - Revisar C322,Gustavo Cheng,N/A,N/A,Sin comentarios
500Qi00000D1oJVIAZ,00526905,2024-07-03 17:39:45,Closed,MLCC - Planes budget encolados,Gustavo Cheng,N/A,N/A,Sin comentarios
500Qi00000D26d1IAB,00526920,2024-07-03 18:47:50,Closed,AMCEN - Replica no finaliza correctamente,Gustavo Cheng,N/A,N/A,Sin comentarios
500Qi00000D29hGIAR,00526922,2024-07-03 18:52:48,Closed,Monitoreo - CNDMH - Procesos encolados,Gustavo Cheng,N/A,N/A,Sin comentarios
500Qi00000D2AILIA3,00526923,2024-07-03 18:55:01,Closed,CNDRT - Crear usuario jmineops,Gustavo Cheng,N/A,N/A,Sin comentarios
500Qi00000D2UybIAF,00526939,2024-07-03 22:23:35,Closed,Monitoreo - CNDMH - Equipos de red LTE desconectados,Gustavo Cheng,N/A,N/A,Sin comentarios
500Qi00000D2dSPIAZ,00526965,2024-07-04 00:21:30,Closed,Monitoreo - CNDMH - Servicios SQL server encolados reiteradamente.,Roberto Maldonado,N/A,N/A,Sin comentarios
500Qi00000D3YP3IAN,00526981,2024-07-04 08:49:35,Closed,CNDRT - Revisión caex 914,Gustavo Cheng,N/A,N/A,Sin comentarios
500Qi00000D3fFFIAZ,00526985,2024-07-04 09:30:53,Closed,CNRI - Pala 204 no aparece en sistema,Gustavo Cheng,N/A,N/A,Sin comentarios
500Qi00000D3UriIAF,00526986,2024-07-04 09:38:20,Closed,TQB - Problema para acceder a la aplicación,Gustavo Cheng,N/A,N/A,Sin comentarios
500Qi00000D3uMLIAZ,00526999,2024-07-04 11:27:40,Closed,CNDRT - Revisión caex 322,Gustavo Cheng,N/A,N/A,Sin comentarios
500Qi00000D3uarIAB,00527000,2024-07-04 11:28:56,Closed,CNDRT - Revisión caex 328,Gustavo Cheng,N/A,N/A,Sin comentarios
500Qi00000D3wsoIAB,00527001,2024-07-04 12:03:35,Closed,CNDRT - Crear usuario jmineops,Gustavo Cheng,N/A,N/A,Sin comentarios
500Qi00000D3yRaIAJ,00527004,2024-07-04 12:20:38,Closed,AMANT- Equipo no se conecta al JAMS,Tomas Jimenez,N/A,N/A,Sin comentarios
500Qi00000D4GY9IAN,00527018,2024-07-04 15:02:54,Closed,CNDRT - Pala 205 con pantalla pegada,Gustavo Cheng,N/A,N/A,Sin comentarios
500Qi00000D4qQLIAZ,00527039,2024-07-04 21:46:54,Closed,CNCHUQ - Ubicación de CR67,Roberto Maldonado,N/A,N/A,Sin comentarios
500Qi00000D53KLIAZ,00527058,2024-07-05 00:22:20,Closed,Monitoreo - CNDMH - Equipos de red LTE desconectados,Roberto Maldonado,N/A,N/A,Sin comentarios
500Qi00000D55kMIAR,00527060,2024-07-05 01:19:38,Closed,AAM - Descargas en destino desconocido,Roberto Maldonado,N/A,N/A,Sin comentarios
500Qi00000D4oTPIAZ,00527089,2024-07-05 03:53:53,Closed,CNRT - C825 sin GPS,Roberto Maldonado,N/A,N/A,Sin comentarios
500Qi00000D5HvCIAV,00527103,2024-07-05 08:25:43,Closed,AMZAL - cambiar forma de representación correo automático de reporte,Gustavo Cheng,N/A,N/A,Sin comentarios
500Qi00000D75ZmIAJ,00527139,2024-07-05 14:38:33,Closed,MLCC - No actualizan planillas excel,Gustavo Cheng,N/A,N/A,Sin comentarios
500Qi00000D6s9cIAB,00527141,2024-07-05 14:46:52,Closed,AMANT - Revisión de Bull 3,Gustavo Cheng,N/A,N/A,Sin comentarios
500Qi00000D81lqIAB,00527169,2024-07-05 23:14:25,Closed,Monitoreo - MAGSA - Encolamiento SQL_server,Roberto Maldonado,N/A,N/A,Sin comentarios
500Qi00000D85KoIAJ,00527170,2024-07-05 23:56:41,Closed,AMANT - Pala 04 SH02 sin comunicación.,Roberto Maldonado,N/A,N/A,Sin comentarios
500Qi00000D8iu1IAB,00527184,2024-07-06 09:42:43,Closed,MLCC - D104 no muestra KPIs,Gustavo Cheng,N/A,N/A,Sin comentarios
500Qi00000D941hIAB,00527191,2024-07-06 14:09:46,Closed,CNDMH - Instalar aplicativo mineops,Gustavo Cheng,N/A,N/A,Sin comentarios
500Qi00000D9IkbIAF,00527194,2024-07-06 17:48:16,Closed,MLCC - Reportabilidad desactualizada,Gustavo Cheng,N/A,N/A,Sin comentarios
500Qi00000D9NE1IAN,00527195,2024-07-06 19:09:10,Closed,CNRI - Camiones nuevos no se les puede asignar vueltas,Gustavo Cheng,N/A,N/A,Sin comentarios
500Qi00000D9eMvIAJ,00527199,2024-07-06 23:58:58,Closed,Monitoreo - CNRT - AP E Ripios B y MRT sur A sin conexion.,Roberto Maldonado,N/A,N/A,Sin comentarios
500Qi00000D9xMLIAZ,00527205,2024-07-07 05:39:01,Closed,Monitoreo - CNDMH -  SQL server encolado,Roberto Maldonado,N/A,N/A,Sin comentarios
500Qi00000DA7ghIAD,00527210,2024-07-07 09:16:46,Closed,AMZAL - Baja cobertura de red en Stocks Baja Ley y Stocks 8 y 9,Guillermo Lamas,N/A,N/A,Sin comentarios
500Qi00000DBaVLIA1,00527286,2024-07-08 06:19:29,Closed,"Manto verde - Equipo 2CF9203, Regadores 2CAM7303 y REKO004 sin posicionamiento actual.",Gustavo Cheng,N/A,N/A,Sin comentarios
500Qi00000DCrM2IAL,00527374,2024-07-08 12:45:55,Closed,"AMZAL - Punto descargas con ""descarga"" errónea",Ricardo Rubio,N/A,N/A,Sin comentarios
500Qi00000DDyWnIAL,00527391,2024-07-08 17:03:10,Working,AMCEN - problemas vista Produccion Fase,Guillermo Lamas,N/A,N/A,Sin comentarios
500Qi00000DE4h6IAD,00527399,2024-07-08 17:45:19,Closed,AAM - Equipos de carguío pala006 y frontal CFCA016 no muestran ubicación real,Gustavo Cheng,N/A,N/A,Sin comentarios
500Qi00000DEzvNIAT,00527444,2024-07-09 01:09:29,Closed,CNRT - Pala 211 con desviación de 21 metros en cota,Roberto Maldonado,N/A,N/A,Sin comentarios
500Qi00000DFW07IAH,00527476,2024-07-09 06:50:39,Closed,AAM - Visualizacion de botaderos en reporte Prod-Desc Turno con errores,Roberto Maldonado,N/A,N/A,Sin comentarios
500Qi00000DGbH4IAL,00527506,2024-07-09 12:06:19,Closed,AAM - Touch de jspanel descalibrado en perforadora,Gustavo Cheng,N/A,N/A,Sin comentarios
500Qi00000DHnRTIA1,00527544,2024-07-09 17:12:12,Closed,CRSTEN - Sacar del sistema CAEX 311,Gustavo Cheng,N/A,N/A,Sin comentarios
500Qi00000DIDaQIAX,00527557,2024-07-09 18:47:04,Closed,AAM - Certificados de PALA006,Ricardo Rubio,N/A,N/A,Sin comentarios
500Qi00000DKXl7IAH,00527633,2024-07-10 12:43:17,Closed,Monitoreo - AMANT - Sin Conexión al servidor,Ricardo Rubio,N/A,N/A,Sin comentarios
500Qi00000DLDkNIAX,00527657,2024-07-10 15:53:38,Closed,CNTTE - Problemas Camiones CA307 y CA313,Roberto Maldonado,N/A,N/A,Sin comentarios
500Qi00000DLF6IIAX,00527659,2024-07-10 16:29:49,Closed,CNTTE - Sin Conexión al Jview,Ricardo Rubio,N/A,N/A,Sin comentarios
500Qi00000DLzc6IAD,00527680,2024-07-10 20:14:45,Closed,Monitoreo - MLCC - Procesos sql encolados,Claudio Ponce,N/A,N/A,Sin comentarios
500Qi00000DM6DlIAL,00527682,2024-07-10 20:36:00,Closed,CNRI - Caex 121 intermitencia,Claudio Ponce,N/A,N/A,Sin comentarios
500Qi00000DM7kwIAD,00527685,2024-07-10 21:03:40,Closed,AMCEN - Solicitud de revision Asignación de Caex,Claudio Ponce,N/A,N/A,Sin comentarios
500Qi00000DMAPRIA5,00527686,2024-07-10 21:05:17,Closed,CNDMH - P211 sin comunicación,Claudio Ponce,N/A,N/A,Sin comentarios
500Qi00000DMD8oIAH,00527688,2024-07-10 21:28:12,Closed,CNTTE - Cambio de clave mineops y Jview,Claudio Ponce,N/A,N/A,Sin comentarios
500Qi00000DMEckIAH,00527690,2024-07-10 21:39:35,Closed,Mantoverde - Proceso de sumarización,Claudio Ponce,N/A,N/A,Sin comentarios
500Qi00000DMH7ZIAX,00527693,2024-07-10 22:09:42,Closed,AMANT - Problemas con alta precisión perforadoras,Claudio Ponce,N/A,N/A,Sin comentarios
500Qi00000DMCJEIA5,00527694,2024-07-10 22:20:25,Closed,AMZAL - C43 sin GPS,Claudio Ponce,N/A,N/A,Sin comentarios
500Qi00000DM7ppIAD,00527698,2024-07-10 22:46:01,Closed,AMZAL - RE: Reporte Exceso de velocidad Zaldivar - Turno GCH Turno A se ejecutó a las 10/07/2024 19:15:03,Claudio Ponce,N/A,N/A,Sin comentarios
500Qi00000DMHvbIAH,00527700,2024-07-10 22:56:02,Closed,Mantoverde - Sin acceso a las carpetas compartidas,Claudio Ponce,N/A,N/A,Sin comentarios
500Qi00000DMj2FIAT,00527707,2024-07-11 03:13:16,Closed,CNRI - Camiones sin VNC,Claudio Ponce,N/A,N/A,Sin comentarios
500Qi00000DMyndIAD,00527710,2024-07-11 05:05:10,Closed,CNRI - CE108 sin acceso a la pantalla,Claudio Ponce,N/A,N/A,Sin comentarios
500Qi00000DMwSVIA1,00527711,2024-07-11 05:36:48,Closed,AMZAL - Pala 3 lentitud en el sistema,Claudio Ponce,N/A,N/A,Sin comentarios
500Qi00000DMzdGIAT,00527712,2024-07-11 05:44:08,Closed,CNRI - Caex 347 intermitencia,Claudio Ponce,N/A,N/A,Sin comentarios
500Qi00000DN7niIAD,00527717,2024-07-11 07:28:48,Closed,CNRI - RV: Zonificaciones banco 2810,Claudio Ponce,N/A,N/A,Sin comentarios
500Qi00000DNFuyIAH,00527722,2024-07-11 08:38:07,Closed,Monitoreo - AMANT - Sin Conexión al servidor,Ricardo Rubio,N/A,N/A,Sin comentarios
500Qi00000DNbAiIAL,00527733,2024-07-11 10:29:26,Closed,MLCC - Incongruencia de datos Planilla Excel vs Jview,Ricardo Rubio,N/A,N/A,Sin comentarios
500Qi00000DNgvBIAT,00527737,2024-07-11 11:08:12,Closed,Mantoverde - Sumarizacion,Ricardo Rubio,N/A,N/A,Sin comentarios
500Qi00000DOOg2IAH,00527749,2024-07-11 13:06:49,Closed,AMZAL - Transformación de Coordenadas,Ricardo Rubio,N/A,N/A,Sin comentarios
500Qi00000DPHZGIA5,00527772,2024-07-11 16:47:15,Closed,Monitoreo - CNTTE - Jview Caido,Ricardo Rubio,N/A,N/A,Sin comentarios
500Qi00000DQ0L3IAL,00527793,2024-07-11 20:50:21,Closed,CNTTE - Checklist solo ve su encabezado,Claudio Ponce,N/A,N/A,Sin comentarios
500Qi00000DQ8nFIAT,00527805,2024-07-11 22:18:55,Closed,Monitoreo - CNDMH - Procesos sql encolados,Claudio Ponce,N/A,N/A,Sin comentarios
500Qi00000DQ2rYIAT,00527806,2024-07-11 22:21:01,Closed,CNRI - caex 108,Claudio Ponce,N/A,N/A,Sin comentarios
500Qi00000DQCZ7IAP,00527809,2024-07-11 22:52:29,Closed,CNCHUQ - Reinicio de camiones,Claudio Ponce,N/A,N/A,Sin comentarios
500Qi00000DQGMbIAP,00527812,2024-07-11 23:11:54,Closed,CNRI - caex 347,Claudio Ponce,N/A,N/A,Sin comentarios
500Qi00000DQQgvIAH,00527817,2024-07-12 01:17:14,Closed,AMANT - Perforadora D02 pierde pozos,Claudio Ponce,N/A,N/A,Sin comentarios
500Qi00000DQU4bIAH,00527821,2024-07-12 01:50:00,Closed,AMANT - Pala S100,Claudio Ponce,N/A,N/A,Sin comentarios
500Qi00000DQgLuIAL,00527825,2024-07-12 03:26:24,Closed,AMCEN - Solicitud de revision CF234,Claudio Ponce,N/A,N/A,Sin comentarios
500Qi00000DRCVUIA5,00527841,2024-07-12 09:27:40,Closed,CNRI - Problema importar Poligono,Ricardo Rubio,N/A,N/A,Sin comentarios
500Qi00000DS1JWIA1,00527867,2024-07-12 13:05:08,Closed,CNTTE -  Reportes automáticos no se envían,Ricardo Rubio,N/A,N/A,Sin comentarios
500Qi00000DSElNIAX,00527873,2024-07-12 13:38:51,Closed,MLCC - Problema importador Hazard,Ricardo Rubio,N/A,N/A,Sin comentarios
500Qi00000DS9QlIAL,00527874,2024-07-12 13:39:20,Closed,MLCC - Problema importador Malla,Ricardo Rubio,N/A,N/A,Sin comentarios
500Qi00000DSlMIIA1,00527879,2024-07-12 15:51:49,Closed,CNRI - Factores de carga se cambian,Ricardo Rubio,N/A,N/A,Sin comentarios
500Qi00000DT2qFIAT,00527884,2024-07-12 18:14:31,Closed,CNRI - Problema Caex CE104,Ricardo Rubio,N/A,N/A,Sin comentarios
500Qi00000DTJcUIAX,00527885,2024-07-12 18:15:36,Closed,MLCC - Problema importador Modelo Bloque,Ricardo Rubio,N/A,N/A,Sin comentarios
500Qi00000DTfebIAD,00527887,2024-07-12 20:57:21,Closed,MLCC - Pala N°2 no acepta el destino,Claudio Ponce,N/A,N/A,Sin comentarios
500Qi00000DThi2IAD,00527889,2024-07-12 21:35:06,Closed,AMCEN - Solicitud de revision C18,Claudio Ponce,N/A,N/A,Sin comentarios
500Qi00000DTjFBIA1,00527891,2024-07-12 21:41:48,Closed,AMCEN - Solicitud de revision CA219,Claudio Ponce,N/A,N/A,Sin comentarios
500Qi00000DTjtXIAT,00527901,2024-07-12 22:19:57,Closed,MAGSA - Problemas con mineops,Claudio Ponce,N/A,N/A,Sin comentarios
500Qi00000DTngzIAD,00527903,2024-07-12 22:47:01,Closed,MLCC - Pala N°210 problemas de conexión,Claudio Ponce,N/A,N/A,Sin comentarios
500Qi00000DTpAvIAL,00527904,2024-07-12 23:02:15,Closed,Monitoreo - CNDMH - Procesos sql encolados,Claudio Ponce,N/A,N/A,Sin comentarios
500Qi00000DTvHxIAL,00527907,2024-07-13 00:25:47,Closed,CNRT - CF722 sin comunicación,Claudio Ponce,N/A,N/A,Sin comentarios
500Qi00000DU3NbIAL,00527909,2024-07-13 03:07:57,Closed,Monitoreo - MLCC - Procesos sql encolados,Claudio Ponce,N/A,N/A,Sin comentarios
500Qi00000DULHFIA5,00527914,2024-07-13 06:02:21,Closed,AMCEN - Solicitud de revision CF234,Claudio Ponce,N/A,N/A,Sin comentarios
500Qi00000DV3LVIA1,00527925,2024-07-13 14:08:40,Closed,Monitoreo - CNDMH - Procesos sql encolados,Ricardo Rubio,N/A,N/A,Sin comentarios
500Qi00000DVHLFIA5,00527928,2024-07-13 17:07:31,Closed,CNTTE -  Problemas Jview,Ricardo Rubio,N/A,N/A,Sin comentarios
500Qi00000DVFswIAH,00527929,2024-07-13 17:14:46,Closed,CNDMH - Problemas de red,Ricardo Rubio,N/A,N/A,Sin comentarios
500Qi00000DVJi1IAH,00527931,2024-07-13 17:40:45,Closed,AMZAL - Revisión Perforadora D15,Ricardo Rubio,N/A,N/A,Sin comentarios
500Qi00000DVNX7IAP,00527935,2024-07-13 18:27:58,Closed,CNRI - Problema Cargador Frontal CF1902,Ricardo Rubio,N/A,N/A,Sin comentarios
500Qi00000DVPHBIA5,00527937,2024-07-13 18:48:46,Closed,Monitoreo - CNDMH - Procesos sql encolados,Ricardo Rubio,N/A,N/A,Sin comentarios
500Qi00000DVO24IAH,00527939,2024-07-13 19:17:35,Closed,MLCC - Problema importador Malla,Ricardo Rubio,N/A,N/A,Sin comentarios
500Qi00000DVayzIAD,00527950,2024-07-13 21:56:58,Closed,CNRT - Borrar BD TR450,Claudio Ponce,N/A,N/A,Sin comentarios
500Qi00000DVb0bIAD,00527951,2024-07-13 21:57:46,Closed,AMCEN - Solicitud de revision de Reportabilidad KPI,Claudio Ponce,N/A,N/A,Sin comentarios
500Qi00000DVezNIAT,00527955,2024-07-13 23:01:28,Closed,CNRI - caex 347,Claudio Ponce,N/A,N/A,Sin comentarios
500Qi00000DVfDtIAL,00527956,2024-07-13 23:02:34,Closed,CNRI - Equipos no cambian su estado,Claudio Ponce,N/A,N/A,Sin comentarios
500Qi00000DVkwjIAD,00527959,2024-07-14 00:42:11,Closed,MLCC - Pozos eliminados,Roberto Maldonado,N/A,N/A,Sin comentarios
500Qi00000DVpErIAL,00527963,2024-07-14 01:48:20,Closed,AMCEN - RE: Solicitud de revision C23 y PE53,Claudio Ponce,N/A,N/A,Sin comentarios
500Qi00000DVzitIAD,00527970,2024-07-14 06:01:37,Closed,MLCC - Cargador 221 sin cargas,Claudio Ponce,N/A,N/A,Sin comentarios
500Qi00000DWBVjIAP,00527974,2024-07-14 09:11:52,Closed,CNRI - Error en Valor Movimiento Fase 1,Ricardo Rubio,N/A,N/A,Sin comentarios
500Qi00000DWHSsIAP,00527985,2024-07-14 10:25:06,Closed,CNDMH - Revision CAEX C720,Ricardo Rubio,N/A,N/A,Sin comentarios
500Qi00000DWfrmIAD,00528004,2024-07-14 16:37:53,Closed,AMZAL - Bloques no visibles,Ricardo Rubio,N/A,N/A,Sin comentarios
500Qi00000DWi3GIAT,00528005,2024-07-14 16:57:42,Closed,Monitoreo - CNDMH - Procesos sql encolados,Ricardo Rubio,N/A,N/A,Sin comentarios
500Qi00000DWkhmIAD,00528012,2024-07-14 17:40:57,Closed,AMZAL - Revisión Perforadora D11,Ricardo Rubio,N/A,N/A,Sin comentarios
500Qi00000DWwMMIA1,00528028,2024-07-14 20:38:31,Closed,Monitoreo - CNDMH - Procesos sql encolados,Claudio Ponce,N/A,N/A,Sin comentarios
500Qi00000DWy3BIAT,00528030,2024-07-14 20:53:39,Closed,AMCEN - Solicitud de revision Jigsaw de PA4,Claudio Ponce,N/A,N/A,Sin comentarios
500Qi00000DWxK2IAL,00528033,2024-07-14 21:04:52,Closed,CNRT - Mover C305,Claudio Ponce,N/A,N/A,Sin comentarios
500Qi00000DX3KcIAL,00528049,2024-07-14 22:57:44,Closed,Monitoreo - MLCC - Procesos sql encolados,Claudio Ponce,N/A,N/A,Sin comentarios
500Qi00000DX5nrIAD,00528055,2024-07-14 23:48:35,Closed,CNRT - Finalizar pozo PE03,Claudio Ponce,N/A,N/A,Sin comentarios
500Qi00000DXGzNIAX,00528074,2024-07-15 01:37:38,Closed,AMCEN - Solicitud de revision PE53,Claudio Ponce,N/A,N/A,Sin comentarios
500Qi00000DXZVlIAP,00528088,2024-07-15 04:51:55,Closed,CNRI - Stock borrado,Claudio Ponce,N/A,N/A,Sin comentarios
500Qi00000DZ214IAD,00528128,2024-07-15 12:59:49,Closed,CNCHUQ - Problemas PA230,Ricardo Rubio,N/A,N/A,Sin comentarios
500Qi00000DZOxdIAH,00528145,2024-07-15 14:23:45,Closed,CNDMH - Revision CAEX C718,Ricardo Rubio,N/A,N/A,Sin comentarios
500Qi00000DZPTtIAP,00528146,2024-07-15 14:26:31,Closed,CNDMH - Revision CAEX C317,Ricardo Rubio,N/A,N/A,Sin comentarios
500Qi00000DZQY1IAP,00528147,2024-07-15 14:29:56,Closed,CNRI - Revision Caex CE102,Ricardo Rubio,N/A,N/A,Sin comentarios
500Qi00000DaFh1IAF,00528174,2024-07-15 18:33:34,Closed,MLCC - Problema importador Malla,Ricardo Rubio,N/A,N/A,Sin comentarios
500Qi00000DaH9LIAV,00528176,2024-07-15 18:53:22,Closed,CNDMH - Revision CAEX C719,Ricardo Rubio,N/A,N/A,Sin comentarios
500Qi00000DaUCzIAN,00528178,2024-07-15 19:55:18,Closed,CNRI - Sumarizar mes de Julio,Ricardo Rubio,N/A,N/A,Sin comentarios
500Qi00000DaXxGIAV,00528184,2024-07-15 21:05:18,Closed,CNRI - Camiones cambian de pala al cargar,Claudio Ponce,N/A,N/A,Sin comentarios
500Qi00000DaYerIAF,00528188,2024-07-15 21:54:16,Closed,MAGSA - Lentitud en mineops,Claudio Ponce,N/A,N/A,Sin comentarios
500Qi00000DbiH8IAJ,00528225,2024-07-16 07:26:00,Closed,Monitoreo - AMANT - procesos sql encolados,Claudio Ponce,N/A,N/A,Sin comentarios
500Qi00000DbvHZIAZ,00528233,2024-07-16 08:44:22,Closed,Monitoreo - CNDMH -  Carro de comunicación Desconectado,Ricardo Rubio,N/A,N/A,Sin comentarios
500Qi00000DcqkUIAR,00528248,2024-07-16 12:45:04,Closed,MLCC - Revision C317,Gustavo Cheng,N/A,N/A,Sin comentarios
500Qi00000DdHstIAF,00528263,2024-07-16 14:01:21,Closed,Mantoverde - Servicio de Suscripciones en servidor JView,Roberto Maldonado,N/A,N/A,Sin comentarios
500Qi00000Ddz93IAB,00528281,2024-07-16 17:20:16,Closed,CNTTE -  Problema Perforadora PF103,Ricardo Rubio,N/A,N/A,Sin comentarios
500Qi00000DeIpyIAF,00528291,2024-07-16 18:37:41,Closed,Monitoreo - AMANT - 2 Procesos sumarizador services.,Ricardo Rubio,N/A,N/A,Sin comentarios
500Qi00000Dea6vIAB,00528297,2024-07-16 20:42:47,Closed,Monitoreo - MLCC - Procesos sql encolados,Claudio Ponce,N/A,N/A,Sin comentarios
500Qi00000DeWTHIA3,00528308,2024-07-16 22:06:31,Closed,MAGSA - Lentitud en el sistema Mineops,Claudio Ponce,N/A,N/A,Sin comentarios
500Qi00000DejerIAB,00528311,2024-07-16 22:17:50,Closed,AMCEN - Sin acceso a Mineops,Claudio Ponce,N/A,N/A,Sin comentarios
500Qi00000DevphIAB,00528708,2024-07-17 00:55:54,Closed,CNRT - Perfo 114 no ve la malla de perforacion,Claudio Ponce,N/A,N/A,Sin comentarios
500Qi00000DgKVwIAN,00528746,2024-07-17 12:22:29,Closed,MLCC - Creación de nuevas cuentas SQL y Jview,Roberto Maldonado,N/A,N/A,Sin comentarios
500Qi00000DgSLQIA3,00528747,2024-07-17 12:27:54,Closed,AAM - Retraso en carga de vueltas en 2CAM8381,Roberto Maldonado,N/A,N/A,Sin comentarios
500Qi00000DgS5LIAV,00528748,2024-07-17 12:36:01,Closed,AMZAL - Cargador L12 y L13 con diferencia de cota respecto a personal de Topografía.,Roberto Maldonado,N/A,N/A,Sin comentarios
500Qi00000DgjpHIAR,00528751,2024-07-17 12:43:07,Closed,Monitoreo - CNMS - Se pierde enlace con servidores primario y secundario.,Roberto Maldonado,N/A,N/A,Sin comentarios
500Qi00000Dhcx3IAB,00528774,2024-07-17 17:00:18,Closed,CNTTE - Tonelaje de Descargas no reflejadas,Roberto Maldonado,N/A,N/A,Sin comentarios
500Qi00000Di0RSIAZ,00528780,2024-07-17 18:18:57,Closed,MLCC - Perforadoras no visualizan correctamente la malla 06C4340_110,Roberto Maldonado,N/A,N/A,Sin comentarios
500Qi00000DiHorIAF,00528793,2024-07-17 20:34:25,Closed,AMCEN - revisar C19 pegado en sistema,Gustavo Cheng,N/A,N/A,Sin comentarios
500Qi00000DiJkGIAV,00528797,2024-07-17 21:24:56,Closed,AMCEN - Revisar C36 se reinicia panel constantemente,Gustavo Cheng,N/A,N/A,Sin comentarios
500Qi00000DiPo3IAF,00528817,2024-07-17 22:46:55,Closed,MLCC - D101 solo visualiza pozos perforados,Gustavo Cheng,N/A,N/A,Sin comentarios
500Qi00000DiWb0IAF,00528823,2024-07-17 23:28:36,Closed,AMCEN - Actualización Cubos,Gustavo Cheng,N/A,N/A,Sin comentarios
500Qi00000DjGabIAF,00528846,2024-07-18 07:05:10,Closed,AAM - 2CAM8388 se le adelantan ciclos,Roberto Maldonado,N/A,N/A,Sin comentarios
500Qi00000DjGltIAF,00528847,2024-07-18 07:06:34,Closed,AMCEN - Revisar CA222,Gustavo Cheng,N/A,N/A,Sin comentarios
500Qi00000DjWU5IAN,00528854,2024-07-18 08:43:18,Closed,Monitoreo - AMZAL - Se pierde conexión con servidor primario y secundario.,Roberto Maldonado,N/A,N/A,Sin comentarios
500Qi00000Dk9SEIAZ,00528865,2024-07-18 11:33:04,Closed,AAM - Revisión de conexión con equipos mina.,Roberto Maldonado,N/A,N/A,Sin comentarios
500Qi00000DkHMdIAN,00528870,2024-07-18 12:16:51,Closed,CAPCNN - Preparar nuevo servidor,Nelson Donoso,N/A,N/A,Sin comentarios
500Qi00000DkAMiIAN,00528871,2024-07-18 12:27:14,Closed,MLCC - Se solicita habilitar VNC a OMT,Roberto Maldonado,N/A,N/A,Sin comentarios
500Qi00000DkWexIAF,00528877,2024-07-18 13:47:55,Closed,CNRI - Problemas con Jmineops,Roberto Maldonado,N/A,N/A,Sin comentarios
500Qi00000DlmZZIAZ,00528894,2024-07-18 18:45:14,Closed,CNRT - Problema de carga de malla 2615F35204roc6,Roberto Maldonado,N/A,N/A,Sin comentarios
500Qi00000Dm2b9IAB,00528909,2024-07-18 21:09:16,Closed,CRSTEN - Bulldozer suenan constantemente alertas,Gustavo Cheng,N/A,N/A,Sin comentarios
500Qi00000DmFgPIAV,00528938,2024-07-18 22:48:26,Closed,Monitoreo - AMCEN - Servicios abajo,Roberto Maldonado,N/A,N/A,Sin comentarios
500Qi00000DnTJCIA3,00528975,2024-07-19 10:26:51,Closed,MLCC - Despachador no visualiza malla 05P4040_105,Roberto Maldonado,N/A,N/A,Sin comentarios
500Qi00000DnkgaIAB,00528979,2024-07-19 10:57:12,Closed,CAPCNN - Validacion de CF03,Nelson Donoso,N/A,N/A,Sin comentarios
500Qi00000Dnm7IIAR,00528980,2024-07-19 11:09:20,Closed,AAM - Revisión de flota CAEX 785,Roberto Maldonado,N/A,N/A,Sin comentarios
500Qi00000DnuRRIAZ,00528989,2024-07-19 12:37:48,Closed,MLCC - Problemas con datos de imput en desgaste de Equipos de carguio,Roberto Maldonado,N/A,N/A,Sin comentarios
500Qi00000DpC66IAF,00529012,2024-07-19 18:03:58,Closed,DMH - Pala 202 y 203 pegadas,Claudio Ponce,N/A,N/A,Sin comentarios
500Qi00000Dp9g9IAB,00529019,2024-07-19 18:56:27,Closed,CNRI - Caex 103 no envia datos y 116 pegado,Roberto Maldonado,N/A,N/A,Sin comentarios
500Qi00000DpJxHIAV,00529020,2024-07-19 19:27:22,Closed,Monitoreo - CNMS - Sin acceso a servidor primario y secundario.,Gustavo Cheng,N/A,N/A,Sin comentarios
500Qi00000DpI8NIAV,00529022,2024-07-19 19:30:11,Closed,Monitoreo - MLCC - Desconexión con servidores primario y secundario.,Gustavo Cheng,N/A,N/A,Sin comentarios
500Qi00000DpXk2IAF,00529025,2024-07-19 20:33:48,Closed,AMCEN - Revisión C12 equipo sin sistema,Gustavo Cheng,N/A,N/A,Sin comentarios
500Qi00000DpWZVIA3,00529026,2024-07-19 20:47:30,Closed,AMCEN - Revisar C32 con problemas de touch/Pantalla pegada,Gustavo Cheng,N/A,N/A,Sin comentarios
500Qi00000DpcDRIAZ,00529028,2024-07-19 21:13:59,Closed,AMCEN - Revisión C122 pegado sin sistema,Gustavo Cheng,N/A,N/A,Sin comentarios
500Qi00000Dq6hlIAB,00529048,2024-07-20 03:14:23,Closed,AMCEN - Revisar C20 no cambia asignaciones correctamente,Gustavo Cheng,N/A,N/A,Sin comentarios
500Qi00000DqNlpIAF,00529053,2024-07-20 07:30:06,Closed,AMCEN - Reportabilidad cubos no actualizada,Roberto Maldonado,N/A,N/A,Sin comentarios
500Qi00000Dql50IAB,00529062,2024-07-20 12:10:56,Closed,CNTTE - Problema al quitar restricción de equipo.,Roberto Maldonado,N/A,N/A,Sin comentarios
500Qi00000DqqZJIAZ,00529064,2024-07-20 12:42:54,Closed,MLCC - Demora en actualización de datos en server .59,Roberto Maldonado,N/A,N/A,Sin comentarios
500Qi00000DqvFdIAJ,00529067,2024-07-20 13:36:21,Closed,MLCC - Revisión de mallas,Guillermo Lamas,N/A,N/A,Sin comentarios
500Qi00000DquJcIAJ,00529068,2024-07-20 15:49:24,Closed,DMH - Apoyo remoto a chequeo de C351 en terreno,Roberto Maldonado,N/A,N/A,Sin comentarios
500Qi00000DrF4hIAF,00529069,2024-07-20 18:05:48,Closed,AMZAL - Solicitud de horómetro al iniciar sesión en equipos de campo,Roberto Maldonado,N/A,N/A,Sin comentarios
500Qi00000DrFnqIAF,00529071,2024-07-20 19:07:18,Closed,DMH - Actualizacion de version C714,Claudio Ponce,N/A,N/A,Sin comentarios
500Qi00000DrYTtIAN,00529088,2024-07-20 22:46:01,Closed,CNDRT - Chequeo cobertura red,Gustavo Cheng,N/A,N/A,Sin comentarios
500Qi00000DrhH3IAJ,00529094,2024-07-21 01:22:50,Closed,AMCEN - Revisión de caex flota 980,Roberto Maldonado,N/A,N/A,Sin comentarios
500Qi00000DrhP7IAJ,00529095,2024-07-21 01:23:58,Closed,AMCEN - Revisión C46 sistema lento,Gustavo Cheng,N/A,N/A,Sin comentarios
500Qi00000Ds3PdIAJ,00542510,2024-07-21 06:53:17,Closed,AMCEN - Revisión C12 ubicación pegada,Gustavo Cheng,N/A,N/A,Sin comentarios
500Qi00000Ds6LwIAJ,00545488,2024-07-21 09:56:32,Closed,CNTTE - Equipo CA302 con pantalla apagada,Roberto Maldonado,N/A,N/A,Sin comentarios
500Qi00000DsYObIAN,00545514,2024-07-21 13:45:30,Closed,CNRT - Desconexión con equipos C910,Roberto Maldonado,N/A,N/A,Sin comentarios
500Qi00000Dsh5JIAR,00545517,2024-07-21 15:49:45,Closed,DMH - CAS problemas de conectividad,Roberto Maldonado,N/A,N/A,Sin comentarios
500Qi00000DsjFBIAZ,00545526,2024-07-21 16:22:58,Closed,DMH - Revisión de conectividad de CAEX,Roberto Maldonado,N/A,N/A,Sin comentarios
500Qi00000DskUcIAJ,00545527,2024-07-21 16:46:46,Closed,AAM - Setups para equipo Pala 04 y aljibe 05,Roberto Maldonado,N/A,N/A,Sin comentarios
500Qi00000Dsu49IAB,00545531,2024-07-21 19:07:45,Closed,AMANT - Equipos con Ip cambiadas,Roberto Maldonado,N/A,N/A,Sin comentarios
500Qi00000DtFBpIAN,00545547,2024-07-21 22:26:30,Closed,AMCEN - Revisión CA220 problemas de sistema,Gustavo Cheng,N/A,N/A,Sin comentarios
500Qi00000DtXrtIAF,00545560,2024-07-22 02:20:44,Closed,AMCEN - Revisión PA1 problemas de gps,Gustavo Cheng,N/A,N/A,Sin comentarios
500Qi00000DtWHXIA3,00545561,2024-07-22 02:22:17,Closed,AMCEN - Sin reportabilidad desde comienzo de turno,Roberto Maldonado,N/A,N/A,Sin comentarios
500Qi00000DtWXgIAN,00545566,2024-07-22 03:35:59,Closed,AMZAL - Equipo no ve línea de seguridad en panel,Gustavo Cheng,N/A,N/A,Sin comentarios
500Qi00000DtugPIAR,00545577,2024-07-22 06:14:16,Closed,AMCEN - Revisar PA2 que tiene puntos de carga fuera de polígono,Gustavo Cheng,N/A,N/A,Sin comentarios
500Qi00000DucJLIAZ,00545610,2024-07-22 10:54:39,Closed,CNTTE - Mapa de calor Cobertura de red interior mina,Roberto Maldonado,N/A,N/A,Sin comentarios
500Qi00000DvdZuIAJ,00545650,2024-07-22 15:11:27,Closed,CNTTE - Instalación de Jmineops a Iván Inzunza,Roberto Maldonado,N/A,N/A,Sin comentarios
500Qi00000Dw1sJIAR,00545656,2024-07-22 15:48:29,Closed,Mantoverde - Seleccion de polígonos en vistas Palas /Cargadores,Maikol Salas,N/A,N/A,Sin comentarios
500Qi00000Dx2uMIAR,00545696,2024-07-22 22:38:38,Closed,AMCEN - Monitorear PA2,Gustavo Cheng,N/A,N/A,Sin comentarios
500Qi00000Dx44vIAB,00545702,2024-07-22 22:44:57,Closed,AMCEN - C46 no registra todas sus vueltas,Gustavo Cheng,N/A,N/A,Sin comentarios
500Qi00000Dwr9LIAR,00545708,2024-07-22 23:15:40,Closed,AMZAL - Palas 2 y 3 no marcan salida de caex luego de cargar,Gustavo Cheng,N/A,N/A,Sin comentarios
500Qi00000DxDUoIAN,00545714,2024-07-23 00:42:29,Closed,CNCHUQ - C164 pegado en sistema,Gustavo Cheng,N/A,N/A,Sin comentarios
500Qi00000DxVoJIAV,00545728,2024-07-23 03:04:45,Closed,AMCEN - Revisar CA215 sin sistema,Gustavo Cheng,N/A,N/A,Sin comentarios
500Qi00000DxmFdIAJ,00545737,2024-07-23 04:54:57,Closed,CNDRT - Ingreso de tricono en perforadora de precorte,Claudio Ponce,N/A,N/A,Sin comentarios
500Qi00000DyNDaIAN,00545788,2024-07-23 09:17:02,Closed,CNN - Perforadora PE06 no carga mallas,Roberto Maldonado,N/A,N/A,Sin comentarios
500Qi00000DyPbzIAF,00545792,2024-07-23 09:56:35,Closed,CNTTE - Revisión de APs,Roberto Maldonado,N/A,N/A,Sin comentarios
500Qi00000DyTqtIAF,00545793,2024-07-23 09:57:41,Closed,MLCC - Revision perfo 01,Roberto Maldonado,N/A,N/A,Sin comentarios
500Qi00000DzeyjIAB,00545821,2024-07-23 14:01:55,Closed,MLCC - Problemas con asignacion de equipos a Botadero planta gravilla,Roberto Maldonado,N/A,N/A,Sin comentarios
500Qi00000E1BZGIA3,00545864,2024-07-23 22:34:12,Closed,AMCEN - Revisar C14 no toma cargas,Gustavo Cheng,N/A,N/A,Sin comentarios
500Qi00000E1OhlIAF,00545870,2024-07-23 23:38:18,Closed,AMCEN - Reportabilidad no actualizada desde las 17,Gustavo Cheng,N/A,N/A,Sin comentarios
500Qi00000E1TuNIAV,00545882,2024-07-24 02:08:19,Closed,AMCEN - Revisar C135 pegado en sistema,Gustavo Cheng,N/A,N/A,Sin comentarios
500Qi00000E1bqIIAR,00545883,2024-07-24 02:10:01,Closed,AMCEN - Revisar C24 sin vnc,Gustavo Cheng,N/A,N/A,Sin comentarios
500Qi00000E1ktZIAR,00545888,2024-07-24 03:37:05,Closed,AMCEN - Revisar C17 sin comunicación,Gustavo Cheng,N/A,N/A,Sin comentarios
500Qi00000E1mAcIAJ,00545890,2024-07-24 03:54:38,Closed,AMCEN - Revisar CA222 JSPanel pegado,Gustavo Cheng,N/A,N/A,Sin comentarios
500Qi00000E2EEvIAN,00545912,2024-07-24 07:38:53,Closed,CNRI - CE352 pantalla pegada,Gustavo Cheng,N/A,N/A,Sin comentarios
500Qi00000E2KlqIAF,00545921,2024-07-24 08:48:11,Closed,AMANT - Pala S100 no ve los drawings,Claudio Ponce,N/A,N/A,Sin comentarios
500Qi00000E4EqsIAF,00545981,2024-07-24 16:02:13,Closed,LOB - Problemas al cargar Topografía Mapa del Sitio Mine Enterprise,Claudio Ponce,N/A,N/A,Sin comentarios
500Qi00000E4azLIAR,00545985,2024-07-24 17:08:29,Closed,CNDMH - Problemas C719 y P202,Nelson Donoso,N/A,N/A,Sin comentarios
500Qi00000E5RXNIA3,00546014,2024-07-24 22:17:18,Closed,CNRI - Revisión CAEX CE352,Ricardo Rubio,N/A,N/A,Sin comentarios
500Qi00000E57qTIAR,00546015,2024-07-24 22:19:34,Closed,CNRT - Revisión Perforadora PE-03,Ricardo Rubio,N/A,N/A,Sin comentarios
500Qi00000E5UILIA3,00546019,2024-07-24 22:56:38,Closed,CNRT - Revisión CAEX C907,Ricardo Rubio,N/A,N/A,Sin comentarios
500Qi00000E66c9IAB,00546062,2024-07-25 04:58:43,Closed,CNRT - Revisión CAEX C920,Ricardo Rubio,N/A,N/A,Sin comentarios
500Qi00000E6KVRIA3,00546078,2024-07-25 06:42:23,Closed,Monitoreo - CNRT - Proceso Encolado Sumarizador,Ricardo Rubio,N/A,N/A,Sin comentarios
500Qi00000E6O4PIAV,00546082,2024-07-25 07:04:32,Closed,Monitoreo - CNDMH - Procesos sql encolados,Ricardo Rubio,N/A,N/A,Sin comentarios
500Qi00000E6JBDIA3,00546090,2024-07-25 07:46:48,Closed,CNRI - Revisión Ubicación Descargas,Claudio Ponce,N/A,N/A,Sin comentarios
500Qi00000E7B57IAF,00546105,2024-07-25 10:24:45,Closed,CNMS - Modificar perfiles Jview,Claudio Ponce,N/A,N/A,Sin comentarios
500Qi00000E9AaGIAV,00546169,2024-07-25 19:56:50,Closed,CNTTE - Detalle de estados por equipo,Claudio Ponce,N/A,N/A,Sin comentarios
500Qi00000E9PokIAF,00546173,2024-07-25 21:12:15,Closed,Monitoreo - MLCC - Procesos encolados SQL,Ricardo Rubio,N/A,N/A,Sin comentarios
500Qi00000E9kl7IAB,00546190,2024-07-26 00:20:02,Closed,AMCEN - Revisión CAEX CA219,Ricardo Rubio,N/A,N/A,Sin comentarios
500Qi00000E9lcLIAR,00546191,2024-07-26 00:34:37,Closed,CNRI - Revisión CAEX CE346,Ricardo Rubio,N/A,N/A,Sin comentarios
500Qi00000EAMiMIAX,00546204,2024-07-26 06:11:30,Closed,AAM - Revisión Cargador CFCA015,Claudio Ponce,N/A,N/A,Sin comentarios
500Qi00000EAn7TIAT,00546221,2024-07-26 09:00:26,Closed,AMCEN - Sumarizacion no termina,Claudio Ponce,N/A,N/A,Sin comentarios
500Qi00000EAmzOIAT,00546225,2024-07-26 09:12:00,Closed,Monitoreo - CNDMH - Procesos sql encolados,Claudio Ponce,N/A,N/A,Sin comentarios
500Qi00000EBJtkIAH,00546241,2024-07-26 11:51:57,Closed,CNDMH - P203 sin comunicacion,Claudio Ponce,N/A,N/A,Sin comentarios
500Qi00000ECHmbIAH,00546255,2024-07-26 14:37:09,Closed,MLCC - Pala N°202 reinicio,Claudio Ponce,N/A,N/A,Sin comentarios
500Qi00000ECv46IAD,00546266,2024-07-26 18:27:27,Closed,AMANT - Descargas erroneas,Claudio Ponce,N/A,N/A,Sin comentarios
500Qi00000EDOioIAH,00546283,2024-07-26 22:08:36,Closed,CNRI - Error Informe Diario - Rajo Inca,Ricardo Rubio,N/A,N/A,Sin comentarios
500Qi00000EDeKXIA1,00546291,2024-07-27 00:54:31,Closed,CNCHUQ - Revision PE316,Ricardo Rubio,N/A,N/A,Sin comentarios
500Qi00000EEGclIAH,00546313,2024-07-27 08:33:47,Closed,MLCC - Jview no se actualiza,Claudio Ponce,N/A,N/A,Sin comentarios
500Qi00000EEXDmIAP,00546315,2024-07-27 11:10:45,Closed,CNRT - Alarmas ME no se estan actualizando,Claudio Ponce,N/A,N/A,Sin comentarios
500Qi00000EEhQ5IAL,00546317,2024-07-27 13:12:50,Closed,AMCEN - Solicitud de revision PA11,Claudio Ponce,N/A,N/A,Sin comentarios
500Qi00000EFWNhIAP,00546332,2024-07-27 21:48:50,Closed,CNRI - Error Ubicación Polígonos,Ricardo Rubio,N/A,N/A,Sin comentarios
500Qi00000EFj9dIAD,00546338,2024-07-28 00:48:29,Closed,Monitoreo - MLCC - Procesos encolados SQL,Ricardo Rubio,N/A,N/A,Sin comentarios
500Qi00000EFjBFIA1,00546339,2024-07-28 00:48:47,Closed,Monitoreo - CNDMH - Procesos sql encolados,Ricardo Rubio,N/A,N/A,Sin comentarios
500Qi00000EG4fWIAT,00546341,2024-07-28 05:27:25,Closed,Monitoreo - AMCEN - Proceso SQL Pegado,Ricardo Rubio,N/A,N/A,Sin comentarios
500Qi00000EGAkvIAH,00546343,2024-07-28 06:43:57,Closed,Monitoreo - CNDMH - Procesos sql encolados,Ricardo Rubio,N/A,N/A,Sin comentarios
500Qi00000EGEdFIAX,00546346,2024-07-28 07:44:02,Closed,CNDMH - Revision Regador R504,Ricardo Rubio,N/A,N/A,Sin comentarios
500Qi00000EGTvdIAH,00546354,2024-07-28 10:38:09,Closed,Monitoreo - CNDMH - Procesos sql encolados,Claudio Ponce,N/A,N/A,Sin comentarios
500Qi00000EGVcVIAX,00546359,2024-07-28 11:52:57,Closed,AMCEN - Replicacion de datos no termina,Claudio Ponce,N/A,N/A,Sin comentarios
500Qi00000EGjypIAD,00546364,2024-07-28 14:14:06,Closed,CNTTE - Sin reportabilidad Jview,Claudio Ponce,N/A,N/A,Sin comentarios
500Qi00000EGixwIAD,00546378,2024-07-28 15:14:43,Closed,MLCC - Cargador 221 con problemas de GPS,Claudio Ponce,N/A,N/A,Sin comentarios
500Qi00000EGxtmIAD,00546382,2024-07-28 17:44:58,Closed,Monitoreo - MLCC - Procesos sql encolados,Claudio Ponce,N/A,N/A,Sin comentarios
500Qi00000EH62XIAT,00546383,2024-07-28 17:50:53,Closed,AMCEN - Sumarizacion,Claudio Ponce,N/A,N/A,Sin comentarios
500Qi00000EHQAvIAP,00546399,2024-07-28 21:48:39,Closed,CNRI - Error Ubicación Polígono,Ricardo Rubio,N/A,N/A,Sin comentarios
500Qi00000EHSFzIAP,00546412,2024-07-28 22:52:38,Closed,MLCC - Revisión importador Malla,Ricardo Rubio,N/A,N/A,Sin comentarios
500Qi00000EHW9tIAH,00546415,2024-07-28 23:01:45,Closed,MLCC - Revisión Perforadora D103,Ricardo Rubio,N/A,N/A,Sin comentarios
500Qi00000EHYV3IAP,00546419,2024-07-28 23:22:44,Closed,Monitoreo - CNMS - Sin conexión Servidores,Ricardo Rubio,N/A,N/A,Sin comentarios
500Qi00000EHYy5IAH,00546422,2024-07-28 23:30:49,Closed,Monitoreo - MAGSA - Procesos SQL,Ricardo Rubio,N/A,N/A,Sin comentarios
500Qi00000EHjALIA1,00546428,2024-07-29 01:31:20,Closed,Monitoreo - MLCC - Importador Pegado,Ricardo Rubio,N/A,N/A,Sin comentarios
500Qi00000EHjWvIAL,00546429,2024-07-29 01:35:59,Closed,CNRI - Revision CAEX CE352,Ricardo Rubio,N/A,N/A,Sin comentarios
500Qi00000EI9CrIAL,00546446,2024-07-29 05:49:48,Closed,AMCEN - Revisión Pala PA02,Ricardo Rubio,N/A,N/A,Sin comentarios
500Qi00000EI23LIAT,00546447,2024-07-29 05:52:34,Closed,CNCHUQ - Problema Pala PA890,Ricardo Rubio,N/A,N/A,Sin comentarios
500Qi00000EHvLFIA1,00546457,2024-07-29 06:35:13,Closed,Monitoreo - AMCEN - Importador Pegado,Ricardo Rubio,N/A,N/A,Sin comentarios
500Qi00000EIG7uIAH,00546466,2024-07-29 07:03:28,Closed,Monitoreo - CNDMH - Procesos sql encolados,Ricardo Rubio,N/A,N/A,Sin comentarios
500Qi00000EInWvIAL,00546486,2024-07-29 10:48:32,Closed,CNTTE - C313 no hace los cambios de estado,Claudio Ponce,N/A,N/A,Sin comentarios
500Qi00000EJJVAIA5,00546491,2024-07-29 12:10:32,Closed,MLCC - Perforadora 103 y Pala 210 con problemas de GPS,Claudio Ponce,N/A,N/A,Sin comentarios
500Qi00000EKPBuIAP,00546511,2024-07-29 15:50:52,Closed,AMZAL - Privilegios para usuario sql,Ricardo Rubio,N/A,N/A,Sin comentarios
500Qi00000EKR46IAH,00546516,2024-07-29 16:45:32,Closed,CNTTE - C315 no se puede instalar el sistema,Claudio Ponce,N/A,N/A,Sin comentarios
500Qi00000EKeqsIAD,00546517,2024-07-29 16:46:51,Closed,MLCC - Modelo de bloques no visible,Claudio Ponce,N/A,N/A,Sin comentarios
500Qi00000EKUpxIAH,00546519,2024-07-29 17:03:18,Closed,Plan de Mantención Sistema CAS en Vehículos Pesados y Livianos,South American Support Q,N/A,N/A,Sin comentarios
500Qi00000ELQ4IIAX,00546539,2024-07-29 21:33:54,Closed,AMCEN - Sumarizacion mes de Julio,Ricardo Rubio,N/A,N/A,Sin comentarios
500Qi00000ELR3ZIAX,00546540,2024-07-29 21:37:57,Closed,CNCHUQ - Problema Jview,Ricardo Rubio,N/A,N/A,Sin comentarios
500Qi00000ELSPRIA5,00546541,2024-07-29 21:51:10,Closed,CNCHUQ - Revisión C456,Ricardo Rubio,N/A,N/A,Sin comentarios
500Qi00000ELlOsIAL,00546573,2024-07-30 01:39:54,Closed,CAPCNN - Problema Cargador CF05,Ricardo Rubio,N/A,N/A,Sin comentarios
500Qi00000ELp5tIAD,00546574,2024-07-30 01:42:04,Closed,AMZAL - Revisión Pala PA02,Gustavo Cheng,N/A,N/A,Sin comentarios
500Qi00000ELiR0IAL,00546575,2024-07-30 01:43:29,Closed,MLCC - Revisión MineOPS Despacho,Gustavo Cheng,N/A,N/A,Sin comentarios
500Qi00000EMMY6IAP,00546589,2024-07-30 06:26:26,Closed,CNCHUQ - Revisión C151,Ricardo Rubio,N/A,N/A,Sin comentarios
500Qi00000EM8N9IAL,00546597,2024-07-30 06:53:22,Closed,CNRI - Revision CAEX CE352,Ricardo Rubio,N/A,N/A,Sin comentarios
500Qi00000EMPCbIAP,00546600,2024-07-30 06:58:51,Closed,AMCEN - Reportabilidad detenida,Ricardo Rubio,N/A,N/A,Sin comentarios
500Qi00000EMktoIAD,00546624,2024-07-30 09:45:09,Closed,MLCC - Pala 210 problemas de GPS,Claudio Ponce,N/A,N/A,Sin comentarios
500Qi00000ENfNQIA1,00546643,2024-07-30 12:30:12,Closed,AAM - Revisión Cargador CFCA015,Maikol Salas,N/A,N/A,Sin comentarios
500Qi00000EOB2JIAX,00546652,2024-07-30 14:25:02,Closed,AMZAL - Sumarizacion Julio 18 y 19,Claudio Ponce,N/A,N/A,Sin comentarios
500Qi00000EOBgdIAH,00546660,2024-07-30 15:41:03,Closed,CNN - resumarización conciliación de tiempos - semana 30,Claudio Ponce,N/A,N/A,Sin comentarios
500Qi00000EOuU1IAL,00546666,2024-07-30 17:08:21,Closed,AMZAL - Reporte automático,Gustavo Cheng,N/A,N/A,Sin comentarios
500Qi00000EPVJwIAP,00546699,2024-07-30 22:02:12,Closed,Monitoreo - CNCHUQ - Perdida de comunicación Servidores,Ricardo Rubio,N/A,N/A,Sin comentarios
500Qi00000EQ7c6IAD,00546716,2024-07-31 04:05:36,Closed,CNCHUQ - Problema estados PA200,Gustavo Cheng,N/A,N/A,Sin comentarios
500Qi00000EQWgyIAH,00546737,2024-07-31 08:45:27,Closed,MLCC - Revisar cambio de estado por usuario,Gustavo Cheng,N/A,N/A,Sin comentarios
500Qi00000ERRP6IAP,00546779,2024-07-31 12:37:17,Closed,AMZAL - Pasar de dibujos a Hazard en JMineOP,Gustavo Cheng,N/A,N/A,Sin comentarios
500Qi00000EShA4IAL,00546830,2024-07-31 17:06:50,Closed,MLCC - Revisar reportabilidad,Gustavo Cheng,N/A,N/A,Sin comentarios
500Qi00000ETObaIAH,00546857,2024-07-31 20:30:30,Closed,CNRT - Cambio de contraseña Mineops,Roberto Maldonado,N/A,N/A,Sin comentarios
500Qi00000ETLIpIAP,00546860,2024-07-31 21:18:47,Closed,AMZAL - Sin conexion con MineOps,Roberto Maldonado,N/A,N/A,Sin comentarios
500Qi00000ETk10IAD,00546883,2024-08-01 00:08:57,Closed,MLCC - Revisión de importación de planes Agosto,Roberto Maldonado,N/A,N/A,Sin comentarios
500Qi00000EUJrZIAX,00546902,2024-08-01 06:04:30,Closed,Monitoreo - MAGSA - SQL server encolado,Roberto Maldonado,N/A,N/A,Sin comentarios
500Qi00000EUNVPIA5,00546909,2024-08-01 06:59:37,Closed,Monitoreo - DMH - Encolamiento SQL server,Roberto Maldonado,N/A,N/A,Sin comentarios
500Qi00000EUf49IAD,00546918,2024-08-01 09:43:17,Closed,AMZAL - Problemas con carga de Plan mensual,Ricardo Rubio,N/A,N/A,Sin comentarios
500Qi00000EUmQbIAL,00546920,2024-08-01 09:54:12,Closed,MLCC - Revisión de C318 gps intermitente,Gustavo Cheng,N/A,N/A,Sin comentarios
500Qi00000EUw1hIAD,00546921,2024-08-01 09:55:21,Closed,MLCC - Sumarización Julio,Roberto Maldonado,N/A,N/A,Sin comentarios
500Qi00000EUumPIAT,00546931,2024-08-01 10:57:19,Closed,MLCC - Solicita Baja de Servicios,Gustavo Cheng,N/A,N/A,Sin comentarios
500Qi00000EVwnnIAD,00546958,2024-08-01 14:56:36,Closed,Monitoreo - CNN - Procesos encolados,Gustavo Cheng,N/A,N/A,Sin comentarios
500Qi00000EWhpuIAD,00546995,2024-08-01 18:05:58,Closed,CNDMH - Revision mallas y pozos activos,Tomas Jimenez,N/A,N/A,Sin comentarios
500Qi00000EX55hIAD,00546996,2024-08-01 18:28:53,Closed,CNDMH - Revisar C723 no muestra barras de comunicación,Ricardo Rubio,N/A,N/A,Sin comentarios
500Qi00000EX5SHIA1,00546997,2024-08-01 18:30:20,Closed,AAM - Revisar zona de tronada CFCA015,Gustavo Cheng,N/A,N/A,Sin comentarios
500Qi00000EX6ucIAD,00546998,2024-08-01 18:46:23,Closed,CNN - Revisar Horómetros camiones,Roberto Maldonado,N/A,N/A,Sin comentarios
500Qi00000EXQ6vIAH,00547005,2024-08-01 21:05:47,Closed,CNRI - Problemas con Caex CE121,Roberto Maldonado,N/A,N/A,Sin comentarios
500Qi00000EXYcNIAX,00547018,2024-08-01 22:59:08,Closed,MLCC - Sumarización mes de Julio,Roberto Maldonado,N/A,N/A,Sin comentarios
500Qi00000EYNGhIAP,00547047,2024-08-02 06:16:56,Closed,Monitoreo - MLCC - Encolamiento de importadores blockgrade_importer,Roberto Maldonado,N/A,N/A,Sin comentarios
500Qi00000EZ0puIAD,00547071,2024-08-02 09:53:15,Closed,MLCC - Revisión sensores C301,Gustavo Cheng,N/A,N/A,Sin comentarios
500Qi00000EZGQ1IAP,00547073,2024-08-02 10:44:57,Closed,AMZAL - Sumarización Julio,Gustavo Cheng,N/A,N/A,Sin comentarios
500Qi00000EZHcDIAX,00547074,2024-08-02 10:50:04,Closed,MLCC - Revisar pala P201,Ricardo Rubio,N/A,N/A,Sin comentarios
500Qi00000EbRyrIAF,00547121,2024-08-02 22:58:06,Closed,AMZAL - Problema con modelo de bloques.,Roberto Maldonado,N/A,N/A,Sin comentarios
500Qi00000EbSLWIA3,00547124,2024-08-03 00:10:26,Closed,AMZAL - Problemas con actualización Jview,Roberto Maldonado,N/A,N/A,Sin comentarios
500Qi00000EbXjKIAV,00547125,2024-08-03 00:39:03,Closed,Monitoreo - AMZAL - JAMSRouter funcionando en ambos servidores,Roberto Maldonado,N/A,N/A,Sin comentarios
500Qi00000EbWdaIAF,00547126,2024-08-03 01:08:35,Closed,CNRI - Problemas con Caex CE345,Roberto Maldonado,N/A,N/A,Sin comentarios
500Qi00000EbXt1IAF,00547127,2024-08-03 01:41:47,Closed,AMZAL - MineOps pegado,Roberto Maldonado,N/A,N/A,Sin comentarios
500Qi00000EbmIaIAJ,00547128,2024-08-03 04:09:48,Closed,AAM -  CFCA015 no permite cambiar la zona definida,Maikol Salas,N/A,N/A,Sin comentarios
500Qi00000EczSEIAZ,00547142,2024-08-03 16:54:49,Closed,MLCC - Reportabilidad excel sin actualizar,Gustavo Cheng,N/A,N/A,Sin comentarios
500Qi00000EdASUIA3,00547155,2024-08-03 19:52:46,Closed,CNDMH - Revisar configuración CAS pala 213,Gustavo Cheng,N/A,N/A,Sin comentarios
500Qi00000EdLKfIAN,00547158,2024-08-03 21:18:26,Closed,AMCEN - Consulta estado de Sumarizador,Roberto Maldonado,N/A,N/A,Sin comentarios
500Qi00000EdQaTIAV,00547159,2024-08-03 22:39:14,Closed,AMANT - Tabla shift_gps_local_normalizada se encuentra desactualizada,Gustavo Cheng,N/A,N/A,Sin comentarios
500Qi00000Ee9cQIAR,00547189,2024-08-04 09:24:58,Closed,CNCHUQ - Pala200 no aparece en rutas,Gustavo Cheng,N/A,N/A,Sin comentarios
500Qi00000EeLYoIAN,00547200,2024-08-04 12:06:48,Closed,AMZAL - Exportar excel de reporte tiempos_carguios,Gustavo Cheng,N/A,N/A,Sin comentarios
500Qi00000EeMGJIA3,00547201,2024-08-04 12:11:36,Closed,CNDMH - Revisar Pala202 no aparece en mapa,Gustavo Cheng,N/A,N/A,Sin comentarios
500Qi00000EewJlIAJ,00547229,2024-08-04 19:39:37,Closed,AMZAL - Perforadora D10 no carga jspanel,Gustavo Cheng,N/A,N/A,Sin comentarios
500Qi00000EfFflIAF,00547266,2024-08-04 23:49:25,Closed,CNRT - Caex no muestran ruta definida en sus pantallas.,Roberto Maldonado,N/A,N/A,Sin comentarios
500Qi00000EfLbWIAV,00547281,2024-08-05 01:53:42,Closed,AAM - Pala003 no muestra todas la zonas de su ubicacion,Ricardo Rubio,N/A,N/A,Sin comentarios
500Qi00000EfO38IAF,00547282,2024-08-05 02:22:39,Closed,MLCC - CF L221 no acepta destino bot planta gravilla,Roberto Maldonado,N/A,N/A,Sin comentarios
500Qi00000EfgEZIAZ,00547306,2024-08-05 05:22:08,Closed,AAM -  CEKO055 sin gps,Roberto Maldonado,N/A,N/A,Sin comentarios
500Qi00000EhSvZIAV,00547395,2024-08-05 15:00:33,Closed,CRSTEN - Mineops no abre,Gustavo Cheng,N/A,N/A,Sin comentarios
500Qi00000EinugIAB,00547452,2024-08-05 21:26:27,Closed,MLCC - Desactualización de datos en reporte de desgaste.,Roberto Maldonado,N/A,N/A,Sin comentarios
500Qi00000Ej5czIAB,00547458,2024-08-05 22:31:50,Closed,CNRI - Problemas con Caex CE349 y CE352,Gustavo Cheng,N/A,N/A,Sin comentarios
500Qi00000Ej5TNIAZ,00547483,2024-08-05 23:33:35,Closed,AMZAL - Palas 3 y 4 pegadas,Roberto Maldonado,N/A,N/A,Sin comentarios
500Qi00000EjPqFIAV,00547502,2024-08-06 03:37:01,Closed,Monitoreo - MAGSA - Constantes encolamientos,Roberto Maldonado,N/A,N/A,Sin comentarios
500Qi00000EjyUbIAJ,00547538,2024-08-06 08:24:43,Closed,Generación de Reportes OAS,South American Support Q,N/A,N/A,Sin comentarios
500Qi00000EkbnjIAB,00547559,2024-08-06 11:02:27,Closed,Creacion en sistema de equipos Nuevos,South American Support Q,N/A,N/A,Sin comentarios
500Qi00000EkhMrIAJ,00547564,2024-08-06 11:14:18,Closed,AAM - Juan Hinojosa - Modulo Competencias Mineops & Jview,Maikol Salas,N/A,N/A,Sin comentarios
500Qi00000EkqjeIAB,00547581,2024-08-06 13:14:31,Closed,CNN - Sumarización Julio,Gustavo Cheng,N/A,N/A,Sin comentarios
500Qi00000EleTPIAZ,00547600,2024-08-06 15:35:50,Closed,AAM - Despacho - CF15 no cambia Zona,Maikol Salas,N/A,N/A,Sin comentarios
500Qi00000ElfanIAB,00547601,2024-08-06 15:38:01,Closed,AAM - Despacho - Vista despacho solo trabaja con palas y no con loaders,Maikol Salas,N/A,N/A,Sin comentarios
500Qi00000En0MzIAJ,00547680,2024-08-07 02:37:10,Closed,MLCC - Reporte desgaste desactualizada.,Roberto Maldonado,N/A,N/A,Sin comentarios
500Qi00000En2GjIAJ,00547683,2024-08-07 03:07:14,Closed,CNRI - CE119 ubicación no actualiza en tiempo real.,Roberto Maldonado,N/A,N/A,Sin comentarios
500Qi00000EoLkMIAV,00547745,2024-08-07 11:26:35,Closed,MLCC - Revisión Jview,Ricardo Rubio,N/A,N/A,Sin comentarios
500Qi00000EpfPIIAZ,00547783,2024-08-07 18:02:11,Closed,CAPCNN - Revisión Cargador Frontal CF02,Ricardo Rubio,N/A,N/A,Sin comentarios
500Qi00000Eq2goIAB,00547792,2024-08-07 19:15:43,Closed,AAM - Actualización MineOPS,Ricardo Rubio,N/A,N/A,Sin comentarios
500Qi00000Eq6sUIAR,00547801,2024-08-07 20:28:30,Closed,Monitoreo - AMANT - Replica de datos no termina,Ricardo Rubio,N/A,N/A,Sin comentarios
500Qi00000Eq7gVIAR,00547809,2024-08-07 22:46:53,Closed,AMCEN - Solicitud de revision Jigsaw de PA7,Claudio Ponce,N/A,N/A,Sin comentarios
500Qi00000EqNWjIAN,00547810,2024-08-07 22:47:29,Closed,AMCEN - Solicitud de revision C15 queda pegada la actividad luego de la descarga,Claudio Ponce,N/A,N/A,Sin comentarios
500Qi00000EqWGfIAN,00547812,2024-08-07 23:53:19,Closed,AMCEN - Solicitud de revision PE63,Claudio Ponce,N/A,N/A,Sin comentarios
500Qi00000EqZo1IAF,00547813,2024-08-08 00:28:20,Closed,MLCC - Pala 1 los camiones se quedan pegados,Claudio Ponce,N/A,N/A,Sin comentarios
500Qi00000EqeFqIAJ,00547817,2024-08-08 01:16:41,Closed,AMCEN - Solicitud de revision PA2,Claudio Ponce,N/A,N/A,Sin comentarios
500Qi00000ErSAzIAN,00547839,2024-08-08 08:44:54,Closed,AMZAL - Revisión Pala S04,Ricardo Rubio,N/A,N/A,Sin comentarios
500Qi00000ErVP2IAN,00547844,2024-08-08 09:36:11,Closed,MAGSA - Revisión TK359,Ricardo Rubio,N/A,N/A,Sin comentarios
500Qi00000EtpwHIAR,00547905,2024-08-08 18:44:22,Closed,AMANT - Revisión Perforadora D03,Ricardo Rubio,N/A,N/A,Sin comentarios
500Qi00000Eu5MlIAJ,00547915,2024-08-08 21:45:00,Closed,AMCEN - Solicitud de revision PE5,Claudio Ponce,N/A,N/A,Sin comentarios
500Qi00000EuI0bIAF,00547925,2024-08-08 23:21:39,Closed,CNRI - Caex 119 pantalla pegada,Claudio Ponce,N/A,N/A,Sin comentarios
500Qi00000EuVlqIAF,00547940,2024-08-09 02:48:27,Closed,CNRI - Caex 104 no actualiza su combustible,Claudio Ponce,N/A,N/A,Sin comentarios
500Qi00000EwqfkIAB,00547995,2024-08-09 15:43:41,Closed,Monitoreo - MAGSA - Procesos SQL,Ricardo Rubio,N/A,N/A,Sin comentarios
500Qi00000Ex4h6IAB,00548003,2024-08-09 17:28:53,Closed,falla de playback en eventos de colisión de alto potencial quedando estos sin su análisis y reportabilidad,Tomas Jimenez,N/A,N/A,Sin comentarios
500Qi00000ExNTZIA3,00548005,2024-08-09 17:52:47,Closed,MAGSA - Cambio uhp a core TK396,Ricardo Rubio,N/A,N/A,Sin comentarios
500Qi00000ExHuRIAV,00548006,2024-08-09 17:56:24,Closed,AMZAL - Consulta Estados,Ricardo Rubio,N/A,N/A,Sin comentarios
500Qi00000ExWv4IAF,00548007,2024-08-09 18:56:54,Closed,AMZAL - Revisión H64,Ricardo Rubio,N/A,N/A,Sin comentarios
500Qi00000ExXw0IAF,00548012,2024-08-09 21:01:12,Closed,CNRI - Descarga sumaria no actualiza,Claudio Ponce,N/A,N/A,Sin comentarios
500Qi00000Ey42HIAR,00548035,2024-08-10 00:28:51,Closed,AMCEN - Solicitud de revision PE42 y CA224,Claudio Ponce,N/A,N/A,Sin comentarios
500Qi00000Ey4WvIAJ,00548037,2024-08-10 00:33:38,Closed,AMCEN - Solicitud de revision C14,Claudio Ponce,N/A,N/A,Sin comentarios
500Qi00000Ey4jpIAB,00548038,2024-08-10 00:34:43,Closed,AMANT - Perforadora D03 pantalla pegada,Claudio Ponce,N/A,N/A,Sin comentarios
500Qi00000EyRDOIA3,00548043,2024-08-10 06:42:33,Closed,CNRI - CE352 no ve las asignaciones,Claudio Ponce,N/A,N/A,Sin comentarios
500Qi00000EyqmrIAB,00548051,2024-08-10 11:18:44,Closed,AMCEN - Problema Sharperlight,Roberto Maldonado,N/A,N/A,Sin comentarios
500Qi00000EystWIAR,00548052,2024-08-10 11:52:03,Closed,AMZAL - Revisión L12,Ricardo Rubio,N/A,N/A,Sin comentarios
500Qi00000EzCYrIAN,00548058,2024-08-10 16:06:10,Closed,CNRI - Problema Reporte Cumplimiento Diario,Ricardo Rubio,N/A,N/A,Sin comentarios
500Qi00000EzPJBIA3,00548059,2024-08-10 19:02:28,Closed,MLCC - Revisión importador Malla,Ricardo Rubio,N/A,N/A,Sin comentarios
500Qi00000EzKmYIAV,00548060,2024-08-10 19:06:13,Closed,AMANT - Revisión Perforadora D03,Ricardo Rubio,N/A,N/A,Sin comentarios
500Qi00000EzP1SIAV,00548062,2024-08-10 19:18:11,Closed,AMZAL - Sin Reportabilidad Jview,Ricardo Rubio,N/A,N/A,Sin comentarios
500Qi00000EzVMzIAN,00548064,2024-08-10 20:34:03,Closed,AMCEN - Solicitud de revision C218,Claudio Ponce,N/A,N/A,Sin comentarios
500Qi00000EzXi9IAF,00548066,2024-08-10 21:09:37,Closed,Monitoreo - MLCC - Procesos sql encolados,Claudio Ponce,N/A,N/A,Sin comentarios
500Qi00000EzZX3IAN,00548068,2024-08-10 21:36:09,Closed,CNRI - CE104 no cuenta las vueltas,Claudio Ponce,N/A,N/A,Sin comentarios
500Qi00000EzcrXIAR,00548071,2024-08-10 22:56:09,Closed,AMCEN - Solicitud de revision C128,Claudio Ponce,N/A,N/A,Sin comentarios
500Qi00000Ezo9WIAR,00548077,2024-08-11 02:26:09,Closed,AMZAL - Camiones sin asignacion,Claudio Ponce,N/A,N/A,Sin comentarios
500Qi00000EzpC4IAJ,00548078,2024-08-11 02:27:06,Closed,CNRI - CE119 pantalla en negro,Claudio Ponce,N/A,N/A,Sin comentarios
500Qi00000F01oKIAR,00548080,2024-08-11 04:47:29,Closed,AMZAL - S04 no muestra los bloques de los que saca material,Claudio Ponce,N/A,N/A,Sin comentarios
500Qi00000EzzbCIAR,00548081,2024-08-11 04:48:19,Closed,AMCEN - solicitud de revision GPS de  C14,Claudio Ponce,N/A,N/A,Sin comentarios
500Qi00000F01UwIAJ,00548082,2024-08-11 04:48:56,Closed,AMCEN - Solicitud de revision de  PE67,Claudio Ponce,N/A,N/A,Sin comentarios
500Qi00000Ezu5IIAR,00548087,2024-08-11 05:12:02,Closed,CNRI - Tronadura borrada,Claudio Ponce,N/A,N/A,Sin comentarios
500Qi00000F0SBmIAN,00548093,2024-08-11 11:27:47,Closed,CNDMH - Revisar C723,Ricardo Rubio,N/A,N/A,Sin comentarios
500Qi00000F0Kr1IAF,00548094,2024-08-11 11:28:31,Closed,CNDMH - Revisión C732,Ricardo Rubio,N/A,N/A,Sin comentarios
500Qi00000F0SIDIA3,00548095,2024-08-11 11:29:02,Closed,CNDMH - Revisión C727,Ricardo Rubio,N/A,N/A,Sin comentarios
500Qi00000F0PYtIAN,00548096,2024-08-11 11:29:52,Closed,MAGSA - Cambio uhp a core TK383,Roberto Maldonado,N/A,N/A,Sin comentarios
500Qi00000F0SWjIAN,00548097,2024-08-11 11:31:04,Closed,CNDMH - Sin Comunicación a Ericar,Ricardo Rubio,N/A,N/A,Sin comentarios
500Qi00000F0n4vIAB,00548120,2024-08-11 16:31:03,Closed,CNDMH - Revisar B409,Ricardo Rubio,N/A,N/A,Sin comentarios
500Qi00000F0sr1IAB,00548126,2024-08-11 18:32:48,Closed,CNDMH - Revisión C726,Ricardo Rubio,N/A,N/A,Sin comentarios
500Qi00000F0z7hIAB,00548129,2024-08-11 19:37:20,Closed,AMANT - Revisión Excavadora E01,Ricardo Rubio,N/A,N/A,Sin comentarios
500Qi00000F0zE9IAJ,00548130,2024-08-11 19:38:39,Closed,AMANT - Revisión BullDozer B03,Ricardo Rubio,N/A,N/A,Sin comentarios
500Qi00000F13bDIAR,00548143,2024-08-11 21:55:06,Closed,AMANT - Perforadora D03 sin GPS,Claudio Ponce,N/A,N/A,Sin comentarios
500Qi00000F19GjIAJ,00548145,2024-08-11 22:06:11,Closed,CNRI - CE115 pantalla en negro,Claudio Ponce,N/A,N/A,Sin comentarios
500Qi00000F1BgpIAF,00548151,2024-08-11 23:29:55,Closed,MLCC - Cargador 220 no toma el destino,Claudio Ponce,N/A,N/A,Sin comentarios
500Qi00000F1Q9VIAV,00548167,2024-08-12 02:07:36,Closed,AMCEN - Solicitud de revision de Jigsaw,Claudio Ponce,N/A,N/A,Sin comentarios
500Qi00000F1WI9IAN,00548171,2024-08-12 03:21:46,Closed,CNRI - CE119 pantalla pegada,Claudio Ponce,N/A,N/A,Sin comentarios
500Qi00000F1oBqIAJ,00548183,2024-08-12 06:55:37,Closed,AMCEN - Solicitud de revision de equipos Varios,Claudio Ponce,N/A,N/A,Sin comentarios
500Qi00000F26QTIAZ,00548188,2024-08-12 08:41:37,Closed,MLCC - Revision Descarga Sumario P201 y L220,Ricardo Rubio,N/A,N/A,Sin comentarios
500Qi00000F3L48IAF,00548214,2024-08-12 13:32:54,Closed,AMZAL - Ingreso M23 al sistema,Ricardo Rubio,N/A,N/A,Sin comentarios
500Qi00000F3EAhIAN,00548217,2024-08-12 13:35:11,Closed,AMZAL - Revisión Líneas de Excavación,Ricardo Rubio,N/A,N/A,Sin comentarios
500Qi00000F3MkxIAF,00548226,2024-08-12 13:55:32,Closed,CNTTE -  Problemas comunicación Múltiples equipos.,Ricardo Rubio,N/A,N/A,Sin comentarios
500Qi00000F3QewIAF,00548234,2024-08-12 14:51:23,Closed,MAGSA - Cambio uhp a core TK369,Ricardo Rubio,N/A,N/A,Sin comentarios
500Qi00000F3oAzIAJ,00548262,2024-08-12 16:28:40,Closed,AMZAL - Revisión H57,Ricardo Rubio,N/A,N/A,Sin comentarios
500Qi00000F4citIAB,00548295,2024-08-12 21:08:18,Closed,AMCEN - Equipos pegados en el mapa,Claudio Ponce,N/A,N/A,Sin comentarios
500Qi00000F511GIAR,00548315,2024-08-13 00:52:36,Closed,Monitoreo - MLCC - Procesos sql encolados,Claudio Ponce,N/A,N/A,Sin comentarios
500Qi00000F5B2GIAV,00548323,2024-08-13 03:03:35,Closed,AMCEN - Solicitud de revision de C51,Claudio Ponce,N/A,N/A,Sin comentarios
500Qi00000F66QKIAZ,00548342,2024-08-13 09:46:39,Closed,Monitoreo - CNTTE - Sin espacio en Disco Duro,Ricardo Rubio,N/A,N/A,Sin comentarios
500Qi00000F6SLxIAN,00548353,2024-08-13 10:51:35,Closed,CNTTE - Revisión CF503,Ricardo Rubio,N/A,N/A,Sin comentarios
500Qi00000F6IBMIA3,00548354,2024-08-13 10:52:22,Closed,CNTTE - Revisión CA313,Ricardo Rubio,N/A,N/A,Sin comentarios
500Qi00000F6JljIAF,00548355,2024-08-13 10:52:43,Closed,CNTTE - Revisión CA315,Ricardo Rubio,N/A,N/A,Sin comentarios
500Qi00000F6sJeIAJ,00548360,2024-08-13 12:41:36,Closed,MAGSA - Cambio uhp a core TK362,Roberto Maldonado,N/A,N/A,Sin comentarios
500Qi00000F7xabIAB,00548380,2024-08-13 17:00:29,Working,Habilitar la visualización de los poligonos adyacentes en la pantalla de la pala.,Guillermo Lamas,N/A,N/A,Sin comentarios
500Qi00000F7fp4IAB,00548382,2024-08-13 17:11:09,Closed,CNPRI - Database migration 2.8-005 with postgresql 12,Armando Mestanza,N/A,N/A,Sin comentarios
500Qi00000F8xQYIAZ,00548425,2024-08-14 02:29:56,Closed,CNRT - C329 no baja el brillo,Claudio Ponce,N/A,N/A,Sin comentarios
500Qi00000F9533IAB,00548436,2024-08-14 03:42:38,Closed,AMZAL - H51 con hora cambiada,Claudio Ponce,N/A,N/A,Sin comentarios
500Qi00000F9Bq3IAF,00548444,2024-08-14 05:26:53,Closed,AMCEN - Solicitud de revision de C12,Claudio Ponce,N/A,N/A,Sin comentarios
500Qi00000F9m9eIAB,00548454,2024-08-14 09:23:40,Closed,AMZAL - Cambio de correo en reporte de velocidad,Roberto Maldonado,N/A,N/A,Sin comentarios
500Qi00000F9vsrIAB,00548462,2024-08-14 09:55:48,Closed,"AAM -  Revisión de equipos Caex 54, 55, 81 y 85",Claudio Ponce,N/A,N/A,Sin comentarios
500Qi00000FAqUYIA1,00548484,2024-08-14 13:46:34,Closed,MAGSA - Cambio uhp a core TK370,Roberto Maldonado,N/A,N/A,Sin comentarios
500Qi00000FCFnRIAX,00548519,2024-08-14 21:44:28,Closed,CNDMH - Caex 371 pierde vueltas,Gustavo Cheng,N/A,N/A,Sin comentarios
500Qi00000FCG0LIAX,00548520,2024-08-14 21:45:50,Closed,AMCEN - Revisar Pala 10 sin acceso a VNC,Gustavo Cheng,N/A,N/A,Sin comentarios
500Qi00000FCeIqIAL,00548556,2024-08-15 03:40:55,Closed,AMCEN - Revisar C134 pegado,Gustavo Cheng,N/A,N/A,Sin comentarios
500Qi00000FCkOEIA1,00548557,2024-08-15 03:42:34,Closed,CNRI - Caex se cambian de estado (CE103),Gustavo Cheng,N/A,N/A,Sin comentarios
500Qi00000FD6zqIAD,00548567,2024-08-15 06:49:34,Closed,AMCEN - Revisar reportabilidad,Gustavo Cheng,N/A,N/A,Sin comentarios
500Qi00000FDQ5kIAH,00548577,2024-08-15 09:54:41,Closed,MAGSA - Upgrade uhp a core TK363,Roberto Maldonado,N/A,N/A,Sin comentarios
500Qi00000FDjUyIAL,00548580,2024-08-15 10:56:47,Closed,AAM -  Revisión de equipos Caex 2CAM8391,Roberto Maldonado,N/A,N/A,Sin comentarios
500Qi00000FEdFUIA1,00548606,2024-08-15 14:04:25,Closed,MLCC - Enlace a jview,Roberto Maldonado,N/A,N/A,Sin comentarios
500Qi00000FFF4bIAH,00548616,2024-08-15 16:47:37,Closed,CNDMH - Caex 376 con problemas de posicionamiento.,Roberto Maldonado,N/A,N/A,Sin comentarios
500Qi00000FFrzUIAT,00548646,2024-08-15 20:34:59,Closed,CNDMH - Caex 304 con problema de gps,Gustavo Cheng,N/A,N/A,Sin comentarios
500Qi00000FG6jyIAD,00548651,2024-08-15 22:40:15,Closed,AMCEN - Revisión pala3,Gustavo Cheng,N/A,N/A,Sin comentarios
500Qi00000FGoMrIAL,00548672,2024-08-16 07:03:21,Closed,AMCEN - Revisión perforadora 3 sin conexión vnc,Gustavo Cheng,N/A,N/A,Sin comentarios
500Qi00000FH23CIAT,00548680,2024-08-16 09:00:56,Closed,MAGSA - Cambio uhp a core TK393,Roberto Maldonado,N/A,N/A,Sin comentarios
500Qi00000FHPCnIAP,00548682,2024-08-16 10:13:59,Closed,CNRI - Equipos CAEX no marcan ruta a destinos en verde,Roberto Maldonado,N/A,N/A,Sin comentarios
500Qi00000FI6T2IAL,00548698,2024-08-16 12:56:06,Closed,CNTTE -  Cambio de contraseña SQL server,Roberto Maldonado,N/A,N/A,Sin comentarios
500Qi00000FJZvvIAH,00548737,2024-08-16 22:19:01,Closed,AMZAL - Aplicativo pegado,Roberto Maldonado,N/A,N/A,Sin comentarios
500Qi00000FJhqEIAT,00548744,2024-08-16 23:47:40,Closed,AMCEN - Revisar PA3 intermitencia gps,Gustavo Cheng,N/A,N/A,Sin comentarios
500Qi00000FJiHdIAL,00548745,2024-08-16 23:48:24,Closed,AMCEN - Revisar C128 pegado en mapa,Gustavo Cheng,N/A,N/A,Sin comentarios
500Qi00000FJkOHIA1,00548746,2024-08-17 00:19:19,Closed,AMCEN - Revisión C54 pegado en mapa,Gustavo Cheng,N/A,N/A,Sin comentarios
500Qi00000FJk9mIAD,00548747,2024-08-17 00:20:55,Closed,MLCC - No actualizan planillas excel,Gustavo Cheng,N/A,N/A,Sin comentarios
500Qi00000FKDV7IAP,00548753,2024-08-17 06:18:45,Closed,AMCEN - Revisar C47,Gustavo Cheng,N/A,N/A,Sin comentarios
500Qi00000FKAKMIA5,00548754,2024-08-17 06:19:30,Closed,AMCEN - Revisión C151,Gustavo Cheng,N/A,N/A,Sin comentarios
500Qi00000FKDZxIAP,00548755,2024-08-17 06:20:08,Closed,AMCEN - Revisión PA2,Gustavo Cheng,N/A,N/A,Sin comentarios
500Qi00000FKDdBIAX,00548756,2024-08-17 06:20:44,Closed,AMCEN - Revisión C122,Gustavo Cheng,N/A,N/A,Sin comentarios
500Qi00000FK5xOIAT,00548757,2024-08-17 06:21:31,Closed,AMCEN - Revisión C134,Gustavo Cheng,N/A,N/A,Sin comentarios
500Qi00000FKCagIAH,00548758,2024-08-17 06:22:07,Closed,AMCEN - Revisión C44,Gustavo Cheng,N/A,N/A,Sin comentarios
500Qi00000FKCu2IAH,00548759,2024-08-17 06:22:43,Closed,AMCEN - Revisión reportabilidad,Gustavo Cheng,N/A,N/A,Sin comentarios
500Qi00000FKBpuIAH,00548760,2024-08-17 06:23:20,Closed,AMCEN - Revisión C42,Gustavo Cheng,N/A,N/A,Sin comentarios
500Qi00000FKEcTIAX,00548761,2024-08-17 06:41:00,Closed,CNN - No se asignan camiones a CF01,Gustavo Cheng,N/A,N/A,Sin comentarios
500Qi00000FKXC6IAP,00548769,2024-08-17 12:01:25,Closed,Monitoreo - CNMS - Se pierde enlace con servidores primario y secundario.,Roberto Maldonado,N/A,N/A,Sin comentarios
500Qi00000FKl8bIAD,00548770,2024-08-17 13:09:02,Closed,DMH - R503 no muestra barras de comunicación.,Roberto Maldonado,N/A,N/A,Sin comentarios
500Qi00000FL2kXIAT,00548774,2024-08-17 16:56:52,Closed,MAGSA - Upgrade uhp a core TK380,Roberto Maldonado,N/A,N/A,Sin comentarios
500Qi00000FLhe1IAD,00548800,2024-08-18 02:46:47,Closed,AMZAL - Panel de S02 con exceso de dibujos,Roberto Maldonado,N/A,N/A,Sin comentarios
500Qi00000FLiGmIAL,00548803,2024-08-18 04:13:55,Closed,AMCEN - Revisión C134 sin conexión VNC,Gustavo Cheng,N/A,N/A,Sin comentarios
500Qi00000FLpenIAD,00548805,2024-08-18 04:42:00,Closed,AMCEN - Revisión CA218,Gustavo Cheng,N/A,N/A,Sin comentarios
500Qi00000FMCTJIA5,00548814,2024-08-18 10:51:31,Closed,DMH - P212 con pantalla pegada,Roberto Maldonado,N/A,N/A,Sin comentarios
500Qi00000FMLrZIAX,00548834,2024-08-18 13:10:19,Closed,CNMS - Alarmas CAS no se muestran en MineEnterprice,Roberto Maldonado,N/A,N/A,Sin comentarios
500Qi00000FMSRfIAP,00548845,2024-08-18 16:00:07,Closed,CNTTE -  No se puede visualizar Jview,Roberto Maldonado,N/A,N/A,Sin comentarios
500Qi00000FNEODIA5,00548879,2024-08-19 01:39:16,Closed,AMCEN - Revisión caex 41,Gustavo Cheng,N/A,N/A,Sin comentarios
500Qi00000FNET3IAP,00548880,2024-08-19 01:40:37,Closed,AAM - PALA 003 no registra viajes/borra vueltas,Roberto Maldonado,N/A,N/A,Sin comentarios
500Qi00000FNTDaIAP,00548894,2024-08-19 04:29:05,Closed,AMCEN - Checkear C23 no actualiza posición,Gustavo Cheng,N/A,N/A,Sin comentarios
500Qi00000FNgZ3IAL,00548897,2024-08-19 07:04:31,Closed,AMCEN - Cargador frontal 233 no visualiza camiones cargando,Gustavo Cheng,N/A,N/A,Sin comentarios
500Qi00000FNkntIAD,00548898,2024-08-19 07:05:10,Closed,AMCEN - Revisión C18 sin movimiento,Gustavo Cheng,N/A,N/A,Sin comentarios
500Qi00000FOPFyIAP,00548929,2024-08-19 10:18:52,Closed,Ticket prueba 19-08-24 no considerar,Guillermo Lamas,N/A,N/A,Sin comentarios
500Qi00000FOSgtIAH,00548932,2024-08-19 10:55:52,Closed,AAM - Problemas con MinEnterprice,Gustavo Cheng,N/A,N/A,Sin comentarios
500Qi00000FP3v1IAD,00548952,2024-08-19 13:27:35,Closed,Monitoreo - DMH - Encolamiento SQL server,Gustavo Cheng,N/A,N/A,Sin comentarios
500Qi00000FQbcsIAD,00548986,2024-08-19 20:46:39,Closed,AAM - Sumarizar últimos días Julio,Gustavo Cheng,N/A,N/A,Sin comentarios
500Qi00000FQqn8IAD,00549015,2024-08-19 22:13:00,Closed,AMCEN - Revisión C14 panel pegado,Gustavo Cheng,N/A,N/A,Sin comentarios
500Qi00000FR2gEIAT,00549025,2024-08-20 00:28:20,Closed,AMCEN - Revisión C60,Gustavo Cheng,N/A,N/A,Sin comentarios
500Qi00000FRKLNIA5,00549036,2024-08-20 02:27:09,Closed,AMCEN - Sin reportabilidad actualizada,Gustavo Cheng,N/A,N/A,Sin comentarios
500Qi00000FRKYHIA5,00549037,2024-08-20 02:28:01,Closed,AMCEN - Revisión CA215 pegado,Gustavo Cheng,N/A,N/A,Sin comentarios
500Qi00000FRDDSIA5,00549038,2024-08-20 02:28:56,Closed,AMCEN - Revisión de caex 60 pegado,Gustavo Cheng,N/A,N/A,Sin comentarios
500Qi00000FRFtdIAH,00549039,2024-08-20 02:29:41,Closed,AMCEN - Revisar caex 164 pegado,Gustavo Cheng,N/A,N/A,Sin comentarios
500Qi00000FTm2LIAT,00549139,2024-08-20 16:16:04,Closed,MAGSA - Cambio uhp a core TK382,South American Support Q,N/A,N/A,Sin comentarios
500Qi00000FUGjTIAX,00549143,2024-08-20 17:00:28,Closed,AAM -  Revisión de equipos Caex 2CAM8525,Roberto Maldonado,N/A,N/A,Sin comentarios
500Qi00000FUxwVIAT,00549184,2024-08-20 22:30:25,Closed,AAM - Reportes frecuencia camiones visualizan gráfica en UTC,Claudio Ponce,N/A,N/A,Sin comentarios
500Qi00000FV0JIIA1,00549186,2024-08-20 23:16:49,Closed,AMCEN - Monitorear Palas PA1 y PA26,Gustavo Cheng,N/A,N/A,Sin comentarios
500Qi00000FV9nxIAD,00549190,2024-08-21 00:13:16,Closed,CNRI - CE347 constantes alarmas OAS,Gustavo Cheng,N/A,N/A,Sin comentarios
500Qi00000FX1SvIAL,00549240,2024-08-21 11:50:52,Closed,MAGSA - Cambio uhp a core TK390,Claudio Ponce,N/A,N/A,Sin comentarios
500Qi00000FXHB8IAP,00549246,2024-08-21 12:57:20,Closed,AMZAL - Pala 4 no ve todos dibujos en su pantalla,Claudio Ponce,N/A,N/A,Sin comentarios
500Qi00000FXRlgIAH,00549260,2024-08-21 14:31:03,Closed,AMZAL - Disponibilidad-utilización M18 se ejecutó a las 21/08/2024 7:15:10,Claudio Ponce,N/A,N/A,Sin comentarios
500Qi00000FZHrlIAH,00549317,2024-08-22 01:39:37,Closed,AMZAL - Revisión T13,Ricardo Rubio,N/A,N/A,Sin comentarios
500Qi00000FaPiPIAV,00549340,2024-08-22 09:56:15,Closed,AMANT - Mine Enterprise Antucoya caída (22.08.2024),Claudio Ponce,N/A,N/A,Sin comentarios
500Qi00000FarjVIAR,00549350,2024-08-22 11:25:03,Closed,MAGSA - Cambio uhp a core TK385,Claudio Ponce,N/A,N/A,Sin comentarios
500Qi00000FbE6bIAF,00549359,2024-08-22 12:56:44,Closed,AMZAL - Pala 4 gps none,Claudio Ponce,N/A,N/A,Sin comentarios
500Qi00000Fb5EjIAJ,00549361,2024-08-22 13:20:58,Closed,Reporte Vueltas Manuales DRT,Guillermo Lamas,N/A,N/A,Sin comentarios
500Qi00000FbMc1IAF,00549362,2024-08-22 13:26:59,Closed,Carga de coordenadas circuito mina,Guillermo Lamas,N/A,N/A,Sin comentarios
500Qi00000FbP6rIAF,00549367,2024-08-22 13:37:35,Closed,Plan Mensual Mina Agosto - Plataforma Jview reporte KPI despacho,Maikol Salas,N/A,N/A,Sin comentarios
500Qi00000FbLEbIAN,00549369,2024-08-22 13:54:20,Closed,CNTTE - C313 y 307 no cuentan los ciclos,Claudio Ponce,N/A,N/A,Sin comentarios
500Qi00000FcjbNIAR,00549409,2024-08-22 21:10:44,Closed,CNDMH - Revisión Jview,Ricardo Rubio,N/A,N/A,Sin comentarios
500Qi00000FcrcAIAR,00549416,2024-08-22 23:09:50,Closed,CNRI - Revisión CAEX CE353,Ricardo Rubio,N/A,N/A,Sin comentarios
500Qi00000FdKZJIA3,00549427,2024-08-23 03:03:07,Closed,CNMS - Problemas Botadero Fase 1,Ricardo Rubio,N/A,N/A,Sin comentarios
500Qi00000FdSgaIAF,00549432,2024-08-23 04:42:13,Closed,AMCEN - Revisión CAEX C38,Ricardo Rubio,N/A,N/A,Sin comentarios
500Qi00000Fdw5AIAR,00549443,2024-08-23 09:40:12,Closed,CNDMH - Sin datos reporte KPI despacho,Claudio Ponce,N/A,N/A,Sin comentarios
500Qi00000FeOj0IAF,00549447,2024-08-23 10:24:19,Closed,AMANT - Perforadora D07 pantalla pegada,Claudio Ponce,N/A,N/A,Sin comentarios
500Qi00000Ff1vfIAB,00549457,2024-08-23 13:12:12,Closed,MAGSA - Cambio uhp a core TK373,Claudio Ponce,N/A,N/A,Sin comentarios
500Qi00000FfjtQIAR,00549465,2024-08-23 16:06:20,Closed,Monitoreo - CNDMH - Procesos sql encolados,Claudio Ponce,N/A,N/A,Sin comentarios
500Qi00000FftmMIAR,00549466,2024-08-23 16:36:35,Closed,MLCC - Hazard no se carga en el sistema,Claudio Ponce,N/A,N/A,Sin comentarios
500Qi00000FgdkHIAR,00549480,2024-08-23 21:03:49,Closed,CNRT - Revisión CAEX C934,Ricardo Rubio,N/A,N/A,Sin comentarios
500Qi00000FgWVwIAN,00549481,2024-08-23 21:05:28,Closed,AMCEN - Revisión CAEX CA222,Ricardo Rubio,N/A,N/A,Sin comentarios
500Qi00000FgqmNIAR,00549485,2024-08-23 23:45:49,Closed,CNRI - Problemas Factor de Carga,Ricardo Rubio,N/A,N/A,Sin comentarios
500Qi00000Fh4HTIAZ,00549488,2024-08-24 04:00:49,Closed,CNCHUQ - Equipos asignados a Petrolera,Ricardo Rubio,N/A,N/A,Sin comentarios
500Qi00000FhNyQIAV,00549491,2024-08-24 07:36:13,Closed,AMZAL - Incongruencia de Datos en Reporte Daily,Ricardo Rubio,N/A,N/A,Sin comentarios
500Qi00000FhNNMIA3,00549494,2024-08-24 08:29:30,Closed,MAGSA - Cambio uhp a core WT701,Claudio Ponce,N/A,N/A,Sin comentarios
500Qi00000FhkQMIAZ,00549501,2024-08-24 10:34:32,Closed,CNRI - Pala 204 no aparece,Claudio Ponce,N/A,N/A,Sin comentarios
500Qi00000Fhl9VIAR,00549502,2024-08-24 10:40:52,Closed,AMZAL - H60 pierde las vueltas,Claudio Ponce,N/A,N/A,Sin comentarios
500Qi00000FhqynIAB,00549504,2024-08-24 11:38:58,Closed,CNDMH - Jview con respuesta tardia,Claudio Ponce,N/A,N/A,Sin comentarios
500Qi00000FhwCzIAJ,00549507,2024-08-24 12:41:16,Closed,CNDMH - Revision de equipos,Claudio Ponce,N/A,N/A,Sin comentarios
500Qi00000FiisjIAB,00549527,2024-08-24 23:46:34,Closed,CNCHUQ - Problema Asignación Fija a Región,Ricardo Rubio,N/A,N/A,Sin comentarios
500Qi00000FhUjoIAF,00549540,2024-08-25 01:26:18,Closed,AMANT - Sumarizar Mes de Julio y Agosto,Ricardo Rubio,N/A,N/A,Sin comentarios
500Qi00000FjEB4IAN,00549547,2024-08-25 08:29:31,Closed,MAGSA - Cambio uhp a core WT702 y revision de WT701 y 704,Claudio Ponce,N/A,N/A,Sin comentarios
500Qi00000FjbHPIAZ,00549573,2024-08-25 14:58:57,Closed,AMCEN - CF05 no toma el GPS,Claudio Ponce,N/A,N/A,Sin comentarios
500Qi00000FkGCQIA3,00549598,2024-08-25 23:42:06,Closed,CNRI - Revisión OAS CAEX CE351,Ricardo Rubio,N/A,N/A,Sin comentarios
500Qi00000FkSK1IAN,00549611,2024-08-26 02:32:02,Closed,CNRT - Finalizar Pozo R06,Ricardo Rubio,N/A,N/A,Sin comentarios
500Qi00000FkRB4IAN,00549612,2024-08-26 02:33:01,Closed,CNRI - Revisión CAEX CE119,Ricardo Rubio,N/A,N/A,Sin comentarios
500Qi00000Fkoh9IAB,00549626,2024-08-26 07:22:32,Closed,MAGSA - Cambio uhp a core WT703,Claudio Ponce,N/A,N/A,Sin comentarios
500Qi00000FkkTuIAJ,00549630,2024-08-26 08:18:41,Closed,AMANT - Reporte Ejecutivo Diario,Claudio Ponce,N/A,N/A,Sin comentarios
500Qi00000FlVisIAF,00549655,2024-08-26 10:52:06,Closed,CNN - Reportabilidad tardia,Claudio Ponce,N/A,N/A,Sin comentarios
500Qi00000Flu1LIAR,00549660,2024-08-26 12:56:46,Closed,MAGSA - Cambio uhp a core TK394,Claudio Ponce,N/A,N/A,Sin comentarios
500Qi00000FmQVrIAN,00549669,2024-08-26 14:23:42,Closed,Monitoreo - CNDMH - Procesos sql encolados,Claudio Ponce,N/A,N/A,Sin comentarios
500Qi00000FmJUTIA3,00549672,2024-08-26 14:40:27,Closed,CNTTE - Sumarizacion de Agosto,Claudio Ponce,N/A,N/A,Sin comentarios
500Qi00000FnwS4IAJ,00549712,2024-08-27 00:45:57,Closed,AMZAL - Levantamiento marcha retroceso en CAEX CMZ,Gustavo Cheng,N/A,N/A,Sin comentarios
500Qi00000FoFb7IAF,00549727,2024-08-27 03:11:57,Closed,CNRI - Revisión OAS CAEX CE359,Ricardo Rubio,N/A,N/A,Sin comentarios
500Qi00000FoX6fIAF,00549743,2024-08-27 08:29:15,Closed,MAGSA - Cambio uhp a core TK368,Claudio Ponce,N/A,N/A,Sin comentarios
500Qi00000FpO7hIAF,00549749,2024-08-27 10:26:16,Closed,MAGSA - Borrar mall F6-3995-21,Claudio Ponce,N/A,N/A,Sin comentarios
500Qi00000Fpx8gIAB,00549760,2024-08-27 12:23:52,Closed,CNTTE - TTE - Resetear usuario Jview,Claudio Ponce,N/A,N/A,Sin comentarios
500Qi00000FqQsIIAV,00549778,2024-08-27 15:18:40,Closed,Estado esperando equipo.,Guillermo Lamas,N/A,N/A,Sin comentarios
500Qi00000Fr2HZIAZ,00549790,2024-08-27 16:52:50,Closed,MAGSA - Cambio uhp a core TK367,Claudio Ponce,N/A,N/A,Sin comentarios
500Qi00000FrgdCIAR,00549805,2024-08-27 22:38:01,Closed,Monitoreo - MLCC - Procesos SQL Encolados,Ricardo Rubio,N/A,N/A,Sin comentarios
500Qi00000FrsrFIAR,00549830,2024-08-27 23:47:02,Closed,CNCHUQ - Revisión C447,Ricardo Rubio,N/A,N/A,Sin comentarios
500Qi00000Fslz4IAB,00549856,2024-08-28 09:24:49,Closed,AAM - Reportabilidad desactualizada / con error,Gustavo Cheng,N/A,N/A,Sin comentarios
500Qi00000FtpXVIAZ,00549883,2024-08-28 12:23:24,Closed,AAM - Revisión Perforadora 5002 antenas en rojo,Gustavo Cheng,N/A,N/A,Sin comentarios
500Qi00000FuG4iIAF,00549902,2024-08-28 14:21:58,Closed,MLCC - Monitoreo - Importadores pegados,Gustavo Cheng,N/A,N/A,Sin comentarios
500Qi00000FuQQhIAN,00549919,2024-08-28 15:29:40,Closed,Factibilidad de Crear Vista Jigsaw (IOPS por hora),Yazmin Sanchez,N/A,N/A,Sin comentarios
500Qi00000FvaULIAZ,00549968,2024-08-28 21:14:25,Closed,AMZAL - Modelo y versión de estación base,Roberto Maldonado,N/A,N/A,Sin comentarios
500Qi00000FvpMvIAJ,00549997,2024-08-28 23:54:35,Closed,CNRT - Constantes desconexiones entre servidor y equipos de campo,Roberto Maldonado,N/A,N/A,Sin comentarios
500Qi00000FvuRSIAZ,00549998,2024-08-29 00:50:42,Closed,AAM -  Revisión de equipos Caex 88,Roberto Maldonado,N/A,N/A,Sin comentarios
500Qi00000FwKNVIA3,00550011,2024-08-29 05:02:39,Closed,Monitoreo - AMANT - Problemas de funcionamiento de Sharperlight y Mine Enterprise.,Gustavo Cheng,N/A,N/A,Sin comentarios
500Qi00000FxX96IAF,00550052,2024-08-29 12:32:07,Closed,MLCC - Revisión Pala210 gps intermitente,Gustavo Cheng,N/A,N/A,Sin comentarios
500Qi00000FxjepIAB,00550053,2024-08-29 12:33:07,Closed,MLCC - Caex C308 se queda pegado y figura en otros lugares,Roberto Maldonado,N/A,N/A,Sin comentarios
500Qi00000FycONIAZ,00550083,2024-08-29 15:52:33,Closed,Issue with Event Number and Color Updates in Dispatcher Profile,South American Support Q,N/A,N/A,Sin comentarios
500Qi00000Fypa7IAB,00550088,2024-08-29 16:50:03,Closed,CNRI - Caex 103 con constantes vibraciones,Gustavo Cheng,N/A,N/A,Sin comentarios
500Qi00000FzHMiIAN,00550109,2024-08-29 19:32:34,Closed,AAM - Cambio de contraseña usuario jview,Gustavo Cheng,N/A,N/A,Sin comentarios
500Qi00000FzFO6IAN,00550133,2024-08-29 22:35:57,Closed,Monitoreo - MAGSA - Encolamiento SQL,Roberto Maldonado,N/A,N/A,Sin comentarios
500Qi00000G1DbVIAV,00550164,2024-08-30 10:27:45,Closed,CNDMH - Caex 336 no pinta barras de señal,Gustavo Cheng,N/A,N/A,Sin comentarios
500Qi00000G1a9tIAB,00550173,2024-08-30 11:52:55,Closed,MLCC - C314 con intermitencia gps,Gustavo Cheng,N/A,N/A,Sin comentarios
500Qi00000G1QYlIAN,00550174,2024-08-30 11:53:43,Closed,AAM - Cambio de contraseña usuario jview,Gustavo Cheng,N/A,N/A,Sin comentarios
500Qi00000G2OoEIAV,00550200,2024-08-30 15:53:30,Closed,MLCC - Importadores pegados,Gustavo Cheng,N/A,N/A,Sin comentarios
500Qi00000G2NaQIAV,00550202,2024-08-30 15:55:36,Closed,AAM - Equipos CAS Legacy no toman configuración,Gustavo Cheng,N/A,N/A,Sin comentarios
500Qi00000G2wWaIAJ,00550218,2024-08-30 21:11:29,Closed,MLCC - Datos desactualizados sistema de monitoreo de desgaste.,Roberto Maldonado,N/A,N/A,Sin comentarios
500Qi00000G3AkzIAF,00550241,2024-08-30 23:51:33,Closed,AMZAL - Sumarizacion del mes agosto,Roberto Maldonado,N/A,N/A,Sin comentarios
500Qi00000G3Dh6IAF,00550242,2024-08-30 23:53:27,Closed,AAM -  Revisión de equipos Caex 43 y 57,Roberto Maldonado,N/A,N/A,Sin comentarios
500Qi00000G397EIAR,00550245,2024-08-31 00:15:20,Closed,AMZAL - Problemas GPS T13,Roberto Maldonado,N/A,N/A,Sin comentarios
500Qi00000G3n2zIAB,00550256,2024-08-31 07:27:46,Closed,MAGSA - Cambio uhp a core TK366,Gustavo Cheng,N/A,N/A,Sin comentarios
500Qi00000G40kzIAB,00550266,2024-08-31 10:06:28,Closed,AMANT - Revisión reporte automático Alimentación planta por hora,Gustavo Cheng,N/A,N/A,Sin comentarios
500Qi00000G46KAIAZ,00550275,2024-08-31 11:21:09,Closed,MLCC - Equipos que salen de P210 se desconectan,Gustavo Cheng,N/A,N/A,Sin comentarios
500Qi00000G43cRIAR,00550276,2024-08-31 11:21:57,Closed,AMANT - Revisión de reporte ejecutivo,Gustavo Cheng,N/A,N/A,Sin comentarios
500Qi00000G4CvtIAF,00550292,2024-08-31 16:13:34,Closed,AMANT - No conversa información de mineops vs Jview,Gustavo Cheng,N/A,N/A,Sin comentarios
500Qi00000G4Yl3IAF,00550295,2024-08-31 16:55:13,Closed,MLCC - Reportabilidad excel no actualiza,Gustavo Cheng,N/A,N/A,Sin comentarios
500Qi00000G4UEQIA3,00550296,2024-08-31 16:55:59,Closed,CNDMH - Jview pegado,Gustavo Cheng,N/A,N/A,Sin comentarios
500Qi00000G4ji5IAB,00550312,2024-08-31 19:19:13,Closed,MAGSA - Carga de malla,Gustavo Cheng,N/A,N/A,Sin comentarios
500Qi00000G4hBfIAJ,00550319,2024-08-31 22:13:40,Closed,MLCC - Datos desactualizados en jview,Roberto Maldonado,N/A,N/A,Sin comentarios
500Qi00000G52PmIAJ,00550331,2024-09-01 00:09:27,Closed,MLCC - Importacion de datos de Plan mensual,Roberto Maldonado,N/A,N/A,Sin comentarios
500Qi00000G5WR6IAN,00550358,2024-09-01 09:03:16,Closed,AMZAL - Hora de descargas adelantado,Gustavo Cheng,N/A,N/A,Sin comentarios
500Qi00000G5wS2IAJ,00550364,2024-09-01 14:58:18,Closed,MLCC - Descuadre entre vista descargas sumario y descargas,Roberto Maldonado,N/A,N/A,Sin comentarios
500Qi00000G64R8IAJ,00550366,2024-09-01 15:54:04,Closed,CNRI - Constantes alarmas de bloqueado Caex 347,Roberto Maldonado,N/A,N/A,Sin comentarios
500Qi00000G65JyIAJ,00550368,2024-09-01 15:56:30,Closed,MLCC - No actualizan planillas excel,Roberto Maldonado,N/A,N/A,Sin comentarios
500Qi00000G6De5IAF,00550383,2024-09-01 17:39:42,Closed,MLCC - Cambio de contraseña mineops,Roberto Maldonado,N/A,N/A,Sin comentarios
500Qi00000G6DcUIAV,00550384,2024-09-01 17:40:42,Closed,AMZAL - Ejecutar macro para cierre de mes,Roberto Maldonado,N/A,N/A,Sin comentarios
500Qi00000G5ejdIAB,00550396,2024-09-01 19:33:28,Closed,AMZAL - Cargar plan mensual septiembre,Roberto Maldonado,N/A,N/A,Sin comentarios
500Qi00000G6Y2bIAF,00550414,2024-09-01 22:58:50,Closed,AMZAL - Sumarizacion 30 de agosto,Roberto Maldonado,N/A,N/A,Sin comentarios
500Qi00000G6fvJIAR,00550419,2024-09-02 00:55:52,Closed,CNN - Descargas sumario muestra una hora adelantada,Roberto Maldonado,N/A,N/A,Sin comentarios
500Qi00000G6aPPIAZ,00550423,2024-09-02 01:33:05,Closed,MLCC - Sumarizar desde el 1 de agosto al 1 de septiembre,Roberto Maldonado,N/A,N/A,Sin comentarios
500Qi00000G7ajuIAB,00550486,2024-09-02 10:03:50,Closed,TCDA - Licencia SMTools,Gustavo Cheng,N/A,N/A,Sin comentarios
500Qi00000G8BDBIA3,00550512,2024-09-02 16:05:09,Seeking Customer Clarification,Licencia VNC MineOps,Guillermo Lamas,N/A,N/A,Sin comentarios
500Qi00000G8BpuIAF,00550516,2024-09-02 16:55:43,Closed,CNN - Problema con gps en cargador,Roberto Maldonado,N/A,N/A,Sin comentarios
500Qi00000G8NxVIAV,00550534,2024-09-02 18:45:12,Closed,AMZAL - Sumarizar 31 de Agosto,Gustavo Cheng,N/A,N/A,Sin comentarios
500Qi00000G9QAAIA3,00550603,2024-09-03 06:49:50,Closed,CNN - Horario de descarga sumario adelantado en despacho.,Roberto Maldonado,N/A,N/A,Sin comentarios
500Qi00000G9TrBIAV,00550610,2024-09-03 07:25:21,Closed,MLCC - Caex borran ciclos alas 7 am,Gustavo Cheng,N/A,N/A,Sin comentarios
500Qi00000G9fsMIAR,00550619,2024-09-03 08:48:36,Closed,MLCC - Camiones a reserva,Gustavo Cheng,N/A,N/A,Sin comentarios
500Qi00000GABnNIAX,00550626,2024-09-03 10:43:16,Closed,MLCC - Revisión C310,Gustavo Cheng,N/A,N/A,Sin comentarios
500Qi00000GBCmHIAX,00550654,2024-09-03 15:24:54,Closed,Carga de Metas de Referncia reporte KPI,Guillermo Lamas,N/A,N/A,Sin comentarios
500Qi00000GBs8kIAD,00550678,2024-09-03 18:12:04,Closed,MLCC - No se visualiza malla en sistema,Gustavo Cheng,N/A,N/A,Sin comentarios
500Qi00000GCDd1IAH,00550706,2024-09-03 20:15:51,Closed,AMZAL - Sumarizacion  07-08-2024,Roberto Maldonado,N/A,N/A,Sin comentarios
500Qi00000GCN7kIAH,00550708,2024-09-03 20:48:20,Closed,MLCC - No se registran ciclo desde pala 202,Roberto Maldonado,N/A,N/A,Sin comentarios
500Qi00000GDDcYIAX,00550749,2024-09-04 04:45:13,Closed,CNRI - Revision caex CE115,Roberto Maldonado,N/A,N/A,Sin comentarios
500Qi00000GDhyrIAD,00550766,2024-09-04 08:36:41,Closed,Monitoreo - AMZAL - Sin Conexión remota servidores FMS Linux,Ricardo Rubio,N/A,N/A,Sin comentarios
500Qi00000GDktYIAT,00550769,2024-09-04 09:18:35,Closed,MAGSA - Cambio uhp a core TK372,Ricardo Rubio,N/A,N/A,Sin comentarios
500Qi00000GEotNIAT,00550810,2024-09-04 13:06:01,Closed,MLCC - Sin conexión a Jview,Ricardo Rubio,N/A,N/A,Sin comentarios
500Qi00000GEfIJIA1,00550812,2024-09-04 13:17:57,Closed,CAPCNN - Cambiar Factor de Carga,Ricardo Rubio,N/A,N/A,Sin comentarios
500Qi00000GG4RSIA1,00550874,2024-09-04 18:56:35,Closed,Alternative Solution for Core System Installation Without Serial Cable,Pablo Perez,N/A,N/A,Sin comentarios
500Qi00000GGIr0IAH,00550886,2024-09-04 20:41:41,Closed,AMCEN - servidor spotfire no termina la replica,Claudio Ponce,N/A,N/A,Sin comentarios
500Qi00000GGKhVIAX,00550887,2024-09-04 20:48:46,Closed,AMANT - Palas con problemas de GPS,Claudio Ponce,N/A,N/A,Sin comentarios
500Qi00000GGgV9IAL,00550902,2024-09-05 00:38:24,Closed,MLCC - Perforadora 103 no ve la malla de perforacion,Claudio Ponce,N/A,N/A,Sin comentarios
500Qi00000GHyWSIA1,00550945,2024-09-05 10:21:33,Closed,Monitoreo - CAPCNN - Baja corrección GPS,Ricardo Rubio,N/A,N/A,Sin comentarios
500Qi00000GI8XNIA1,00550947,2024-09-05 10:44:55,Closed,AMZAL - Eliminación de Equipos,Ricardo Rubio,N/A,N/A,Sin comentarios
500Qi00000GI6fMIAT,00550952,2024-09-05 11:34:35,Closed,MLCC - Creación Código Reserva sin Pala - Mantención,Ricardo Rubio,N/A,N/A,Sin comentarios
500Qi00000GJY01IAH,00550987,2024-09-05 16:52:15,Closed,MLCC - Importador Polígono Carga,Ricardo Rubio,N/A,N/A,Sin comentarios
500Qi00000GJs5DIAT,00550996,2024-09-05 18:47:06,Closed,CNDMH - Revisión Pala P206,Ricardo Rubio,N/A,N/A,Sin comentarios
500Qi00000GKBxOIAX,00551005,2024-09-05 20:53:49,Closed,AMANT - Palas con problemas de GPS,Claudio Ponce,N/A,N/A,Sin comentarios
500Qi00000GKIZ3IAP,00551009,2024-09-05 22:04:44,Closed,Monitoreo - MLCC - Procesos sql encolados,Claudio Ponce,N/A,N/A,Sin comentarios
500Qi00000GKJQHIA5,00551010,2024-09-05 22:15:33,Closed,CNRI - Pala 205 no tiene sistema,Claudio Ponce,N/A,N/A,Sin comentarios
500Qi00000GKLWwIAP,00551016,2024-09-05 22:43:57,Closed,CNRI - C121 pantalla pegada,Claudio Ponce,N/A,N/A,Sin comentarios
500Qi00000GL0whIAD,00551033,2024-09-06 06:21:17,Closed,CNRT - PE-03 no puede finalizar su pozo,Claudio Ponce,N/A,N/A,Sin comentarios
500Qi00000GLk55IAD,00551049,2024-09-06 11:09:29,Closed,Monitoreo - AMCEN - Load Avarage alto,Ricardo Rubio,N/A,N/A,Sin comentarios
500Qi00000GM1vXIAT,00551051,2024-09-06 11:13:22,Closed,MAGSA - Cambio uhp a core TK391,Ricardo Rubio,N/A,N/A,Sin comentarios
500Qi00000GNBhaIAH,00551075,2024-09-06 16:50:05,Closed,MAGSA - Cambio uhp a core DR470,Ricardo Rubio,N/A,N/A,Sin comentarios
500Qi00000GNQ2DIAX,00551078,2024-09-06 17:05:18,Closed,AMZAL - Revisión D10,Ricardo Rubio,N/A,N/A,Sin comentarios
500Qi00000GNIKpIAP,00551079,2024-09-06 17:44:04,Closed,MLCC - Sin Jview,Ricardo Rubio,N/A,N/A,Sin comentarios
500Qi00000GNkc2IAD,00551089,2024-09-06 19:48:29,Closed,CNDMH - Revisión CAEX C726,Ricardo Rubio,N/A,N/A,Sin comentarios
500Qi00000GNjPqIAL,00551092,2024-09-06 20:21:32,Closed,CNRI - Recuperar cuenta usuario,Claudio Ponce,N/A,N/A,Sin comentarios
500Qi00000GNfz0IAD,00551094,2024-09-06 20:39:06,Closed,CNRI - Pala 205 no tiene sistema,Claudio Ponce,N/A,N/A,Sin comentarios
500Qi00000GNxKjIAL,00551095,2024-09-06 21:30:26,Closed,CNRT - Sumarizacion,Claudio Ponce,N/A,N/A,Sin comentarios
500Qi00000GNxW1IAL,00551096,2024-09-06 21:31:40,Closed,CNRT - Perforadora R08 no ve los pozos,Claudio Ponce,N/A,N/A,Sin comentarios
500Qi00000GO4VzIAL,00551099,2024-09-06 23:35:54,Closed,Monitoreo - MLCC - Procesos sql encolados,Claudio Ponce,N/A,N/A,Sin comentarios
500Qi00000GOEGkIAP,00551101,2024-09-07 01:18:09,Closed,CNRT - Caex 818 con hora adelantada,Claudio Ponce,N/A,N/A,Sin comentarios
500Qi00000GOG0nIAH,00551102,2024-09-07 01:33:04,Closed,CNN - Equipos con hora adelantada,Claudio Ponce,N/A,N/A,Sin comentarios
500Qi00000GODB4IAP,00551103,2024-09-07 01:34:42,Closed,AMZAL - Equipos con hora adelantada,Claudio Ponce,N/A,N/A,Sin comentarios
500Qi00000GOpBRIA1,00551110,2024-09-07 07:38:59,Closed,AAM - Equipos con horas adelantadas,Claudio Ponce,N/A,N/A,Sin comentarios
500Qi00000GPBlUIAX,00551116,2024-09-07 11:46:22,Closed,MLCC - Revisión C325,Ricardo Rubio,N/A,N/A,Sin comentarios
500Qi00000GPFYvIAP,00551117,2024-09-07 11:47:30,Closed,AMZAL - Revisión S04,Ricardo Rubio,N/A,N/A,Sin comentarios
500Qi00000GPFdlIAH,00551118,2024-09-07 11:48:36,Closed,CNCHUQ - Problemas Reporte,Ricardo Rubio,N/A,N/A,Sin comentarios
500Qi00000GPTf7IAH,00551121,2024-09-07 14:10:32,Closed,CNRI - Creación Certificados PL205,Ricardo Rubio,N/A,N/A,Sin comentarios
500Qi00000GPn18IAD,00551142,2024-09-07 18:35:14,Closed,LB - Revisión Mine Enterprise,Ricardo Rubio,N/A,N/A,Sin comentarios
500Qi00000GPuVdIAL,00551148,2024-09-07 19:56:38,Closed,CNDMH - Reinicio del Ciclo de los Camiones,Ricardo Rubio,N/A,N/A,Sin comentarios
500Qi00000GPpHWIA1,00551149,2024-09-07 19:58:05,Closed,Monitoreo - AMZAL - Perdida de Comunicación Servidor Primario,Ricardo Rubio,N/A,N/A,Sin comentarios
500Qi00000GPyeIIAT,00551153,2024-09-07 21:19:53,Closed,AMCEN - Solicitud de revision de GPS,Claudio Ponce,N/A,N/A,Sin comentarios
500Qi00000GQ4A1IAL,00551156,2024-09-07 22:08:52,Closed,AMCEN - Solicitud de revision de GPS,Claudio Ponce,N/A,N/A,Sin comentarios
500Qi00000GPwUFIA1,00551157,2024-09-07 22:10:34,Closed,AMANT - Palas con problemas de GPS,Claudio Ponce,N/A,N/A,Sin comentarios
500Qi00000GQ4tCIAT,00551159,2024-09-07 22:24:09,Closed,AMCEN - Solicitud de revision de GPS,Claudio Ponce,N/A,N/A,Sin comentarios
500Qi00000GQ9ckIAD,00551160,2024-09-07 23:54:39,Closed,MLCC - Camiones no cambian sus estados,Claudio Ponce,N/A,N/A,Sin comentarios
500Qi00000GQJllIAH,00551163,2024-09-08 02:46:41,Closed,AMANT - Bloques no se cargan,Claudio Ponce,N/A,N/A,Sin comentarios
500Qi00000GQnS6IAL,00551170,2024-09-08 10:41:10,Closed,AAM - Incongruencia Datos Reporte Mina,Ricardo Rubio,N/A,N/A,Sin comentarios
500Qi00000GQyfGIAT,00551173,2024-09-08 13:03:41,Closed,Monitoreo - AAM - Sin equipos conectados,Ricardo Rubio,N/A,N/A,Sin comentarios
500Qi00000GR9IwIAL,00551178,2024-09-08 14:51:28,Closed,AMZAL - Revisión L12,Ricardo Rubio,N/A,N/A,Sin comentarios
500Qi00000GR7NaIAL,00551179,2024-09-08 14:52:29,Closed,CNDMH - Revisión CAEX C371,Ricardo Rubio,N/A,N/A,Sin comentarios
500Qi00000GR83WIAT,00551180,2024-09-08 14:54:58,Closed,MAGSA - Cambio uhp a core SH128,Roberto Maldonado,N/A,N/A,Sin comentarios
500Qi00000GRJyDIAX,00551207,2024-09-08 17:25:41,Closed,MLCC - Creación Usuario MineOPS,Ricardo Rubio,N/A,N/A,Sin comentarios
500Qi00000GRHwRIAX,00551210,2024-09-08 17:30:33,Closed,MLCC - Importador Poligono_Diglimit,Ricardo Rubio,N/A,N/A,Sin comentarios
500Qi00000GRMkpIAH,00551224,2024-09-08 19:27:17,Closed,AMZAL - Revisión S04,Ricardo Rubio,N/A,N/A,Sin comentarios
500Qi00000GRbFCIA1,00551233,2024-09-08 21:29:24,Closed,"Unable to Select Today's Date in Opweb, Report Generation Issue",South American Support Q,N/A,N/A,Sin comentarios
500Qi00000GRfHBIA1,00551234,2024-09-08 21:59:29,Closed,AMANT - KPI operaciones mina,Claudio Ponce,N/A,N/A,Sin comentarios
500Qi00000GRilKIAT,00551245,2024-09-08 23:40:42,Closed,Monitoreo - MAGSA - sql encolado,Claudio Ponce,N/A,N/A,Sin comentarios
500Qi00000GRqKfIAL,00551248,2024-09-09 00:20:29,Closed,Monitoreo - MLCC - Procesos sql encolados,Claudio Ponce,N/A,N/A,Sin comentarios
500Qi00000GRhuAIAT,00551249,2024-09-09 00:23:42,Closed,CNRT - Regador 514 cambia su estado,Claudio Ponce,N/A,N/A,Sin comentarios
500Qi00000GRz1OIAT,00551264,2024-09-09 02:16:57,Closed,AMCEN - Solicitud de revision de GPS PE10,Claudio Ponce,N/A,N/A,Sin comentarios
500Qi00000GS2dZIAT,00551265,2024-09-09 02:32:08,Closed,CNRI - Pala 204 no ve los poligonos,Claudio Ponce,N/A,N/A,Sin comentarios
500Qi00000GS2k3IAD,00551268,2024-09-09 02:50:43,Closed,AAM - Lentitud del mineops,Claudio Ponce,N/A,N/A,Sin comentarios
500Qi00000GStjWIAT,00551297,2024-09-09 10:13:33,Closed,Revisar Estructura IMMT OPA Producción (días 07 y 08),Yazmin Sanchez,N/A,N/A,Sin comentarios
500Qi00000GSwhQIAT,00551301,2024-09-09 10:31:39,Closed,CAPCNN - Problemas Estacion Base,Roberto Maldonado,N/A,N/A,Sin comentarios
500Qi00000GUF8WIAX,00551333,2024-09-09 15:36:30,Closed,CNDMH - Cambio versión CAEX C725,Ricardo Rubio,N/A,N/A,Sin comentarios
500Qi00000GUWywIAH,00551339,2024-09-09 16:23:44,Closed,AMZAL - Revisión reporte Jview,Nelson Donoso,N/A,N/A,Sin comentarios
500Qi00000GUpDZIA1,00551348,2024-09-09 17:11:42,Closed,MLCC - Destinos Rechazados,Ricardo Rubio,N/A,N/A,Sin comentarios
500Qi00000GUXtVIAX,00551349,2024-09-09 17:17:40,Closed,AMZAL - Revisión WheelDozer WD06,Ricardo Rubio,N/A,N/A,Sin comentarios
500Qi00000GUkfLIAT,00551350,2024-09-09 17:19:05,Closed,AMZAL - Revisión destino SECTOR7-DL,Roberto Maldonado,N/A,N/A,Sin comentarios
500Qi00000GVA5BIAX,00551357,2024-09-09 19:37:13,Closed,MLCC - Visualización Polígono Descarga F06_4310_002,Ricardo Rubio,N/A,N/A,Sin comentarios
500Qi00000GVOMjIAP,00551363,2024-09-09 20:59:29,Closed,CNDMH - Jview caido,Claudio Ponce,N/A,N/A,Sin comentarios
500Qi00000GVQDAIA5,00551368,2024-09-09 21:32:45,Closed,CNRI - Pala 209 sin pantalla,Claudio Ponce,N/A,N/A,Sin comentarios
500Qi00000GVaCTIA1,00551370,2024-09-09 21:42:59,Closed,MLCC - Cuenta de usuario mineops,Claudio Ponce,N/A,N/A,Sin comentarios
500Qi00000GVLevIAH,00551373,2024-09-09 21:58:39,Closed,MLCC - Malla 102 Banco 4310,Claudio Ponce,N/A,N/A,Sin comentarios
500Qi00000GVkYQIA1,00551377,2024-09-09 23:35:00,Closed,AMCEN - Solicitud de revision de GPS C128,Claudio Ponce,N/A,N/A,Sin comentarios
500Qi00000GVnRSIA1,00551379,2024-09-10 00:01:01,Closed,Monitoreo - MAGSA - sql encolado,Claudio Ponce,N/A,N/A,Sin comentarios
500Qi00000GWFE2IAP,00551408,2024-09-10 05:09:50,Closed,AMCEN - Solicitud de revision de PA1,Claudio Ponce,N/A,N/A,Sin comentarios
500Qi00000GXMoZIAX,00551424,2024-09-10 10:57:16,Closed,MLCC - Visualización Polígono Cargador Frontal L220,Ricardo Rubio,N/A,N/A,Sin comentarios
500Qi00000GYlzTIAT,00551460,2024-09-10 17:19:11,Closed,MLCC - Visualización Polígono Descarga F06_4325_017,Ricardo Rubio,N/A,N/A,Sin comentarios
500Qi00000GYzfpIAD,00551464,2024-09-10 18:43:31,Closed,AMZAL - Modificación vista Equipos,Roberto Maldonado,N/A,N/A,Sin comentarios
500Qi00000GZEN5IAP,00551465,2024-09-10 18:44:25,Closed,AMZAL - Borrar bloques de carpeta compartida en Xfer,Ricardo Rubio,N/A,N/A,Sin comentarios
500Qi00000GZUoPIAX,00551469,2024-09-10 19:50:00,Closed,MLCC - Problemas STOCK_S_1,Ricardo Rubio,N/A,N/A,Sin comentarios
500Qi00000GZX1WIAX,00551471,2024-09-10 20:07:18,Closed,MAGSA - Cambio uhp a core FL230,Roberto Maldonado,N/A,N/A,Sin comentarios
500Qi00000GZcVrIAL,00551476,2024-09-10 21:07:10,Closed,AMCEN - Solicitud de revision de PA1,Claudio Ponce,N/A,N/A,Sin comentarios
500Qi00000GZzgwIAD,00551500,2024-09-11 00:02:05,Closed,CNRT - Modificar puertos del SARHM,Claudio Ponce,N/A,N/A,Sin comentarios
500Qi00000Ga3e5IAB,00551516,2024-09-11 00:29:24,Closed,AMCEN - Solicitud de revision de equipos por GPS,Claudio Ponce,N/A,N/A,Sin comentarios
500Qi00000Ga3fhIAB,00551517,2024-09-11 00:29:56,Closed,AMCEN - Solicitud de revision de equipos por GPS,Claudio Ponce,N/A,N/A,Sin comentarios
500Qi00000GaFFRIA3,00551523,2024-09-11 02:51:57,Closed,AMZAL - D14 intermitencia de GPS,Claudio Ponce,N/A,N/A,Sin comentarios
500Qi00000GaOVeIAN,00551529,2024-09-11 04:27:43,Closed,AMCEN - Solicitud de revision de C10 pantalla en negro,Claudio Ponce,N/A,N/A,Sin comentarios
500Qi00000GaMdZIAV,00551532,2024-09-11 05:03:16,Closed,AMCEN - Solicitud de revision PA1 pantalla en negro,Claudio Ponce,N/A,N/A,Sin comentarios
500Qi00000GbXBtIAN,00551560,2024-09-11 11:23:24,Closed,New Cores Lose Communication After Restart Despite Correct Configuration,Pablo Perez,N/A,N/A,Sin comentarios
500Qi00000GcGnMIAV,00551603,2024-09-11 14:22:06,Closed,Carga Factor de Carga agosto 2024,South American Support Q,N/A,N/A,Sin comentarios
500Qi00000Gc5DcIAJ,00551607,2024-09-11 14:41:38,Closed,MAGSA - Cambio uhp a core TK389,Roberto Maldonado,N/A,N/A,Sin comentarios
500Qi00000GcaFnIAJ,00551612,2024-09-11 15:24:52,Closed,Monitoreo - MLCC - Importador pegado,Roberto Maldonado,N/A,N/A,Sin comentarios
500Qi00000GczNrIAJ,00551623,2024-09-11 16:46:16,Closed,CNRI - CAEX 121  pegado,Roberto Maldonado,N/A,N/A,Sin comentarios
500Qi00000GdjwwIAB,00551641,2024-09-11 21:04:33,Closed,AMZAL - Sin acceso a mineops,Gustavo Cheng,N/A,N/A,Sin comentarios
500Qi00000Gdo71IAB,00551644,2024-09-11 21:46:10,Closed,CNRT - Perforadora con problemas de comunicación,Gustavo Cheng,N/A,N/A,Sin comentarios
500Qi00000GdoN9IAJ,00551647,2024-09-11 22:12:58,Closed,AMCEN - Revisión pala 7,Gustavo Cheng,N/A,N/A,Sin comentarios
500Qi00000Ge6blIAB,00551671,2024-09-11 23:45:15,Working,"Cameras Going Offline and Front Display Showing ""X"" - Temporary Fix with Reboot",Pablo Perez,N/A,N/A,Sin comentarios
500Qi00000GeNxbIAF,00551677,2024-09-12 02:32:18,Closed,AMCEN - Revisión pala 3 no visualiza cota,Gustavo Cheng,N/A,N/A,Sin comentarios
500Qi00000GeaA3IAJ,00551683,2024-09-12 04:27:14,Closed,AMCEN - Revisión caex 155,Gustavo Cheng,N/A,N/A,Sin comentarios
500Qi00000GeImdIAF,00551684,2024-09-12 04:27:56,Closed,AMCEN - Revisión WD1,Gustavo Cheng,N/A,N/A,Sin comentarios
500Qi00000GeGw8IAF,00551689,2024-09-12 06:13:00,Closed,AMCEN - caex 42 con pantalla pegada,Gustavo Cheng,N/A,N/A,Sin comentarios
500Qi00000Get6EIAR,00551694,2024-09-12 07:34:12,Closed,CNRI - Revisión OAS del caex 347,Gustavo Cheng,N/A,N/A,Sin comentarios
500Qi00000Gf0xJIAR,00551695,2024-09-12 07:35:05,Closed,CNRI - Revisión OAS de caex 349,Gustavo Cheng,N/A,N/A,Sin comentarios
500Qi00000Gex6eIAB,00551696,2024-09-12 07:41:54,Closed,MLCC - No actualizan planillas excel,Gustavo Cheng,N/A,N/A,Sin comentarios
500Qi00000Gf7cDIAR,00551700,2024-09-12 08:35:13,Closed,AMZAL - Sumarizacion  11-09-2024,Roberto Maldonado,N/A,N/A,Sin comentarios
500Qi00000GfEnOIAV,00551705,2024-09-12 09:21:38,Closed,CNRI - Pala 203 ubicación errónea.,Roberto Maldonado,N/A,N/A,Sin comentarios
500Qi00000GfFtAIAV,00551709,2024-09-12 09:38:28,Closed,AMZAL - Revisión reporte Geologia Chancado,Roberto Maldonado,N/A,N/A,Sin comentarios
500Qi00000GgitAIAR,00551762,2024-09-12 16:16:33,Closed,MLCC - Problema GPS Perforadora D101,Roberto Maldonado,N/A,N/A,Sin comentarios
500Qi00000GhCWDIA3,00551776,2024-09-12 17:49:27,Closed,CNRI - Visualizacion de Diglimit,Roberto Maldonado,N/A,N/A,Sin comentarios
500Qi00000Gi4GPIAZ,00551789,2024-09-12 22:22:53,Closed,CNRI - Revisión OAS del caex 345,Gustavo Cheng,N/A,N/A,Sin comentarios
500Qi00000GiBMrIAN,00551800,2024-09-13 00:10:01,Closed,AMCEN - Revisión de caex 151,Gustavo Cheng,N/A,N/A,Sin comentarios
500Qi00000GiNaoIAF,00551806,2024-09-13 01:50:15,Closed,AMCEN - Revisar C128 pegado en sistema,Gustavo Cheng,N/A,N/A,Sin comentarios
500Qi00000GiZLsIAN,00551808,2024-09-13 03:39:35,Closed,CNRI - Revisión OAS de caex 104,Gustavo Cheng,N/A,N/A,Sin comentarios
500Qi00000GiiSLIAZ,00551809,2024-09-13 03:57:56,Closed,AMCEN - Revisar C42 pegado en sistema,Gustavo Cheng,N/A,N/A,Sin comentarios
500Qi00000Gj5SBIAZ,00551817,2024-09-13 07:36:40,Closed,AMCEN - Revisar C122 pegado en mapa,Gustavo Cheng,N/A,N/A,Sin comentarios
500Qi00000GjLQYIA3,00551830,2024-09-13 10:09:05,Closed,CNCHUQ - Lentitud en Jview para Operador Chancado,Roberto Maldonado,N/A,N/A,Sin comentarios
500Qi00000GjtGrIAJ,00551835,2024-09-13 11:40:33,Closed,CNCHUQ - Actualización de CF841 a core pantalla x900,Roberto Maldonado,N/A,N/A,Sin comentarios
500Qi00000GjpekIAB,00551837,2024-09-13 11:48:22,Closed,DMH - Computador sin acceso a Jmineops,Roberto Maldonado,N/A,N/A,Sin comentarios
500Qi00000Gliu2IAB,00551924,2024-09-13 23:15:45,Closed,AMCEN - Revisión C55 sin vnc,Gustavo Cheng,N/A,N/A,Sin comentarios
500Qi00000Gm341IAB,00551926,2024-09-13 23:52:09,Closed,AMCEN - Revisión VNC Pala 9,Gustavo Cheng,N/A,N/A,Sin comentarios
500Qi00000GmLQmIAN,00551929,2024-09-14 04:24:46,Closed,AMCEN - Revisión CA221 pegado,Gustavo Cheng,N/A,N/A,Sin comentarios
500Qi00000GmKkpIAF,00551930,2024-09-14 04:25:26,Closed,AMCEN - Revisión C39 pegado,Gustavo Cheng,N/A,N/A,Sin comentarios
500Qi00000GmQF7IAN,00551931,2024-09-14 04:26:09,Closed,AMCEN - Revisión CF2 sin sistema,Gustavo Cheng,N/A,N/A,Sin comentarios
500Qi00000GmnWfIAJ,00551938,2024-09-14 09:09:37,Closed,MAGSA - Cambio uhp a core TK375,Claudio Ponce,N/A,N/A,Sin comentarios
500Qi00000Gms9oIAB,00551939,2024-09-14 10:13:21,Closed,MLCC - Problema GPS Perforadoras,Roberto Maldonado,N/A,N/A,Sin comentarios
500Qi00000Gmy3yIAB,00551941,2024-09-14 12:54:55,Closed,MAGSA - CoreHP don't show GPS information.,Armando Mestanza,N/A,N/A,Sin comentarios
500Qi00000GnZjNIAV,00551968,2024-09-14 18:47:19,Closed,Monitoreo - MLCC - Constantes encolamientos de sql,Roberto Maldonado,N/A,N/A,Sin comentarios
500Qi00000Gnj9FIAR,00551972,2024-09-14 20:58:34,Closed,AMCEN - Revisión CF2 sin sistema,Gustavo Cheng,N/A,N/A,Sin comentarios
500Qi00000Gnhx4IAB,00551973,2024-09-14 20:59:38,Closed,CNDMH - Actualizar versión C733,Gustavo Cheng,N/A,N/A,Sin comentarios
500Qi00000GnnrBIAR,00551974,2024-09-14 22:01:37,Closed,MLCC - Perforadora con gps floating,Gustavo Cheng,N/A,N/A,Sin comentarios
500Qi00000GnnuPIAR,00551975,2024-09-14 22:03:34,Closed,CNRI - Cambios de estado Pala 205,Gustavo Cheng,N/A,N/A,Sin comentarios
500Qi00000GnzacIAB,00551978,2024-09-15 01:05:29,Closed,CNDMH - Revisar C723 no contabiliza vueltas,Gustavo Cheng,N/A,N/A,Sin comentarios
500Qi00000GnwT5IAJ,00551979,2024-09-15 01:06:20,Closed,CNRI - Revisar OAS del caex CE318,Gustavo Cheng,N/A,N/A,Sin comentarios
500Qi00000Go8E7IAJ,00551983,2024-09-15 04:15:33,Closed,AMCEN - Revisar C40 pegado,Gustavo Cheng,N/A,N/A,Sin comentarios
500Qi00000Go6tqIAB,00551984,2024-09-15 04:16:14,Closed,AMCEN - Revisar Pala 3 sin sistema,Gustavo Cheng,N/A,N/A,Sin comentarios
500Qi00000GoWpwIAF,00551985,2024-09-15 10:31:36,Closed,AMZAL - ETA en 0 en Pala S02,Roberto Maldonado,N/A,N/A,Sin comentarios
500Qi00000GonVnIAJ,00552008,2024-09-15 14:28:56,Closed,CNCHUQ - PE361 con pantalla pegada,Roberto Maldonado,N/A,N/A,Sin comentarios
500Qi00000GovmgIAB,00552015,2024-09-15 16:17:05,Closed,DMH - Cargas con centroide no muestra datos del 14-09-2024,Roberto Maldonado,N/A,N/A,Sin comentarios
500Qi00000Gp0srIAB,00552019,2024-09-15 18:21:46,Closed,MAGSA - Cambio core a uhp FL230,Roberto Maldonado,N/A,N/A,Sin comentarios
500Qi00000GpUu6IAF,00552051,2024-09-16 01:18:41,Closed,AMCEN - Revsión PA3 con gps intermitente,Gustavo Cheng,N/A,N/A,Sin comentarios
500Qi00000GqCtWIAV,00552075,2024-09-16 09:01:13,Closed,MLCC - No se descarga reporte resumen producción mina.,Roberto Maldonado,N/A,N/A,Sin comentarios
500Qi00000GqP5zIAF,00552089,2024-09-16 10:00:34,Closed,MLCC - D101 pantalla en negro,Roberto Maldonado,N/A,N/A,Sin comentarios
500Qi00000Grm3kIAB,00552117,2024-09-16 15:36:26,Closed,MLCC - Creación de cuenta jview,Roberto Maldonado,N/A,N/A,Sin comentarios
500Qi00000Gt6jVIAR,00552146,2024-09-16 20:50:39,Closed,CNRT - Revisar C928 y C910 sin gps,Gustavo Cheng,N/A,N/A,Sin comentarios
500Qi00000GswPEIAZ,00552151,2024-09-16 21:41:03,Closed,CNDMH - Múltiples camiones desconectados,Roberto Maldonado,N/A,N/A,Sin comentarios
500Qi00000GtEM5IAN,00552152,2024-09-16 21:43:04,Closed,AMCEN - Revisión Pala 3 cambios de estado,Gustavo Cheng,N/A,N/A,Sin comentarios
500Qi00000GtLXHIA3,00552167,2024-09-16 23:29:21,Closed,MLCC - Revisar perforadora con pantalla pegada,Gustavo Cheng,N/A,N/A,Sin comentarios
500Qi00000GtbddIAB,00552175,2024-09-17 01:43:14,Closed,AMCEN - Revisión de pala 1,Gustavo Cheng,N/A,N/A,Sin comentarios
500Qi00000Gtb0wIAB,00552176,2024-09-17 02:14:45,Closed,AMZAL - Revisar L13 aparece con transparencia en mineops,Gustavo Cheng,N/A,N/A,Sin comentarios
500Qi00000GtiaHIAR,00552180,2024-09-17 02:59:36,Closed,AMCEN - Revisión C08 pantalla en negro,Gustavo Cheng,N/A,N/A,Sin comentarios
500Qi00000GtiqPIAR,00552181,2024-09-17 03:00:57,Closed,AMCEN - Revisión C164 sin sistema,Gustavo Cheng,N/A,N/A,Sin comentarios
500Qi00000Gu75eIAB,00552193,2024-09-17 06:50:55,Closed,AMCEN - Revisar PA7 sin sistema,Gustavo Cheng,N/A,N/A,Sin comentarios
500Qi00000GuICNIA3,00552198,2024-09-17 09:00:20,Closed,MLCC - Revisión D103 y D104,Roberto Maldonado,N/A,N/A,Sin comentarios
500Qi00000GuanbIAB,00552223,2024-09-17 10:45:25,Closed,MLCC - D101 no muestra malla 06P4325_111 ni 111B,Roberto Maldonado,N/A,N/A,Sin comentarios
500Qi00000Guq5xIAB,00552226,2024-09-17 10:55:25,Closed,CNDMH - Sumarizacion turno B del 16-09-2024 al 17-09-2024,Roberto Maldonado,N/A,N/A,Sin comentarios
500Qi00000Gvr3DIAR,00552287,2024-09-17 15:11:30,Closed,MAGSA - Cambio uhp a core TK344,Claudio Ponce,N/A,N/A,Sin comentarios
500Qi00000Gw2bRIAR,00552315,2024-09-17 16:19:45,Closed,MAGSA - Pala sh128 no muestra poligono en pantalla,Roberto Maldonado,N/A,N/A,Sin comentarios
500Qi00000GvypWIAR,00552319,2024-09-17 16:51:32,Closed,MAGSA - Cambio uhp a core TD523,Claudio Ponce,N/A,N/A,Sin comentarios
500Qi00000GwGPoIAN,00552320,2024-09-17 16:58:29,Closed,MLCC - Creación cuenta jmineops para Franko Orellana,Claudio Ponce,N/A,N/A,Sin comentarios
500Qi00000GwZQqIAN,00552323,2024-09-17 18:13:17,Closed,CNCHUQ - Creación de cuenta de usuario Mineops y revisión.,Roberto Maldonado,N/A,N/A,Sin comentarios
500Qi00000GwhRZIAZ,00552325,2024-09-17 18:32:40,Closed,AAM -  Revisión de equipos Caex 83 por sistema OAS,Roberto Maldonado,N/A,N/A,Sin comentarios
500Qi00000Gwme9IAB,00552327,2024-09-17 19:02:58,Closed,Monitoreo - CNCHUQ - Respaldo Base de datos.,Roberto Maldonado,N/A,N/A,Sin comentarios
500Qi00000GxpOgIAJ,00552373,2024-09-18 05:03:51,Closed,CNRI - Revisar OAS del caex 347,Gustavo Cheng,N/A,N/A,Sin comentarios
500Qi00000Gxy8bIAB,00552374,2024-09-18 05:04:40,Closed,AMCEN - Revisar C25 no concuerda,Gustavo Cheng,N/A,N/A,Sin comentarios
500Qi00000Gy5BhIAJ,00552376,2024-09-18 06:08:11,Closed,AMCEN - Revisar C39 sin señal,Gustavo Cheng,N/A,N/A,Sin comentarios
500Qi00000GyfggIAB,00552392,2024-09-18 10:56:51,Closed,AMANT - Reporte ejecutivo no se carga,Claudio Ponce,N/A,N/A,Sin comentarios
500Qi00000GzOdhIAF,00552409,2024-09-18 13:10:16,Closed,Monitoreo - MLCC - Procesos sql encolados,Claudio Ponce,N/A,N/A,Sin comentarios
500Qi00000Gzf6iIAB,00552423,2024-09-18 15:03:59,Closed,MAGSA - Cambio uhp a core TK377,Claudio Ponce,N/A,N/A,Sin comentarios
500Qi00000GzkUbIAJ,00552424,2024-09-18 15:04:38,Closed,MAGSA - Pala 128 no ve los poligonos,Claudio Ponce,N/A,N/A,Sin comentarios
500Qi00000GzvTFIAZ,00552442,2024-09-18 15:32:14,Closed,CNDMH - Camion 728 actualizar version,Claudio Ponce,N/A,N/A,Sin comentarios
500Qi00000H02krIAB,00552462,2024-09-18 16:50:45,Closed,CNDMH - Camion 735 actualizar versión,Claudio Ponce,N/A,N/A,Sin comentarios
500Qi00000H1c1RIAR,00552500,2024-09-19 03:30:52,Closed,Monitoreo - AMCEN - Importador pegado,Ricardo Rubio,N/A,N/A,Sin comentarios
500Qi00000H1cW5IAJ,00552501,2024-09-19 03:33:13,Closed,AMANT - Sumarizar dia 18-09-2024,Ricardo Rubio,N/A,N/A,Sin comentarios
500Qi00000H1WdbIAF,00552502,2024-09-19 03:36:47,Closed,CNCHUQ - Problema Reporte Excel,Ricardo Rubio,N/A,N/A,Sin comentarios
500Qi00000H1VWGIA3,00552504,2024-09-19 03:37:48,Closed,AMZAL - Revisión L12,Ricardo Rubio,N/A,N/A,Sin comentarios
500Qi00000H1SIGIA3,00552505,2024-09-19 03:38:49,Closed,AMCEN - Revisión Perforadoras.,Ricardo Rubio,N/A,N/A,Sin comentarios
500Qi00000H1cxVIAR,00552506,2024-09-19 03:40:24,Closed,AMZAL - Revisión Servidor,Ricardo Rubio,N/A,N/A,Sin comentarios
500Qi00000H1dAPIAZ,00552507,2024-09-19 03:41:51,Closed,AMCEN - Revisión Perforadora,Ricardo Rubio,N/A,N/A,Sin comentarios
500Qi00000H1VmPIAV,00552508,2024-09-19 03:42:44,Closed,AMCEN - Revisión CAEX C16,Ricardo Rubio,N/A,N/A,Sin comentarios
500Qi00000H1impIAB,00552512,2024-09-19 05:19:57,Closed,CNCHUQ - Revision Perforadora PE362,Ricardo Rubio,N/A,N/A,Sin comentarios
500Qi00000H278UIAR,00552520,2024-09-19 08:42:49,Closed,MAGSA - Cambio uhp a core WD556,Claudio Ponce,N/A,N/A,Sin comentarios
500Qi00000H2RC1IAN,00552524,2024-09-19 10:02:03,Closed,CNDMH - Actualizar equipos,Claudio Ponce,N/A,N/A,Sin comentarios
500Qi00000H46ZjIAJ,00552565,2024-09-19 17:28:58,Closed,AMZAL - Sumarizacion 10 al 17 de septiembre,Claudio Ponce,N/A,N/A,Sin comentarios
500Qi00000H4PvlIAF,00552577,2024-09-19 19:05:56,Closed,MLCC - C325 sin comunicacion,Claudio Ponce,N/A,N/A,Sin comentarios
500Qi00000H4XzkIAF,00552580,2024-09-19 19:38:58,Closed,MAGSA - Pala 128 no ve los poligonos,Claudio Ponce,N/A,N/A,Sin comentarios
500Qi00000H5CbTIAV,00552600,2024-09-20 02:28:09,Closed,AMZAL - Revisión H33,Ricardo Rubio,N/A,N/A,Sin comentarios
500Qi00000H5JkzIAF,00552602,2024-09-20 02:29:28,Closed,CNRI - Revisión OAS CAEX CE347,Ricardo Rubio,N/A,N/A,Sin comentarios
500Qi00000H5JwHIAV,00552603,2024-09-20 02:30:36,Closed,CNDMH - Revisión GPS CAEX C350,Ricardo Rubio,N/A,N/A,Sin comentarios
500Qi00000H5K17IAF,00552604,2024-09-20 02:31:16,Closed,CNDMH - Revisión GPS CAEX C734,Ricardo Rubio,N/A,N/A,Sin comentarios
500Qi00000H5e6HIAR,00552612,2024-09-20 05:26:20,Closed,CNCHUQ - Revisión Pala PA894,Ricardo Rubio,N/A,N/A,Sin comentarios
500Qi00000H5VJ9IAN,00552613,2024-09-20 05:27:57,Closed,CNDMH - Revisión Perforadora F102,Ricardo Rubio,N/A,N/A,Sin comentarios
500Qi00000H5dgWIAR,00552614,2024-09-20 05:55:27,Closed,CNDMH - Revisión Perforadora FD112,Ricardo Rubio,N/A,N/A,Sin comentarios
500Qi00000H65fxIAB,00552622,2024-09-20 09:24:48,Closed,CNDMH - Camiones sin estado produccion,Claudio Ponce,N/A,N/A,Sin comentarios
500Qi00000H67wHIAR,00552623,2024-09-20 09:40:52,Closed,MLCC - Equipos sin GPS,Claudio Ponce,N/A,N/A,Sin comentarios
500Qi00000H6lKIIAZ,00552638,2024-09-20 13:02:32,Closed,CNDMH - F102 problemas con su GPS,Claudio Ponce,N/A,N/A,Sin comentarios
500Qi00000H7IuVIAV,00552644,2024-09-20 15:08:02,Closed,Monitoreo - MLCC - Procesos sql encolados,Claudio Ponce,N/A,N/A,Sin comentarios
500Qi00000H824TIAR,00552652,2024-09-20 17:50:12,Closed,CNDMH - P206 - R504,Claudio Ponce,N/A,N/A,Sin comentarios
500Qi00000H7uWnIAJ,00552653,2024-09-20 18:05:11,Closed,AMANT - Revisar Bull 3,Claudio Ponce,N/A,N/A,Sin comentarios
500Qi00000H8SmvIAF,00552668,2024-09-20 21:00:55,Closed,AMZAL - Revisión L13,Ricardo Rubio,N/A,N/A,Sin comentarios
500Qi00000H8dtfIAB,00552671,2024-09-21 00:05:29,Closed,CNRT - Revisión Pala PA205,Ricardo Rubio,N/A,N/A,Sin comentarios
500Qi00000H91RNIAZ,00552676,2024-09-21 04:51:25,Closed,AMZAL - Problemas Cota L13,Ricardo Rubio,N/A,N/A,Sin comentarios
500Qi00000H91r9IAB,00552677,2024-09-21 05:14:20,Closed,CNDMH - Revisión CAEX C734,Ricardo Rubio,N/A,N/A,Sin comentarios
500Qi00000H9BnHIAV,00552681,2024-09-21 07:08:38,Closed,AMCEN - Revisión CAEX C50,Ricardo Rubio,N/A,N/A,Sin comentarios
500Qi00000H9HvuIAF,00552682,2024-09-21 07:30:39,Closed,AMCEN - Revisión Perforadora PE66,Ricardo Rubio,N/A,N/A,Sin comentarios
500Qi00000H9PevIAF,00552685,2024-09-21 09:12:22,Closed,MAGSA - Cargador 230 actualizacion,Claudio Ponce,N/A,N/A,Sin comentarios
500Qi00000H9OHSIA3,00552686,2024-09-21 09:13:32,Closed,MLCC - Palas sin GPS,Claudio Ponce,N/A,N/A,Sin comentarios
500Qi00000H9M5zIAF,00552687,2024-09-21 09:14:48,Closed,AMZAL - H33 exceso de velocidad,Claudio Ponce,N/A,N/A,Sin comentarios
500Qi00000H9fetIAB,00552694,2024-09-21 12:51:22,Closed,CNRI - Velocidades camión 104,Claudio Ponce,N/A,N/A,Sin comentarios
500Qi00000H9lh3IAB,00552696,2024-09-21 13:29:30,Closed,MAGSA - Camión 364 cambiar los devices,Claudio Ponce,N/A,N/A,Sin comentarios
500Qi00000HA7KzIAL,00552704,2024-09-21 17:48:24,Closed,AMZAL - Sin acceso a mineops,Claudio Ponce,N/A,N/A,Sin comentarios
500Qi00000HA6ggIAD,00552705,2024-09-21 17:49:21,Closed,CNDMH - C351 sin comunicacion,Claudio Ponce,N/A,N/A,Sin comentarios
500Qi00000HAZ7aIAH,00552718,2024-09-22 00:59:42,Closed,AMCEN - Revisión perforadoras PE3 y PE4,Ricardo Rubio,N/A,N/A,Sin comentarios
500Qi00000HAVjuIAH,00552719,2024-09-22 01:00:57,Closed,AMZAL - Revisión perforadoras D15 y D16,Ricardo Rubio,N/A,N/A,Sin comentarios
500Qi00000HAcGjIAL,00552720,2024-09-22 01:17:49,Closed,CNDMH - Revisión Perforadora FD111,Ricardo Rubio,N/A,N/A,Sin comentarios
500Qi00000HAeqQIAT,00552721,2024-09-22 02:05:54,Closed,CNDMH - Revisión Perforadora FD112,Ricardo Rubio,N/A,N/A,Sin comentarios
500Qi00000HBGywIAH,00552740,2024-09-22 11:13:57,Closed,Monitoreo - AMANT - procesos sql encolados,Claudio Ponce,N/A,N/A,Sin comentarios
500Qi00000HBFbUIAX,00552741,2024-09-22 11:16:57,Closed,Monitoreo - MLCC - Procesos sql encolados,Claudio Ponce,N/A,N/A,Sin comentarios
500Qi00000HBf7iIAD,00552750,2024-09-22 16:16:56,Closed,MLCC - Pala 202 cargando Oxido,Claudio Ponce,N/A,N/A,Sin comentarios
500Qi00000HBvKXIA1,00552773,2024-09-22 20:13:23,Closed,MLCC - Sumarizar Septiembre,Ricardo Rubio,N/A,N/A,Sin comentarios
500Qi00000HC9gsIAD,00552791,2024-09-22 23:45:07,Closed,CNDMH - Revisión Equipos Servidor,Ricardo Rubio,N/A,N/A,Sin comentarios
500Qi00000HCY2XIAX,00552803,2024-09-23 04:01:04,Closed,AMCEN - Sin Acceso MineEnterprise,Ricardo Rubio,N/A,N/A,Sin comentarios
500Qi00000HCgMkIAL,00552836,2024-09-23 06:23:07,Closed,CNDMH - Revisión CAEX C376,Ricardo Rubio,N/A,N/A,Sin comentarios
500Qi00000HD2tRIAT,00552845,2024-09-23 09:14:16,Closed,MAGSA - TK343 cambiar los dispositivos,Gustavo Cheng,N/A,N/A,Sin comentarios
500Qi00000HDPoSIAX,00552854,2024-09-23 10:57:13,Closed,MAGSA - Pala 129 cambiar los dispositivos,Claudio Ponce,N/A,N/A,Sin comentarios
500Qi00000HFdCDIA1,00552898,2024-09-23 20:50:25,Closed,CNRT - Problemas replicacion de datos,Ricardo Rubio,N/A,N/A,Sin comentarios
500Qi00000HGDUBIA5,00552926,2024-09-24 02:32:48,Closed,CNCHUQ - Revisión A8258,Ricardo Rubio,N/A,N/A,Sin comentarios
500Qi00000HGH9ZIAX,00552927,2024-09-24 02:37:13,Closed,AAM - Problema MineOps,Gustavo Cheng,N/A,N/A,Sin comentarios
500Qi00000HGZjIIAX,00552939,2024-09-24 05:58:45,Closed,CNMS - Revision C717,Ricardo Rubio,N/A,N/A,Sin comentarios
500Qi00000HGhSFIA1,00552941,2024-09-24 06:54:20,Closed,AMZAL - Revisión Replicacion de datos Servidor,Ricardo Rubio,N/A,N/A,Sin comentarios
500Qi00000HH1YzIAL,00552946,2024-09-24 09:05:40,Closed,MAGSA - TK399 cambiar los dispositivos,Gustavo Cheng,N/A,N/A,Sin comentarios
500Qi00000HGyzNIAT,00552947,2024-09-24 09:06:02,Closed,MAGSA - TK373 cambiar los dispositivos,Claudio Ponce,N/A,N/A,Sin comentarios
500Qi00000HH0pqIAD,00552948,2024-09-24 09:07:07,Closed,MLCC - Jview sin datos actualizados,Claudio Ponce,N/A,N/A,Sin comentarios
500Qi00000HHTWwIAP,00552963,2024-09-24 11:47:52,Closed,AMZAL - Calendario de turnos sin actualizar,Claudio Ponce,N/A,N/A,Sin comentarios
500Qi00000HHuTpIAL,00552966,2024-09-24 12:20:22,Closed,MLCC - Creación de usuario,Claudio Ponce,N/A,N/A,Sin comentarios
500Qi00000HHe0wIAD,00552968,2024-09-24 12:42:54,Closed,MAGSA - GD639 cambiar los dispositivos,Claudio Ponce,N/A,N/A,Sin comentarios
500Qi00000HJp1pIAD,00553026,2024-09-24 21:16:17,Closed,Monitoreo - CNRT - Problema Importador,Ricardo Rubio,N/A,N/A,Sin comentarios
500Qi00000HK1MLIA1,00553030,2024-09-24 23:07:24,Closed,MLCC - Problema al visualizar Malla D103,Gustavo Cheng,N/A,N/A,Sin comentarios
500Qi00000HKAsgIAH,00553036,2024-09-25 00:56:39,Closed,CNDMH - Revisión C723,Ricardo Rubio,N/A,N/A,Sin comentarios
500Qi00000HKD7NIAX,00553037,2024-09-25 00:57:22,Closed,CNDMH - Revisión C726,Ricardo Rubio,N/A,N/A,Sin comentarios
500Qi00000HL6jmIAD,00553065,2024-09-25 09:22:46,Closed,MAGSA - TK392 Cambio de device,Gustavo Cheng,N/A,N/A,Sin comentarios
500Qi00000HLdm9IAD,00553074,2024-09-25 11:13:09,Closed,AAM - Recuperar contraseña de usuario SQL,Gustavo Cheng,N/A,N/A,Sin comentarios
500Qi00000HLgSKIA1,00553079,2024-09-25 12:13:51,Closed,MLCC - Eliminación de polígonos automática,Gustavo Cheng,N/A,N/A,Sin comentarios
500Qi00000HLjOaIAL,00553080,2024-09-25 12:14:30,Closed,MLCC - Instructivo de trabajo,Gustavo Cheng,N/A,N/A,Sin comentarios
500Qi00000HLpkFIAT,00553084,2024-09-25 12:50:19,Closed,Monitoreo - MLCC - Importadores pegados,Gustavo Cheng,N/A,N/A,Sin comentarios
500Qi00000HMHWlIAP,00553092,2024-09-25 14:13:34,Closed,AMZAL - Sumarización del 1 al 21 de Septiembre,Gustavo Cheng,N/A,N/A,Sin comentarios
500Qi00000HMFOXIA5,00553097,2024-09-25 14:52:58,Seeking Customer Clarification,asignar actividades automáticas al operador,Guillermo Lamas,N/A,N/A,Sin comentarios
500Qi00000HMo1CIAT,00553104,2024-09-25 15:50:26,Closed,Issue with Dark Glasses Affecting AI Functionality,Pablo Perez,N/A,N/A,Sin comentarios
500Qi00000HO3CjIAL,00553162,2024-09-25 23:43:41,Closed,CNDMH - Pantalla C733 no levanta desde JAMS,Roberto Maldonado,N/A,N/A,Sin comentarios
500Qi00000HONuXIAX,00553182,2024-09-26 02:30:19,Closed,MLCC - Frontal L221 No se le asignan camiones.,Gustavo Cheng,N/A,N/A,Sin comentarios
500Qi00000HOYbRIAX,00553190,2024-09-26 03:35:47,Closed,MLCC - Problemas con asignación a Chancado.,Roberto Maldonado,N/A,N/A,Sin comentarios
500Qi00000HPgjpIAD,00553214,2024-09-26 11:27:07,Closed,Monitoreo - MLCC - Procesos encolados,Gustavo Cheng,N/A,N/A,Sin comentarios
500Qi00000HPgYaIAL,00553216,2024-09-26 11:56:45,Closed,MLCC - Acceso a xfer,Gustavo Cheng,N/A,N/A,Sin comentarios
500Qi00000HPvz4IAD,00553224,2024-09-26 12:53:46,Closed,AMZAL - Pala 4 con problema en bucket,Roberto Maldonado,N/A,N/A,Sin comentarios
500Qi00000HR1avIAD,00553256,2024-09-26 17:14:03,Closed,AAM - Sin reportabilidad,Gustavo Cheng,N/A,N/A,Sin comentarios
500Qi00000HRi3CIAT,00553290,2024-09-26 21:43:42,Closed,AMCEN - Problema actualización de datos de cubos,Roberto Maldonado,N/A,N/A,Sin comentarios
500Qi00000HRisoIAD,00553291,2024-09-26 21:44:33,Closed,MLCC - Caex a reserva,Roberto Maldonado,N/A,N/A,Sin comentarios
500Qi00000HRsAeIAL,00553303,2024-09-27 00:21:57,Closed,CNDMH - Recuperar C733 después de ser eliminado.,Roberto Maldonado,N/A,N/A,Sin comentarios
500Qi00000HS9HtIAL,00553312,2024-09-27 02:25:12,Closed,AMZAL - Reporte Geología a chancado sin datos turno B,Gustavo Cheng,N/A,N/A,Sin comentarios
500Qi00000HSMa8IAH,00553321,2024-09-27 04:55:07,Closed,Monitoreo - AMANT - Reinicios de JAMS,Roberto Maldonado,N/A,N/A,Sin comentarios
500Qi00000HTQa1IAH,00553376,2024-09-27 11:25:01,Closed,Mantoverde - Registros no toman ultima configuracion de factor de carga,Gustavo Cheng,N/A,N/A,Sin comentarios
500Qi00000HTRnpIAH,00553379,2024-09-27 11:30:25,Closed,Mantoverde - Restaurar sincronización a servidor 10.180.101.19,Gustavo Cheng,N/A,N/A,Sin comentarios
500Qi00000HUzp3IAD,00553440,2024-09-27 18:14:47,Closed,AMZAL - Visualización bloques jisaw fase 8 banco 3020,Gustavo Cheng,N/A,N/A,Sin comentarios
500Qi00000HVEEeIAP,00553449,2024-09-27 20:13:15,Closed,AAM - Reporte frecuencia camiones en pala no aparece Pala3,Gustavo Cheng,N/A,N/A,Sin comentarios
500Qi00000HVRF4IAP,00553453,2024-09-27 21:45:33,Closed,CNRI - PL203 muestra menú diferente,Roberto Maldonado,N/A,N/A,Sin comentarios
500Qi00000HVNmZIAX,00553460,2024-09-27 22:26:54,Closed,AMZAL - Problema con GPS alta precisión general,Roberto Maldonado,N/A,N/A,Sin comentarios
500Qi00000HVZ1LIAX,00553464,2024-09-27 23:04:53,Closed,CNRI - Duda sobre rutas,Roberto Maldonado,N/A,N/A,Sin comentarios
500Qi00000HWeoYIAT,00553496,2024-09-28 12:37:05,Closed,AMZAL - Cargador frontal asigna otro material,Gustavo Cheng,N/A,N/A,Sin comentarios
500Qi00000HX5wnIAD,00553504,2024-09-28 17:34:24,Closed,Monitoreo - AMZAL - Multiples reinicios de JAMS,Roberto Maldonado,N/A,N/A,Sin comentarios
500Qi00000HX99QIAT,00553506,2024-09-28 19:36:43,Closed,CNCHUQ - Problema de asignación de camiones,Roberto Maldonado,N/A,N/A,Sin comentarios
500Qi00000HXVssIAH,00553529,2024-09-29 00:04:45,Closed,AMCEN - Sumarizar dias,Roberto Maldonado,N/A,N/A,Sin comentarios
500Qi00000HY3swIAD,00553548,2024-09-29 09:37:18,Closed,MLCC - Revisión Caex 318,Gustavo Cheng,N/A,N/A,Sin comentarios
500Qi00000HY53WIAT,00553549,2024-09-29 09:38:23,Closed,MLCC - Revisión perforadora D103,Gustavo Cheng,N/A,N/A,Sin comentarios
500Qi00000HYAXrIAP,00553550,2024-09-29 10:20:59,Closed,AMZAL - Sumarizar por cambio en FC,Gustavo Cheng,N/A,N/A,Sin comentarios
500Qi00000HYTQnIAP,00553582,2024-09-29 15:06:52,Closed,AMCEN - Actualización Cubos,Gustavo Cheng,N/A,N/A,Sin comentarios
500Qi00000HYuNoIAL,00553609,2024-09-29 23:14:39,Closed,AMCEN - Nueva Sumarización de días.,Gustavo Cheng,N/A,N/A,Sin comentarios
500Qi00000HZZNiIAP,00553637,2024-09-30 05:29:11,Closed,AMCEN - Revisión PE70 y PE1,Roberto Maldonado,N/A,N/A,Sin comentarios
500Qi00000HZvJNIA1,00553659,2024-09-30 08:50:54,Closed,Mantoverde - Suscripciones JView,Tomas Jimenez,N/A,N/A,Sin comentarios
500Qi00000HcBLdIAN,00553686,2024-09-30 17:09:47,Closed,AMZAL - No se visualizan bloques 93140N,Gustavo Cheng,N/A,N/A,Sin comentarios
500Qi00000Hd2hkIAB,00553737,2024-09-30 23:17:54,Closed,AMZAL - Sumarizar  1 - 2 - 3 y 4 de septiembre,Gustavo Cheng,N/A,N/A,Sin comentarios
500Qi00000Hd7vuIAB,00553743,2024-09-30 23:40:29,Closed,Mantoverde - Sumarización,Gustavo Cheng,N/A,N/A,Sin comentarios
500Qi00000HdHqRIAV,00553771,2024-10-01 02:20:49,Closed,CNRI - Revisión cargadores frontales CF01902 y CF1901,Gustavo Cheng,N/A,N/A,Sin comentarios
500Qi00000HeEH1IAN,00553798,2024-10-01 09:55:34,Closed,MLCC - No se gatilla envío de reporte,Roberto Maldonado,N/A,N/A,Sin comentarios
500Qi00000HfyZVIAZ,00553826,2024-10-01 14:34:44,Closed,Plan de Producción DSAL Octubre 2024,South American Support Q,N/A,N/A,Sin comentarios
500Qi00000HgG0IIAV,00553886,2024-10-01 17:06:10,Closed,CNN - Cambio de leyes octubre,Gustavo Cheng,N/A,N/A,Sin comentarios
500Qi00000HgrniIAB,00553890,2024-10-01 18:48:33,Closed,MLCC - Perforadora104 no reconoce malla,Gustavo Cheng,N/A,N/A,Sin comentarios
500Qi00000Hh1tVIAR,00553894,2024-10-01 19:23:11,Closed,CRSTEN - Apoyo,Ricardo Rubio,N/A,N/A,Sin comentarios
500Qi00000Hh66nIAB,00553896,2024-10-01 19:40:58,Closed,AMCEN - Sumarización,Ricardo Rubio,N/A,N/A,Sin comentarios
500Qi00000Hh7FlIAJ,00553897,2024-10-01 19:45:03,Closed,MLCC - Sumarizar mes,Ricardo Rubio,N/A,N/A,Sin comentarios
500Qi00000HhJ0nIAF,00553905,2024-10-01 21:20:14,Closed,AMZAL - Problema carga de Plan mensual,Roberto Maldonado,N/A,N/A,Sin comentarios
500Qi00000HhDWVIA3,00553907,2024-10-01 21:25:02,Closed,CNMS - Pala PA028 con problemas al cargar,Ricardo Rubio,N/A,N/A,Sin comentarios
500Qi00000HhrQfIAJ,00553928,2024-10-02 03:29:35,Closed,CNCHUQ - Revisión estado Regadores 8258 y 8259,Roberto Maldonado,N/A,N/A,Sin comentarios
500Qi00000HiPLvIAN,00553943,2024-10-02 10:01:08,Closed,AMZAL - Revision Plan Mensual,Ricardo Rubio,N/A,N/A,Sin comentarios
500Qi00000Hij1FIAR,00553945,2024-10-02 10:17:05,Closed,MLCC - Informacion sobre Estados D103,Ricardo Rubio,N/A,N/A,Sin comentarios
500Qi00000HiwbCIAR,00553954,2024-10-02 11:07:28,Closed,MLCC - Baja de cuenta Jview/Mineops,Ricardo Rubio,N/A,N/A,Sin comentarios
500Qi00000Hin6ZIAR,00553955,2024-10-02 11:08:10,Closed,MLCC - Baja de cuenta Jview/Mineops,Ricardo Rubio,N/A,N/A,Sin comentarios
500Qi00000HjIIOIA3,00553971,2024-10-02 12:47:05,Closed,Monitoreo - CNMS - Sin comuncacion a los Servidores,Ricardo Rubio,N/A,N/A,Sin comentarios
500Qi00000HjOh9IAF,00553972,2024-10-02 13:07:00,Closed,MLCC - Baja de cuenta Jview/Mineops,Ricardo Rubio,N/A,N/A,Sin comentarios
500Qi00000HjiklIAB,00553996,2024-10-02 15:08:11,Closed,MLCC - Baja de cuenta Jview/Mineops,Ricardo Rubio,N/A,N/A,Sin comentarios
500Qi00000HjnXWIAZ,00553997,2024-10-02 15:08:38,Closed,MLCC - Baja de cuenta Jview/Mineops,Ricardo Rubio,N/A,N/A,Sin comentarios
500Qi00000HjstnIAB,00553998,2024-10-02 15:11:18,Closed,Reporte de Ingreso a Mina de Vehículos Livianos con CAS,South American Support Q,N/A,N/A,Sin comentarios
500Qi00000HkDi1IAF,00554002,2024-10-02 16:07:02,Closed,Request for Alert Volume Information in Decibels,Pablo Perez,N/A,N/A,Sin comentarios
500Qi00000Hk0RWIAZ,00554004,2024-10-02 16:15:29,Closed,AMZAL - Sumarizacion Ultimos dias Septiembre,Ricardo Rubio,N/A,N/A,Sin comentarios
500Qi00000HkIt0IAF,00554006,2024-10-02 16:35:38,Closed,Mantención y/o Mejoras a Tres Reportes Zaldivar (MTBF - MTTR),Yazmin Sanchez,N/A,N/A,Sin comentarios
500Qi00000HkC1MIAV,00554018,2024-10-02 17:25:02,Closed,AMZAL - Falta de Tiempo L13,Ricardo Rubio,N/A,N/A,Sin comentarios
500Qi00000HkaJeIAJ,00554020,2024-10-02 18:01:06,Closed,Monitoreo - AMZAL - Multiples Reinicios JAMSRouter,Ricardo Rubio,N/A,N/A,Sin comentarios
500Qi00000Hl4uVIAR,00554034,2024-10-02 22:12:08,Closed,Monitoreo - AMZAL - Reconciliador,Claudio Ponce,N/A,N/A,Sin comentarios
500Qi00000Hl92tIAB,00554035,2024-10-02 22:19:17,Closed,CNRI - C317 y C322 no cambia estado,Claudio Ponce,N/A,N/A,Sin comentarios
500Qi00000Hl5s6IAB,00554037,2024-10-02 22:30:54,Closed,AAM - Reportes no cargan,Claudio Ponce,N/A,N/A,Sin comentarios
500Qi00000HmIk2IAF,00554072,2024-10-03 08:20:29,Closed,CNDMH - Revisión Jview,Ricardo Rubio,N/A,N/A,Sin comentarios
500Qi00000HmKfOIAV,00554082,2024-10-03 09:41:38,Closed,AMZAL - Sumarizar 1 y 2 de Octubre,Ricardo Rubio,N/A,N/A,Sin comentarios
500Qi00000HmgBJIAZ,00554103,2024-10-03 10:35:32,Closed,MLCC - CAEX no pueden reasignarse,Ricardo Rubio,N/A,N/A,Sin comentarios
500Qi00000Hmo0pIAB,00554109,2024-10-03 11:31:15,Closed,CAPCNN - Cambiar Factor de Carga,Ricardo Rubio,N/A,N/A,Sin comentarios
500Qi00000HmysvIAB,00554110,2024-10-03 11:33:33,Closed,AMZAL - Sumarizar 4 de Septiembre,Ricardo Rubio,N/A,N/A,Sin comentarios
500Qi00000Hn9RlIAJ,00554116,2024-10-03 12:12:35,Closed,Carga Factor de Carga Septiembre 2024,South American Support Q,N/A,N/A,Sin comentarios
500Qi00000HnPd5IAF,00554128,2024-10-03 14:38:14,Closed,MAGSA - Cambio uhp a core TK360,Ricardo Rubio,N/A,N/A,Sin comentarios
500Qi00000HogWvIAJ,00554152,2024-10-03 19:23:02,Closed,CNCHUQ - Revisión Movimiento Material,Ricardo Rubio,N/A,N/A,Sin comentarios
500Qi00000HohknIAB,00554158,2024-10-03 20:21:30,Closed,AMCEN - Sumarizacion mes de Septiembre,Claudio Ponce,N/A,N/A,Sin comentarios
500Qi00000Hp3GbIAJ,00554164,2024-10-03 22:18:23,Closed,CNDMH - Discrepancia de datos,Claudio Ponce,N/A,N/A,Sin comentarios
500Qi00000Hp5gdIAB,00554169,2024-10-03 23:41:55,Closed,CNDMH - C323 asignación pegada,Claudio Ponce,N/A,N/A,Sin comentarios
500Qi00000HpFPqIAN,00554177,2024-10-04 00:22:35,Closed,CNDMH - F102 problemas con el gps,Claudio Ponce,N/A,N/A,Sin comentarios
500Qi00000HpF9iIAF,00554178,2024-10-04 00:29:57,Closed,MLCC - Reiniciar perforadora 104,Claudio Ponce,N/A,N/A,Sin comentarios
500Qi00000HpOZZIA3,00554186,2024-10-04 02:38:27,Closed,AMCEN - CF231 señal GPS,Claudio Ponce,N/A,N/A,Sin comentarios
500Qi00000HpPgwIAF,00554187,2024-10-04 03:06:21,Closed,CNRT - C723 sin estados,Claudio Ponce,N/A,N/A,Sin comentarios
500Qi00000HqIf5IAF,00554209,2024-10-04 10:29:37,Closed,AMANT - Problemas OAS CAEX C04,Ricardo Rubio,N/A,N/A,Sin comentarios
500Qi00000HqfDSIAZ,00554224,2024-10-04 12:42:07,Closed,MAGSA - Cambio uhp a core DR476,Ricardo Rubio,N/A,N/A,Sin comentarios
500Qi00000HrfJOIAZ,00554234,2024-10-04 16:01:38,Closed,Monitoreo - MAGSA - Sin conexion Servidor,Ricardo Rubio,N/A,N/A,Sin comentarios
500Qi00000HsSbqIAF,00554258,2024-10-04 21:03:31,Closed,AMCEN - Señal GPS PE70,Claudio Ponce,N/A,N/A,Sin comentarios
500Qi00000HsTKzIAN,00554259,2024-10-04 21:04:20,Closed,AMCEN - Sumarizacion mes de Septiembre,Claudio Ponce,N/A,N/A,Sin comentarios
500Qi00000HsTPpIAN,00554260,2024-10-04 21:05:09,Closed,AMCEN - Carga de archivos Poligono hazard,Claudio Ponce,N/A,N/A,Sin comentarios
500Qi00000HsasjIAB,00554264,2024-10-04 22:05:02,Closed,CNDMH - Contingencia Replica JMineops DMH,Claudio Ponce,N/A,N/A,Sin comentarios
500Qi00000HseUvIAJ,00554267,2024-10-04 22:35:10,Closed,AMCEN - C161 reinicio de pantalla,Claudio Ponce,N/A,N/A,Sin comentarios
500Qi00000HsdPDIAZ,00554270,2024-10-04 23:07:31,Closed,CNRT - C336 sin barra de conexion,Claudio Ponce,N/A,N/A,Sin comentarios
500Qi00000HsXgMIAV,00554271,2024-10-04 23:47:21,Closed,CNDMH - Pala 201 sin gps,Claudio Ponce,N/A,N/A,Sin comentarios
500Qi00000HtVmBIAV,00554283,2024-10-05 10:21:17,Closed,AMZAL - Revision L13,Ricardo Rubio,N/A,N/A,Sin comentarios
500Qi00000HtO9bIAF,00554284,2024-10-05 10:30:32,Closed,Monitoreo - CNMS - Sin comuncacion a los Servidores,Ricardo Rubio,N/A,N/A,Sin comentarios
500Qi00000HtfjtIAB,00554290,2024-10-05 12:07:54,Closed,CNDMH - Revisión Usuario SQL,Ricardo Rubio,N/A,N/A,Sin comentarios
500Qi00000Hu93dIAB,00554297,2024-10-05 18:40:03,Closed,CNDMH - Revisión CAEX C736,Ricardo Rubio,N/A,N/A,Sin comentarios
500Qi00000Hu5zKIAR,00554298,2024-10-05 18:41:58,Closed,AMANT - Certificados E02,Ricardo Rubio,N/A,N/A,Sin comentarios
500Qi00000Hu31UIAR,00554299,2024-10-05 18:43:23,Closed,MAGSA - Cambio uhp a core GD638,Ricardo Rubio,N/A,N/A,Sin comentarios
500Qi00000HuAPVIA3,00554300,2024-10-05 19:00:26,Closed,AMANT - Revision OAS C16,Ricardo Rubio,N/A,N/A,Sin comentarios
500Qi00000HuKBxIAN,00554307,2024-10-05 21:22:28,Closed,CNDMH - C714 vueltas borradas,Claudio Ponce,N/A,N/A,Sin comentarios
500Qi00000HuErNIAV,00554308,2024-10-05 21:23:19,Closed,CNDMH - C734 pantalla pegada,Claudio Ponce,N/A,N/A,Sin comentarios
500Qi00000HuH63IAF,00554310,2024-10-05 21:47:10,Closed,CNMS - Dashboard operaciones sin data,Claudio Ponce,N/A,N/A,Sin comentarios
500Qi00000HuMTyIAN,00554316,2024-10-05 23:42:52,Closed,AMCEN - PE6 sin señal satelital.,Claudio Ponce,N/A,N/A,Sin comentarios
500Qi00000HuSe9IAF,00554317,2024-10-05 23:44:32,Closed,AMCEN - PA211 sin cambio de estados,Claudio Ponce,N/A,N/A,Sin comentarios
500Qi00000HuZxNIAV,00554319,2024-10-06 01:37:52,Closed,CNMS - C717 error carga manual,Claudio Ponce,N/A,N/A,Sin comentarios
500Qi00000HuslVIAR,00554325,2024-10-06 05:10:22,Closed,CNRT - PE-03 pantalla pegada,Claudio Ponce,N/A,N/A,Sin comentarios
500Qi00000HusDeIAJ,00554326,2024-10-06 05:11:40,Closed,CNDMH - P212 sin gps,Claudio Ponce,N/A,N/A,Sin comentarios
500Qi00000HuxYHIAZ,00554328,2024-10-06 06:16:36,Closed,CNRI - C353 pantalla en blanco,Claudio Ponce,N/A,N/A,Sin comentarios
500Qi00000Hv626IAB,00554334,2024-10-06 09:45:55,Closed,CNMS - Problema pagina web Relevos,Ricardo Rubio,N/A,N/A,Sin comentarios
500Qi00000Hv1TrIAJ,00554335,2024-10-06 10:30:56,Closed,CNDMH - Revisión Usuario SQL DMZ,Ricardo Rubio,N/A,N/A,Sin comentarios
500Qi00000HvDA1IAN,00554337,2024-10-06 10:56:04,Closed,Monitoreo - CNMS - Sin comuncacion a los Servidores,Ricardo Rubio,N/A,N/A,Sin comentarios
500Qi00000HveBpIAJ,00554369,2024-10-06 18:20:24,Closed,MLCC - Problemas Perforadora D103,Ricardo Rubio,N/A,N/A,Sin comentarios
500Qi00000HvfJBIAZ,00554370,2024-10-06 18:41:08,Closed,AMZAL - Sumarizar dias de Octubre,Ricardo Rubio,N/A,N/A,Sin comentarios
500Qi00000Hvo1bIAB,00554381,2024-10-06 21:51:11,Closed,AMZAL - Pala N°2 sistema pegado,Claudio Ponce,N/A,N/A,Sin comentarios
500Qi00000HvywvIAB,00554395,2024-10-06 23:17:34,Closed,CNRI - C352 pantalla en blanco,Claudio Ponce,N/A,N/A,Sin comentarios
500Qi00000HvsIBIAZ,00554397,2024-10-06 23:44:35,Closed,CNRI - C104 no cambia su estado,Claudio Ponce,N/A,N/A,Sin comentarios
500Qi00000Hw0fSIAR,00554400,2024-10-07 00:09:37,Closed,MLCC - P201 pantalla pegada,Claudio Ponce,N/A,N/A,Sin comentarios
500Qi00000Hvq6ZIAR,00554401,2024-10-07 00:10:42,Closed,AMANT - Sumarizacion,Claudio Ponce,N/A,N/A,Sin comentarios
500Qi00000Hw5YbIAJ,00554407,2024-10-07 01:30:59,Closed,AMCEN - Revisar C156,Claudio Ponce,N/A,N/A,Sin comentarios
500Qi00000Hw0PHIAZ,00554409,2024-10-07 01:49:40,Closed,AMCEN - PA2 pantalla en negro,Claudio Ponce,N/A,N/A,Sin comentarios
500Qi00000HwWVZIA3,00554461,2024-10-07 06:31:42,Closed,AMCEN - Revisar PA11,Claudio Ponce,N/A,N/A,Sin comentarios
500Qi00000HweeRIAR,00554506,2024-10-07 08:26:59,Closed,Mantoverde - Sumarizar dia 03-oct-2024,Ricardo Rubio,N/A,N/A,Sin comentarios
500Qi00000Hws9WIAR,00554512,2024-10-07 09:49:06,Closed,AMZAL - Revision D10,Ricardo Rubio,N/A,N/A,Sin comentarios
500Qi00000Hwx2jIAB,00554513,2024-10-07 10:06:22,Closed,AMZAL - Error Pagina Jview,Ricardo Rubio,N/A,N/A,Sin comentarios
500Qi00000HxDKUIA3,00554520,2024-10-07 11:42:30,Closed,CAPCNN - Revision Estado PE07,Ricardo Rubio,N/A,N/A,Sin comentarios
500Qi00000HySSfIAN,00554572,2024-10-07 17:13:56,Closed,Monitoreo - CNMS - Sin comuncacion a los Servidores,Ricardo Rubio,N/A,N/A,Sin comentarios
500Qi00000HyShCIAV,00554588,2024-10-07 18:15:48,Closed,MLCC - Problemas Perforadora D103,Ricardo Rubio,N/A,N/A,Sin comentarios
500Qi00000HyUmHIAV,00554595,2024-10-07 18:48:50,Closed,CRSTEN - Apoyo,Ricardo Rubio,N/A,N/A,Sin comentarios
500Qi00000HyuyQIAR,00554602,2024-10-07 19:52:20,Closed,Monitoreo - CNMS - Sin comuncacion a los Servidores,Ricardo Rubio,N/A,N/A,Sin comentarios
500Qi00000Hz5NZIAZ,00554607,2024-10-07 21:03:11,Closed,Monitoreo - AMCEN - Importadores pegados,Claudio Ponce,N/A,N/A,Sin comentarios
500Qi00000HzENdIAN,00554624,2024-10-07 22:54:21,Closed,CNRI - C349 pantalla pegada,Claudio Ponce,N/A,N/A,Sin comentarios
500Qi00000HzEQrIAN,00554625,2024-10-07 22:54:58,Closed,CNRI - C121 no cambia estado,Claudio Ponce,N/A,N/A,Sin comentarios
500Qi00000HzVmfIAF,00554641,2024-10-08 01:55:49,Closed,MLCC - Reiniciar perfo D104,Claudio Ponce,N/A,N/A,Sin comentarios
500Qi00000I01xpIAB,00554662,2024-10-08 07:00:09,Closed,AMCEN - Solicitud de revision PE42 no puede cargar la malla,Claudio Ponce,N/A,N/A,Sin comentarios
500Qi00000Hzr7JIAR,00554663,2024-10-08 07:23:10,Closed,AMCEN - Solicitud de revision CA221,Claudio Ponce,N/A,N/A,Sin comentarios
500Qi00000I0gphIAB,00554687,2024-10-08 11:07:27,Closed,MAGSA - Cambio uhp a core TD522,Ricardo Rubio,N/A,N/A,Sin comentarios
500Qi00000I1Tk0IAF,00554712,2024-10-08 14:48:02,Closed,MAGSA - Revision TD523,Ricardo Rubio,N/A,N/A,Sin comentarios
500Qi00000I20ETIAZ,00554731,2024-10-08 17:26:32,Closed,CAPCNN - Revision CE05,Ricardo Rubio,N/A,N/A,Sin comentarios
500Qi00000I1uKSIAZ,00554733,2024-10-08 17:39:29,Closed,MAGSA - Cambio uhp a core TK381,Ricardo Rubio,N/A,N/A,Sin comentarios
500Qi00000I24JmIAJ,00554736,2024-10-08 19:16:41,Closed,Monitoreo - AAM - Sin Correccion GPS,Ricardo Rubio,N/A,N/A,Sin comentarios
500Qi00000I2KzeIAF,00554738,2024-10-08 19:27:33,Closed,Mantoverde - Error al actualizar datos en Dashboard CAS Analytics,Roberto Maldonado,N/A,N/A,Sin comentarios
500Qi00000I2NFvIAN,00554743,2024-10-08 20:37:40,Closed,Monitoreo - AMCEN - Importadores pegados,Claudio Ponce,N/A,N/A,Sin comentarios
500Qi00000I2vO1IAJ,00554782,2024-10-09 00:06:16,Closed,AMANT - Pala 101 no ve nube de avance,Claudio Ponce,N/A,N/A,Sin comentarios
500Qi00000I2wyQIAR,00554788,2024-10-09 01:06:29,Closed,AMCEN - Solicitud de revision GPS de C130,Claudio Ponce,N/A,N/A,Sin comentarios
500Qi00000I37qcIAB,00554799,2024-10-09 02:25:31,Closed,AMCEN - Solicitud de revision de Señal Satelital en Perforadoras,Claudio Ponce,N/A,N/A,Sin comentarios
500Qi00000I3LojIAF,00554806,2024-10-09 04:23:59,Closed,AMCEN - Solicitud de revision PA1,Claudio Ponce,N/A,N/A,Sin comentarios
500Qi00000I3m11IAB,00554815,2024-10-09 09:28:21,Closed,MAGSA - Upgrade UHP a Core TK345,Roberto Maldonado,N/A,N/A,Sin comentarios
500Qi00000I3x2oIAB,00554822,2024-10-09 10:17:36,Closed,MLCC - Creación de cuentas Mineops y Jview para Hernán Farías,Roberto Maldonado,N/A,N/A,Sin comentarios
500Qi00000I48T1IAJ,00554826,2024-10-09 11:40:28,Closed,TQB - Problemas en servidor SQL SQBMAPPP07,Tomas Jimenez,N/A,N/A,Sin comentarios
500Qi00000I52ZyIAJ,00554839,2024-10-09 15:40:57,Closed,AMZAL - Ampliación del rango visible en JSMina,Roberto Maldonado,N/A,N/A,Sin comentarios
500Qi00000I5duQIAR,00554866,2024-10-09 17:58:09,Closed,CNCHUQ - Problema con replica sql,Roberto Maldonado,N/A,N/A,Sin comentarios
500Qi00000I68DTIAZ,00554908,2024-10-09 21:15:19,Closed,AMCEN - Camión con pantalla pegada,Gustavo Cheng,N/A,N/A,Sin comentarios
500Qi00000I6FV3IAN,00554910,2024-10-09 22:06:59,Closed,AMCEN - Revisar C130 sin movimiento ni vnc,Gustavo Cheng,N/A,N/A,Sin comentarios
500Qi00000I6A5cIAF,00554911,2024-10-09 22:25:48,Closed,CNCHUQ - Revisar pala 894 problemas en pantalla,Gustavo Cheng,N/A,N/A,Sin comentarios
500Qi00000I6E4NIAV,00554918,2024-10-09 23:44:05,Closed,CNRT - Revisar perforadora 17 gps floating,Gustavo Cheng,N/A,N/A,Sin comentarios
500Qi00000I6gezIAB,00554934,2024-10-10 03:28:20,Closed,AMCEN - Revisar pala 1 gps sin señal,Gustavo Cheng,N/A,N/A,Sin comentarios
500Qi00000I6ZAVIA3,00554935,2024-10-10 03:29:09,Closed,AMCEN - Revisar perforadora 3 sin señal gps,Gustavo Cheng,N/A,N/A,Sin comentarios
500Qi00000I6j06IAB,00554936,2024-10-10 03:29:42,Closed,AMCEN - Revisar pala 7 sin señal gps,Gustavo Cheng,N/A,N/A,Sin comentarios
500Qi00000I6u6nIAB,00554940,2024-10-10 05:22:49,Closed,AMCEN - Revisar C161 no coincide mapa con vnc,Gustavo Cheng,N/A,N/A,Sin comentarios
500Qi00000I75DWIAZ,00554944,2024-10-10 07:26:37,Closed,AMZAL - Sin acceso a reportabilidad ME,Roberto Maldonado,N/A,N/A,Sin comentarios
500Qi00000I7V6MIAV,00554951,2024-10-10 10:18:27,Closed,MAGSA - Sin visualización puntos GPS en JSmina para equipos con Core.,Roberto Maldonado,N/A,N/A,Sin comentarios
500Qi00000I7cz7IAB,00554956,2024-10-10 11:24:53,Closed,AMZAL - Solicitud credenciales MineEnterprise,Roberto Maldonado,N/A,N/A,Sin comentarios
500Qi00000I8CMdIAN,00554977,2024-10-10 14:08:08,Closed,CNN - CE05 problemas de comunicación,Roberto Maldonado,N/A,N/A,Sin comentarios
500Qi00000I8r07IAB,00554999,2024-10-10 17:42:39,Closed,CNRT - Falta de datos en reporte Distancia Equivalente,Roberto Maldonado,N/A,N/A,Sin comentarios
500Qi00000I9ZqdIAF,00555025,2024-10-10 21:46:43,Closed,AMCEN - Revisar C122 problemas en pantalla,Gustavo Cheng,N/A,N/A,Sin comentarios
500Qi00000I9o3HIAR,00555035,2024-10-11 00:32:13,Closed,AMCEN - Revisar C10 problemas en pantalla,Gustavo Cheng,N/A,N/A,Sin comentarios
500Qi00000I9tFpIAJ,00555036,2024-10-11 00:32:52,Closed,AMCEN - Revisar PA1 no registra carga de camiones,Gustavo Cheng,N/A,N/A,Sin comentarios
500Qi00000I9tNtIAJ,00555037,2024-10-11 00:33:31,Closed,AMCEN - Revisar perforadora 3 sin señal satelital,Gustavo Cheng,N/A,N/A,Sin comentarios
500Qi00000IA8htIAD,00555044,2024-10-11 02:58:55,Closed,AMCEN - Revisar PA211 sin señal,Gustavo Cheng,N/A,N/A,Sin comentarios
500Qi00000IA8JiIAL,00555045,2024-10-11 02:59:32,Closed,AMCEN - Revisar CA221 sin sistema,Gustavo Cheng,N/A,N/A,Sin comentarios
500Qi00000IAOQ5IAP,00555046,2024-10-11 05:02:51,Closed,AMCEN - Revisar C18 sin sistema,Gustavo Cheng,N/A,N/A,Sin comentarios
500Qi00000IB7iAIAT,00555062,2024-10-11 10:51:55,Closed,MLCC - D105 problema con malla,Roberto Maldonado,N/A,N/A,Sin comentarios
500Qi00000IBUyEIAX,00555082,2024-10-11 13:42:44,Closed,MAGSA - Upgrade UHP a Core TD550,Roberto Maldonado,N/A,N/A,Sin comentarios
500Qi00000IBanWIAT,00555090,2024-10-11 15:00:57,Closed,MLCC - A2G sin datos.,Roberto Maldonado,N/A,N/A,Sin comentarios
500Qi00000ID5p7IAD,00555120,2024-10-11 22:30:42,Closed,AAM - Caex 87 sin pantalla y pegado,Gustavo Cheng,N/A,N/A,Sin comentarios
500Qi00000IDJleIAH,00555127,2024-10-12 01:57:51,Closed,AMCEN - Revisar PA211 sin pantalla,Gustavo Cheng,N/A,N/A,Sin comentarios
500Qi00000IDK09IAH,00555128,2024-10-12 01:58:31,Closed,AMCEN - Revisar C48 pegado en sistema,Gustavo Cheng,N/A,N/A,Sin comentarios
500Qi00000IDsY5IAL,00555134,2024-10-12 07:48:44,Closed,MLCC - Perforadora 105 con problemas de gps,Gustavo Cheng,N/A,N/A,Sin comentarios
500Qi00000IDpqMIAT,00555135,2024-10-12 08:16:34,Closed,AMZAL - Equipo H57 genera descarga antes de llegar al sector de descarga.,Roberto Maldonado,N/A,N/A,Sin comentarios
500Qi00000IDpqNIAT,00555138,2024-10-12 09:05:45,Closed,MLCC - D105 pantalla en blanco,Roberto Maldonado,N/A,N/A,Sin comentarios
500Qi00000IDqzMIAT,00555141,2024-10-12 12:55:31,Closed,MLCC - Sin Jview,Roberto Maldonado,N/A,N/A,Sin comentarios
500Qi00000IEUQVIA5,00555142,2024-10-12 16:01:31,Closed,MLCC - C325 con problemas de comunicacion,Roberto Maldonado,N/A,N/A,Sin comentarios
500Qi00000IEU7AIAX,00555143,2024-10-12 16:27:10,Closed,MLCC - Creación de cuentas nuevo usuario Mineops y Jview,Roberto Maldonado,N/A,N/A,Sin comentarios
500Qi00000IERm0IAH,00555156,2024-10-12 16:47:51,Closed,CNDMH - C702 sin comunicación,Gustavo Cheng,N/A,N/A,Sin comentarios
500Qi00000IEm7IIAT,00555174,2024-10-12 21:16:19,Closed,CNRI - Palas sin sistema,Gustavo Cheng,N/A,N/A,Sin comentarios
500Qi00000IEmLmIAL,00555175,2024-10-12 22:19:58,Closed,AMCEN - Revisar CF05 no muestra vista cargargando camiones,Gustavo Cheng,N/A,N/A,Sin comentarios
500Qi00000IF1MQIA1,00555179,2024-10-13 00:46:31,Closed,CNDMH - Revisar C329 problemas de sistema,Gustavo Cheng,N/A,N/A,Sin comentarios
500Qi00000IF2QXIA1,00555180,2024-10-13 00:49:55,Closed,CNRI - Caex no aparecen transportando,Gustavo Cheng,N/A,N/A,Sin comentarios
500Qi00000IF25aIAD,00555181,2024-10-13 00:51:05,Closed,MLCC - Revisar D103 gps inestables,Gustavo Cheng,N/A,N/A,Sin comentarios
500Qi00000IF2bpIAD,00555182,2024-10-13 00:52:05,Closed,MLCC - Revisar D105 GPS inestables,Gustavo Cheng,N/A,N/A,Sin comentarios
500Qi00000IEukmIAD,00555183,2024-10-13 00:52:54,Closed,MLCC - Revisar destinos duplicados,Gustavo Cheng,N/A,N/A,Sin comentarios
500Qi00000IFRiHIAX,00555185,2024-10-13 05:51:57,Closed,AMCEN - Revisar C36 pegado en mapa,Gustavo Cheng,N/A,N/A,Sin comentarios
500Qi00000IFYBtIAP,00555186,2024-10-13 07:21:28,Closed,AMCEN - revisar PA1 problemas de gps,Gustavo Cheng,N/A,N/A,Sin comentarios
500Qi00000IFSrGIAX,00555187,2024-10-13 07:22:07,Closed,AMCEN - Revisar PA3 problemas de gps,Gustavo Cheng,N/A,N/A,Sin comentarios
500Qi00000IFUprIAH,00555188,2024-10-13 08:47:26,Closed,CNDMH - Revisión de P205,Roberto Maldonado,N/A,N/A,Sin comentarios
500Qi00000IFdEnIAL,00555189,2024-10-13 08:52:16,Closed,AMZAL - Equipo H57 genera descarga antes de llegar al sector de descarga.,Claudio Ponce,N/A,N/A,Sin comentarios
500Qi00000IFTfIIAX,00555190,2024-10-13 12:54:17,Closed,AMZAL - Equipo H47 con problema de GPS,Roberto Maldonado,N/A,N/A,Sin comentarios
500Qi00000IG4rjIAD,00555215,2024-10-13 17:12:39,Closed,MAGSA - Upgrade UHP a Core DR460,Claudio Ponce,N/A,N/A,Sin comentarios
500Qi00000IGHybIAH,00555223,2024-10-13 19:52:32,Closed,AMCEN - Revisión de datos actualizados en replica,Gustavo Cheng,N/A,N/A,Sin comentarios
500Qi00000IGQYsIAP,00555243,2024-10-13 22:36:15,Closed,AMCEN - Revisar PE8 problemas de gps,Gustavo Cheng,N/A,N/A,Sin comentarios
500Qi00000IGT0UIAX,00555244,2024-10-13 22:36:52,Closed,AMCEN - Revisar PE67 problemas de gps,Gustavo Cheng,N/A,N/A,Sin comentarios
500Qi00000IGWcgIAH,00555259,2024-10-13 23:59:50,Closed,CNCHUQ - Camión perdió vueltas,Gustavo Cheng,N/A,N/A,Sin comentarios
500Qi00000IGjgLIAT,00555265,2024-10-14 02:10:12,Closed,CNRT - Revisar C920 sin gps,Gustavo Cheng,N/A,N/A,Sin comentarios
500Qi00000IH32LIAT,00555271,2024-10-14 04:40:20,Closed,AMCEN - Revisar C48 pegado en sistema,Gustavo Cheng,N/A,N/A,Sin comentarios
500Qi00000IH1esIAD,00555272,2024-10-14 04:41:08,Closed,AMCEN - Revisar C38 sin movimiento en sistema,Gustavo Cheng,N/A,N/A,Sin comentarios
500Qi00000IHtk7IAD,00555302,2024-10-14 11:11:09,Closed,MAGSA - Upgrade UHP a Core DR477,Roberto Maldonado,N/A,N/A,Sin comentarios
500Qi00000IJR75IAH,00555359,2024-10-14 18:56:04,Closed,AAM -  Equipo 55 con menos ciclos,Roberto Maldonado,N/A,N/A,Sin comentarios
500Qi00000IKBrQIAX,00555386,2024-10-14 23:01:05,Closed,CNRI - Revisar caex 102 sin sistema,Gustavo Cheng,N/A,N/A,Sin comentarios
500Qi00000IKJSPIA5,00555404,2024-10-15 02:17:02,Closed,AMCEN - Revisar PE67 problemas de gps,Gustavo Cheng,N/A,N/A,Sin comentarios
500Qi00000IKY1ZIAX,00555405,2024-10-15 02:17:49,Closed,AMCEN - Revisar C48 pegado en sistema,Gustavo Cheng,N/A,N/A,Sin comentarios
500Qi00000IKY81IAH,00555406,2024-10-15 02:18:31,Closed,AMCEN - Revisar C39 pegado en sistema,Gustavo Cheng,N/A,N/A,Sin comentarios
500Qi00000IKYCrIAP,00555407,2024-10-15 02:19:35,Closed,CNDMH - Revisar C329 problemas de sistema,Roberto Maldonado,N/A,N/A,Sin comentarios
500Qi00000IKfpRIAT,00555412,2024-10-15 03:16:07,Closed,AAM - Revisar camión 31 sin sistema,Gustavo Cheng,N/A,N/A,Sin comentarios
500Qi00000IKh3HIAT,00555414,2024-10-15 03:47:36,Closed,CNRT - Cambio de malla PE117,Gustavo Cheng,N/A,N/A,Sin comentarios
500Qi00000ILceDIAT,00555447,2024-10-15 10:18:34,Closed,AMANT -  Sin registro de eventos OAS durante la madrugada 14-10-2024,Nelson Donoso,N/A,N/A,Sin comentarios
500Qi00000ILWKKIA5,00555458,2024-10-15 11:08:25,Closed,Interno - AMZAL -Apoyo en implementacion de mensaje programado a equipos mina,Roberto Maldonado,N/A,N/A,Sin comentarios
500Qi00000ILlT6IAL,00555470,2024-10-15 12:03:41,Closed,AAM - Caex CEKO031 problemas de funcionamiento,Roberto Maldonado,N/A,N/A,Sin comentarios
500Qi00000IMVdtIAH,00555476,2024-10-15 14:08:03,Closed,CNN - Revisión CAEX CE01 y Perforadora PE05.,Claudio Ponce,N/A,N/A,Sin comentarios
500Qi00000IMVPVIA5,00555488,2024-10-15 14:59:04,Closed,MAGSA - Upgrade UHP a Core DR475,Claudio Ponce,N/A,N/A,Sin comentarios
500Qi00000IO5AfIAL,00555534,2024-10-15 22:35:09,Closed,MLCC - Generar cuentas Jview y Mineops,Claudio Ponce,N/A,N/A,Sin comentarios
500Qi00000IO66kIAD,00555538,2024-10-15 22:59:57,Closed,AMZAL - Confirmar funcionamiento de TMER,Gustavo Cheng,N/A,N/A,Sin comentarios
500Qi00000IO511IAD,00555541,2024-10-15 23:13:36,Closed,CNRI - Cargar archivo de Polígono,Gustavo Cheng,N/A,N/A,Sin comentarios
500Qi00000IOJAQIA5,00555547,2024-10-16 00:37:12,Closed,AMCEN - Revisar C45 pegado en sistema,Gustavo Cheng,N/A,N/A,Sin comentarios
500Qi00000IQAMUIA5,00555590,2024-10-16 14:20:14,Closed,MLCC - Importador no carga,Claudio Ponce,N/A,N/A,Sin comentarios
500Qi00000IQwamIAD,00555604,2024-10-16 17:38:45,Closed,AMANT - cuenta bloqueada servidor replica,Claudio Ponce,N/A,N/A,Sin comentarios
500Qi00000IRb7bIAD,00555624,2024-10-16 21:44:37,Closed,AMZAL - Problemas MineOPS,Ricardo Rubio,N/A,N/A,Sin comentarios
500Qi00000IRxxhIAD,00555632,2024-10-16 23:44:51,Closed,AMCEN - Revision C57 OAS,Ricardo Rubio,N/A,N/A,Sin comentarios
500Qi00000IRuzqIAD,00555633,2024-10-16 23:46:20,Closed,AMZAL - Revision H49,Ricardo Rubio,N/A,N/A,Sin comentarios
500Qi00000ISCtVIAX,00555639,2024-10-17 02:51:15,Closed,CNDMH - Revisión Pala P205,Ricardo Rubio,N/A,N/A,Sin comentarios
500Qi00000ISRR7IAP,00555645,2024-10-17 04:35:30,Closed,AMCEN - Revision C57,Ricardo Rubio,N/A,N/A,Sin comentarios
500Qi00000ISgoNIAT,00555648,2024-10-17 07:23:28,Closed,Monitoreo - AMCEN - Revision Replica,Ricardo Rubio,N/A,N/A,Sin comentarios
500Qi00000ITBloIAH,00555667,2024-10-17 11:23:28,Closed,MLCC - Problemas con Aplicación Mineops //INC000013799951,Claudio Ponce,N/A,N/A,Sin comentarios
500Qi00000IUQCVIA5,00555700,2024-10-17 17:20:20,Closed,MLCC - P202 sistema inestable,Claudio Ponce,N/A,N/A,Sin comentarios
500Qi00000IVNKXIA5,00555731,2024-10-17 22:02:09,Closed,AMZAL - Revision Pala S04,Ricardo Rubio,N/A,N/A,Sin comentarios
500Qi00000IVaEXIA1,00555756,2024-10-18 00:07:41,Closed,CNMS - Revision C463,Ricardo Rubio,N/A,N/A,Sin comentarios
500Qi00000IVXwcIAH,00555757,2024-10-18 00:08:23,Closed,AMZAL - Revision Perforadora D10,Ricardo Rubio,N/A,N/A,Sin comentarios
500Qi00000IVjXxIAL,00555764,2024-10-18 01:52:40,Closed,AAM - CAEX Pegado JSRuta,Ricardo Rubio,N/A,N/A,Sin comentarios
500Qi00000IVybpIAD,00555772,2024-10-18 03:33:30,Closed,Monitoreo - MAGSA - Sin conexion Servidor,Ricardo Rubio,N/A,N/A,Sin comentarios
500Qi00000IW2igIAD,00555789,2024-10-18 04:50:33,Closed,CNMS - Revision C476,Ricardo Rubio,N/A,N/A,Sin comentarios
500Qi00000IWZJdIAP,00555798,2024-10-18 09:16:49,Closed,MLCC - P202 no ve los camiones,Claudio Ponce,N/A,N/A,Sin comentarios
500Qi00000IXBK5IAP,00555813,2024-10-18 12:15:20,Closed,AMZAL - Pala N°4 reiniciar,Claudio Ponce,N/A,N/A,Sin comentarios
500Qi00000IYEZIIA5,00555855,2024-10-18 18:05:42,Closed,MAGSA - Upgrade UHP a Core DR472,Claudio Ponce,N/A,N/A,Sin comentarios
500Qi00000IYcyDIAT,00555869,2024-10-18 21:03:33,Closed,Monitoreo - AMANT - Sin Conexión al servidor,Ricardo Rubio,N/A,N/A,Sin comentarios
500Qi00000IYsTSIA1,00555874,2024-10-18 23:09:39,Closed,AMZAL - Revision Perforadora D10,Ricardo Rubio,N/A,N/A,Sin comentarios
500Qi00000IYstFIAT,00555875,2024-10-18 23:10:17,Closed,AMZAL - Revision Perforadora D15,Ricardo Rubio,N/A,N/A,Sin comentarios
500Qi00000IYtuAIAT,00555876,2024-10-18 23:47:14,Closed,AMCEN - Revision Perforadora PE5,Ricardo Rubio,N/A,N/A,Sin comentarios
500Qi00000IZHRqIAP,00555883,2024-10-19 04:36:46,Closed,CNRI - Revisión CE349,Ricardo Rubio,N/A,N/A,Sin comentarios
500Qi00000IZHjaIAH,00555885,2024-10-19 05:24:32,Closed,"CNRI - Revisión CE115, CE347 y CE352",Ricardo Rubio,N/A,N/A,Sin comentarios
500Qi00000IZfp8IAD,00555892,2024-10-19 10:00:08,Closed,MAGSA - TK384 cambiar los dispositivos,Claudio Ponce,N/A,N/A,Sin comentarios
500Qi00000IZhcSIAT,00555894,2024-10-19 11:09:50,Closed,MLCC - C327 no toma las cargas,Claudio Ponce,N/A,N/A,Sin comentarios
500Qi00000IasFdIAJ,00555921,2024-10-20 00:23:41,Closed,AAM - MineOps Pegado,Ricardo Rubio,N/A,N/A,Sin comentarios
500Qi00000Iau9OIAR,00555923,2024-10-20 01:08:30,Closed,CNRT - Revision Pala P209,Ricardo Rubio,N/A,N/A,Sin comentarios
500Qi00000Iaue1IAB,00555924,2024-10-20 01:10:40,Closed,CNRI - Revisión CE124,Ricardo Rubio,N/A,N/A,Sin comentarios
500Qi00000Ib90NIAR,00555938,2024-10-20 05:00:13,Closed,AMZAL - Revision Pala S04,Ricardo Rubio,N/A,N/A,Sin comentarios
500Qi00000IbBBqIAN,00555939,2024-10-20 05:01:25,Closed,AMZAL - Revision MineOps,Ricardo Rubio,N/A,N/A,Sin comentarios
500Qi00000IbX97IAF,00555945,2024-10-20 10:33:50,Closed,AMANT - Destino borrado 2124,Claudio Ponce,N/A,N/A,Sin comentarios
500Qi00000IbWcwIAF,00555947,2024-10-20 11:30:49,Closed,MAGSA - TK399 sin vims,Claudio Ponce,N/A,N/A,Sin comentarios
500Qi00000Ibb4gIAB,00555948,2024-10-20 11:52:22,Closed,CNMS - Reporte con diferencias,Claudio Ponce,N/A,N/A,Sin comentarios
500Qi00000IbiqvIAB,00555949,2024-10-20 13:38:57,Closed,CNDMH - R503,Claudio Ponce,N/A,N/A,Sin comentarios
500Qi00000IbqqAIAR,00555961,2024-10-20 17:37:47,Closed,CNCHUQ - Diferencia de datos en tabla users,Claudio Ponce,N/A,N/A,Sin comentarios
500Qi00000IcPfoIAF,00556005,2024-10-21 01:37:21,Closed,AMCEN - Revision CAEX C23,Ricardo Rubio,N/A,N/A,Sin comentarios
500Qi00000IcxfpIAB,00556015,2024-10-21 06:47:45,Closed,AMCEN - Revision OAS C38,Ricardo Rubio,N/A,N/A,Sin comentarios
500Qi00000Id9p4IAB,00556024,2024-10-21 08:52:54,Closed,MLCC - P201 no se ve en el mapa,Claudio Ponce,N/A,N/A,Sin comentarios
500Qi00000IdKkXIAV,00556030,2024-10-21 10:24:17,Closed,MAGSA - TK375 cambiar los dispositivos,Claudio Ponce,N/A,N/A,Sin comentarios
500Qi00000IdlRJIAZ,00556033,2024-10-21 11:45:08,Closed,Nuevo Reporte Horas Equipo (Tpo. Oper. + DEMORA),Yazmin Sanchez,N/A,N/A,Sin comentarios
500Qi00000Ier3GIAR,00556056,2024-10-21 16:02:27,Closed,MLCC - D101 y D103 sin gps,Claudio Ponce,N/A,N/A,Sin comentarios
500Qi00000IemLQIAZ,00556060,2024-10-21 16:49:06,Closed,MLCC - RV: Credenciales Mineops //RITM00000821279,Claudio Ponce,N/A,N/A,Sin comentarios
500Qi00000IfuIPIAZ,00556093,2024-10-21 21:36:04,Closed,CNCHUQ - Revisión C477,Ricardo Rubio,N/A,N/A,Sin comentarios
500Qi00000Ig4ZVIAZ,00556098,2024-10-21 23:17:40,Closed,AMCEN - Revision Cargador Frontal CF3,Ricardo Rubio,N/A,N/A,Sin comentarios
500Qi00000Ig2XiIAJ,00556099,2024-10-21 23:18:55,Closed,CNDMH - Revisión Perforadora F105,Ricardo Rubio,N/A,N/A,Sin comentarios
500Qi00000IgDhdIAF,00556108,2024-10-22 01:00:48,Closed,AMCEN - Revision Perforadora PE5,Ricardo Rubio,N/A,N/A,Sin comentarios
500Qi00000IgBMVIA3,00556125,2024-10-22 03:32:30,Closed,CNMS - Revision C463,Ricardo Rubio,N/A,N/A,Sin comentarios
500Qi00000IgMbIIAV,00556126,2024-10-22 03:34:26,Closed,AMZAL - Revision CAEX H42,Gustavo Cheng,N/A,N/A,Sin comentarios
500Qi00000IghKkIAJ,00556135,2024-10-22 05:52:21,Closed,Monitoreo - AAM - Sin Correccion GPS,Ricardo Rubio,N/A,N/A,Sin comentarios
500Qi00000Ih3jVIAR,00556148,2024-10-22 10:02:22,Closed,MAGSA - Upgrade UHP a Core TD548,Roberto Maldonado,N/A,N/A,Sin comentarios
500Qi00000IjXWxIAN,00556230,2024-10-22 22:12:05,Closed,Monitoreo - CNDMH - Perdida de conexion con los equipos,Gustavo Cheng,N/A,N/A,Sin comentarios
500Qi00000IjcbUIAR,00556231,2024-10-22 22:19:22,Closed,CNMS - Revision C717 y Pala PA026,Ricardo Rubio,N/A,N/A,Sin comentarios
500Qi00000IjnS2IAJ,00556238,2024-10-22 23:32:30,Closed,AMCEN - Revision OAS C16,Ricardo Rubio,N/A,N/A,Sin comentarios
500Qi00000IjwVJIAZ,00556261,2024-10-23 01:05:02,Closed,CNCHUQ - Revisión Perforadora PE315,Ricardo Rubio,N/A,N/A,Sin comentarios
500Qi00000IjzBRIAZ,00556265,2024-10-23 01:46:40,Closed,CNCHUQ - Revisión CAEX C154,Ricardo Rubio,N/A,N/A,Sin comentarios
500Qi00000IkSbdIAF,00556283,2024-10-23 06:17:12,Closed,AMZAL - Revision S02,Ricardo Rubio,N/A,N/A,Sin comentarios
500Qi00000ImHB3IAN,00556341,2024-10-23 17:08:01,Closed,MLCC - Sumarización 1 - 16 Octubre,Gustavo Cheng,N/A,N/A,Sin comentarios
500Qi00000InBOAIA3,00556395,2024-10-23 23:25:47,Closed,Monitoreo - AMCEN -  Sin datos de OAS,Roberto Maldonado,N/A,N/A,Sin comentarios
500Qi00000InPHTIA3,00556397,2024-10-23 23:41:45,Closed,CNRT - PA209 con lentitud en sus cambios de labores.,Roberto Maldonado,N/A,N/A,Sin comentarios
500Qi00000InxuHIAR,00556421,2024-10-24 06:32:41,Closed,AMZAL - Problemas de funcionamiento Mineops,Roberto Maldonado,N/A,N/A,Sin comentarios
500Qi00000IoSQEIA3,00556430,2024-10-24 10:20:27,Closed,CNMS - Caex ignoran carga,Gustavo Cheng,N/A,N/A,Sin comentarios
500Qi00000Ir1urIAB,00556497,2024-10-24 21:30:54,Closed,CNDMH -  Pala P602 con problemas,Roberto Maldonado,N/A,N/A,Sin comentarios
500Qi00000IrIu5IAF,00556512,2024-10-25 00:39:53,Closed,CNDMH -  CAEX C722 no cierra ciclos,Roberto Maldonado,N/A,N/A,Sin comentarios
500Qi00000IsFnhIAF,00556541,2024-10-25 09:01:52,Closed,AMZAL - Revisar Pala 3 intermitencia de señal,Gustavo Cheng,N/A,N/A,Sin comentarios
500Qi00000IsphbIAB,00556555,2024-10-25 12:44:14,Closed,CNRT - Perforadora se pega sistema,Roberto Maldonado,N/A,N/A,Sin comentarios
500Qi00000IuRj8IAF,00556579,2024-10-25 21:09:42,Closed,AMCEN -  Equipo C128 pegado,Roberto Maldonado,N/A,N/A,Sin comentarios
500Qi00000IucQ2IAJ,00556583,2024-10-25 21:56:38,Closed,AMCEN -  Equipo PA3 no visualiza contorno de alimentación,Roberto Maldonado,N/A,N/A,Sin comentarios
500Qi00000IujkrIAB,00556584,2024-10-25 22:48:23,Closed,CNDMH - Problemas actualización datos DMZ,Gustavo Cheng,N/A,N/A,Sin comentarios
500Qi00000IusZeIAJ,00556603,2024-10-26 01:36:12,Closed,MLCC - Encolamiento run2,Roberto Maldonado,N/A,N/A,Sin comentarios
500Qi00000IvGk4IAF,00556608,2024-10-26 05:54:27,Closed,Monitoreo - AMCEN - Servicios OAS caidos,Roberto Maldonado,N/A,N/A,Sin comentarios
500Qi00000IvhvWIAR,00556613,2024-10-26 10:55:37,Closed,CNDMH - Revisar P602 problemas de sistema,Roberto Maldonado,N/A,N/A,Sin comentarios
500Qi00000IvmjtIAB,00556614,2024-10-26 10:56:43,Closed,MLCC - Revisar malla de perforadora D101,Gustavo Cheng,N/A,N/A,Sin comentarios
500Qi00000IwNoHIAV,00556624,2024-10-26 17:57:16,Closed,MLCC - Sumarización Octubre,Gustavo Cheng,N/A,N/A,Sin comentarios
500Qi00000IwSXqIAN,00556636,2024-10-26 19:40:46,Closed,AMCEN - Sumarización pre-cierre de mes,Roberto Maldonado,N/A,N/A,Sin comentarios
500Qi00000Iwaf3IAB,00556638,2024-10-26 20:49:48,Closed,MLCC - Encolamiento run2,Roberto Maldonado,N/A,N/A,Sin comentarios
500Qi00000IwTKEIA3,00556640,2024-10-26 22:14:25,Closed,MLCC - Revisar cambio de estado,Roberto Maldonado,N/A,N/A,Sin comentarios
500Qi00000IwxBpIAJ,00556643,2024-10-27 02:29:14,Closed,CNDMH -  CAEX C727 problemas al salir de cargar,Roberto Maldonado,N/A,N/A,Sin comentarios
500Qi00000IxI8DIAV,00556648,2024-10-27 06:32:35,Closed,MAGSA - Datos desactualizados en jview,Mauricio Estay,N/A,N/A,Sin comentarios
500Qi00000IxcBmIAJ,00556662,2024-10-27 12:07:39,Closed,AMCEN - Revisar palas 3 y 7 no reconocen camiones dentro de su radio,Gustavo Cheng,N/A,N/A,Sin comentarios
500Qi00000IyF6fIAF,00556701,2024-10-27 21:49:41,Closed,MAGSA - No se carga malla TD-F8-4340-03,Roberto Maldonado,N/A,N/A,Sin comentarios
500Qi00000IyGXOIA3,00556702,2024-10-27 22:21:04,Closed,AMCEN - Nueva Sumarización pre-cierre de mes,Gustavo Cheng,N/A,N/A,Sin comentarios
500Qi00000IzElKIAV,00556768,2024-10-28 10:33:23,Closed,MLCC - Revisar C331 intermitencia GPS,Gustavo Cheng,N/A,N/A,Sin comentarios
500Qi00000J0fJiIAJ,00556805,2024-10-28 16:38:59,Closed,MLCC - Revisar pala 210 problemas de gps,Gustavo Cheng,N/A,N/A,Sin comentarios
500Qi00000J26ZRIAZ,00556851,2024-10-28 23:37:42,Closed,Monitoreo - AMCEN -  Sin datos de OAS,Roberto Maldonado,N/A,N/A,Sin comentarios
500Qi00000JbSTsIAN,00556926,2024-10-29 16:39:06,Closed,AMZAL - Sumarización 01-21 de Octubre,Gustavo Cheng,N/A,N/A,Sin comentarios
500Qi00000JbnemIAB,00556957,2024-10-29 18:52:21,Closed,Revisión alcance Requerimiento Movimientos desarrollo en Jview - In Pit,Yazmin Sanchez,N/A,N/A,Sin comentarios
500Qi00000JivCXIAZ,00556967,2024-10-29 20:07:29,Closed,MLCC - Habilitar auto demora para caex,Roberto Maldonado,N/A,N/A,Sin comentarios
500Qi00000JnUQDIA3,00556969,2024-10-29 20:28:45,Closed,Monitoreo - MAGSA - Duplicación de destino,Roberto Maldonado,N/A,N/A,Sin comentarios
500Qi00000K9i7xIAB,00556986,2024-10-29 23:35:55,Closed,MLCC - P202 representación grafica al revés,Ricardo Rubio,N/A,N/A,Sin comentarios
500Qi00000K9oIEIAZ,00556989,2024-10-30 00:52:32,Closed,CNDMH - C337 pantalla pegada,Roberto Maldonado,N/A,N/A,Sin comentarios
500Qi00000KA3luIAD,00556999,2024-10-30 03:45:58,Closed,CNDMH - C327 sin comunicación,Roberto Maldonado,N/A,N/A,Sin comentarios
500Qi00000KYERdIAP,00557022,2024-10-30 11:48:32,Closed,AMZAL - Revision Pala S04,Ricardo Rubio,N/A,N/A,Sin comentarios
500Qi00000KXwOJIA1,00557023,2024-10-30 11:50:50,Closed,Monitoreo - CNMS - Sin comuncacion a los Servidores,Ricardo Rubio,N/A,N/A,Sin comentarios
500Qi00000KYBf4IAH,00557024,2024-10-30 12:01:12,Closed,Modificar reporte: Pre-start Operator HxGN MineOperate System,South American Support Q,N/A,N/A,Sin comentarios
500Qi00000KaG9DIAV,00557074,2024-10-30 20:07:15,Closed,AMZAL - Sumarizacion 21 al 29 de Octubre,Claudio Ponce,N/A,N/A,Sin comentarios
500Qi00000KaTOAIA3,00557085,2024-10-30 22:34:25,Closed,Monitoreo - MLCC - Procesos sql encolados,Claudio Ponce,N/A,N/A,Sin comentarios
500Qi00000KaZ0bIAF,00557087,2024-10-30 22:48:57,Closed,AMCEN - Solicitud de revision de Señal Satelital de PE1,Claudio Ponce,N/A,N/A,Sin comentarios
500Qi00000KbXZNIA3,00557108,2024-10-31 06:43:04,Closed,AMCEN - Solicitud de revision de PA3,Claudio Ponce,N/A,N/A,Sin comentarios
500Qi00000Kc2V9IAJ,00557127,2024-10-31 10:15:50,Closed,"MLCC - Sumarizar 2, 6, 8 y 22 de Octubre",Ricardo Rubio,N/A,N/A,Sin comentarios
500Qi00000KfHCkIAN,00557175,2024-10-31 16:16:54,Closed,MLCC - Sumarizar mes de Octubre,Ricardo Rubio,N/A,N/A,Sin comentarios
500Qi00000KfwhGIAR,00557183,2024-10-31 18:04:41,Closed,CNRI - Revisión MineEnterprise,Ricardo Rubio,N/A,N/A,Sin comentarios
500Qi00000KftoFIAR,00557184,2024-10-31 18:14:55,Closed,AMANT - Revision B04,Ricardo Rubio,N/A,N/A,Sin comentarios
500Qi00000KgGXuIAN,00557187,2024-10-31 18:54:55,Closed,CNRT - Apoyo C337,Ricardo Rubio,N/A,N/A,Sin comentarios
500Qi00000KgsgQIAR,00557203,2024-11-01 00:22:23,Closed,CNRT - R06 pantalla pegada,Claudio Ponce,N/A,N/A,Sin comentarios
500Qi00000Kh549IAB,00557204,2024-11-01 00:23:16,Closed,CNRT - Caex 935 gps pegado,Claudio Ponce,N/A,N/A,Sin comentarios
500Qi00000Kh80RIAR,00557206,2024-11-01 01:37:48,Closed,AMCEN - Solicitud de revision de PE4,Claudio Ponce,N/A,N/A,Sin comentarios
500Qi00000Ki1hhIAB,00557225,2024-11-01 10:38:18,Closed,MLCC - Revision L221,Ricardo Rubio,N/A,N/A,Sin comentarios
500Qi00000Ki3d2IAB,00557226,2024-11-01 10:39:33,Closed,MLCC - Revision Malla 05P4010_105,Ricardo Rubio,N/A,N/A,Sin comentarios
500Qi00000KiCZqIAN,00557227,2024-11-01 10:40:47,Closed,MLCC - Revision GPS D103,Ricardo Rubio,N/A,N/A,Sin comentarios
500Qi00000Kia5yIAB,00557239,2024-11-01 13:43:46,Closed,MAGSA - Upgrade UHP a Core SH126,Ricardo Rubio,N/A,N/A,Sin comentarios
500Qi00000KigcsIAB,00557240,2024-11-01 13:44:14,Closed,MAGSA - Calibrar Pala SH126,Claudio Ponce,N/A,N/A,Sin comentarios
500Qi00000Kjsf5IAB,00557261,2024-11-01 19:27:01,Closed,AMZAL - Sumarizar 30 y 31 de Octubre,Ricardo Rubio,N/A,N/A,Sin comentarios
500Qi00000KkDhuIAF,00557270,2024-11-01 20:34:53,Closed,AMCEN - Solicitud de revision de C23,Claudio Ponce,N/A,N/A,Sin comentarios
500Qi00000KkLifIAF,00557276,2024-11-01 21:25:34,Closed,AMANT - Palas sin VNC,Claudio Ponce,N/A,N/A,Sin comentarios
500Qi00000KkOztIAF,00557277,2024-11-01 22:06:07,Closed,CNRT - Perforadora R11 no carga el sistema,Claudio Ponce,N/A,N/A,Sin comentarios
500Qi00000KkezpIAB,00557280,2024-11-02 01:34:13,Closed,CNN - Planes noviembre,Claudio Ponce,N/A,N/A,Sin comentarios
500Qi00000KkeesIAB,00557281,2024-11-02 01:35:08,Closed,MLCC - Planes,Claudio Ponce,N/A,N/A,Sin comentarios
500Qi00000KlLVJIA3,00557290,2024-11-02 09:59:15,Closed,AMZAL - Revision L12,Ricardo Rubio,N/A,N/A,Sin comentarios
500Qi00000KlLblIAF,00557291,2024-11-02 09:59:40,Closed,AMZAL - Revision H60,Ricardo Rubio,N/A,N/A,Sin comentarios
500Qi00000KlJN5IAN,00557293,2024-11-02 10:41:45,Closed,AMZAL - Revision Resumen de Produccion,Ricardo Rubio,N/A,N/A,Sin comentarios
500Qi00000KlKKnIAN,00557295,2024-11-02 11:55:31,Closed,AMANT - Revision Alimentacion Planta Hora,Ricardo Rubio,N/A,N/A,Sin comentarios
500Qi00000KlcazIAB,00557298,2024-11-02 13:10:40,Closed,AMZAL - Sumarizar mes de Octubre,Ricardo Rubio,N/A,N/A,Sin comentarios
500Qi00000KlckfIAB,00557299,2024-11-02 13:12:50,Closed,MLCC - Revision P210,Ricardo Rubio,N/A,N/A,Sin comentarios
500Qi00000KloNeIAJ,00557301,2024-11-02 15:53:50,Closed,MAGSA - Validacion Puntos GPS SH127,Ricardo Rubio,N/A,N/A,Sin comentarios
500Qi00000Klz1JIAR,00557305,2024-11-02 18:00:30,Closed,MLCC - Revision D101,Ricardo Rubio,N/A,N/A,Sin comentarios
500Qi00000KlzULIAZ,00557306,2024-11-02 18:07:26,Closed,CNRT - Cambio de Contraseña,Ricardo Rubio,N/A,N/A,Sin comentarios
500Qi00000KlzpJIAR,00557307,2024-11-02 18:11:13,Closed,CNDMH - Revision Pala P602,Ricardo Rubio,N/A,N/A,Sin comentarios
500Qi00000KlxAoIAJ,00557308,2024-11-02 18:12:36,Closed,AMZAL - Revision reporte TruckCycle Month,Ricardo Rubio,N/A,N/A,Sin comentarios
500Qi00000Km02DIAR,00557309,2024-11-02 18:13:15,Closed,AMZAL - Revision Excavadora M18,Ricardo Rubio,N/A,N/A,Sin comentarios
500Qi00000Km073IAB,00557310,2024-11-02 18:14:47,Closed,CNDMH - Revision C711,Ricardo Rubio,N/A,N/A,Sin comentarios
500Qi00000KlybWIAR,00557311,2024-11-02 18:15:47,Closed,CAPCNN - Cargar Planes M y D,Ricardo Rubio,N/A,N/A,Sin comentarios
500Qi00000Km7JrIAJ,00557320,2024-11-02 21:51:07,Closed,AMCEN - Solicitud de revision de CF05,Claudio Ponce,N/A,N/A,Sin comentarios
500Qi00000KmCpnIAF,00557322,2024-11-02 22:45:55,Closed,MLCC - Sumarizacion octubre para cierre de mes,Claudio Ponce,N/A,N/A,Sin comentarios
500Qi00000KmAmMIAV,00557323,2024-11-02 22:53:29,Closed,CNDMH - C711 no asigna material,Claudio Ponce,N/A,N/A,Sin comentarios
500Qi00000KmXshIAF,00557325,2024-11-03 00:05:27,Closed,CNRT - Caex 943 gps inestable,Claudio Ponce,N/A,N/A,Sin comentarios
500Qi00000KmaFNIAZ,00557327,2024-11-03 00:30:03,Closed,AMCEN - RV: Solicitud de revision de C41,Claudio Ponce,N/A,N/A,Sin comentarios
500Qi00000Kmf8bIAB,00557329,2024-11-03 01:49:05,Closed,CNRT - TR437 pantalla pegada,Claudio Ponce,N/A,N/A,Sin comentarios
500Qi00000KoHoYIAV,00557341,2024-11-03 14:57:35,Closed,AMZAL - Re sumarizar el mes de Octubre,Ricardo Rubio,N/A,N/A,Sin comentarios
500Qi00000Knoe7IAB,00557342,2024-11-03 15:00:47,Closed,CNCHUQ - Revision incongruencia de Datos.,Ricardo Rubio,N/A,N/A,Sin comentarios
500Qi00000KoT4vIAF,00557351,2024-11-03 17:31:39,Closed,MAGSA - Cambio uhp a core DR459,Claudio Ponce,N/A,N/A,Sin comentarios
500Qi00000KoSs2IAF,00557352,2024-11-03 17:32:36,Closed,AMZAL - Sumarizar 1 y 2 de Noviembre.,Ricardo Rubio,N/A,N/A,Sin comentarios
500Qi00000KoYMMIA3,00557357,2024-11-03 21:09:32,Closed,"MLCC - Sumarizacion 1 ,2 y 3 de Noviembre",Claudio Ponce,N/A,N/A,Sin comentarios
500Qi00000KolgAIAR,00557370,2024-11-03 22:11:16,Closed,AAM - Equipos pegados en el sistema,Claudio Ponce,N/A,N/A,Sin comentarios
500Qi00000KpAY5IAN,00557394,2024-11-04 01:48:39,Closed,CNRT - Poligonos borrados,Claudio Ponce,N/A,N/A,Sin comentarios
500Qi00000KpBcGIAV,00557398,2024-11-04 03:23:14,Closed,AMZAL - Detalles pozos perforados no aparece,Claudio Ponce,N/A,N/A,Sin comentarios
500Qi00000KpyeZIAR,00557417,2024-11-04 09:52:03,Closed,AMZAL - Revision S04,Ricardo Rubio,N/A,N/A,Sin comentarios
500Qi00000KqXMGIA3,00557433,2024-11-04 13:07:31,Closed,CAPCNN - Cambiar Leyes Noviembre,Ricardo Rubio,N/A,N/A,Sin comentarios
500Qi00000KqUQ1IAN,00557435,2024-11-04 13:14:23,Closed,AMZAL - Revision Perforadora D15,Ricardo Rubio,N/A,N/A,Sin comentarios
500Qi00000KrhgCIAR,00557472,2024-11-04 18:37:32,Closed,MLCC - Revision C318,Ricardo Rubio,N/A,N/A,Sin comentarios
500Qi00000KsQQDIA3,00557481,2024-11-04 20:46:23,Closed,MLCC - Solicita Baja de Servicios: JORGE ALEJANDRO BRAVO RIVERA // -Baja cuenta hexagon - RITM00000834466,Claudio Ponce,N/A,N/A,Sin comentarios
500Qi00000KtaXJIAZ,00557527,2024-11-05 10:19:25,Closed,CAPCNN - Cambiar Factor de Carga Octubre,Ricardo Rubio,N/A,N/A,Sin comentarios
500Qi00000Kuz5LIAR,00557566,2024-11-05 17:06:29,Closed,MLCC - Creacion de cuenta Jview,Roberto Maldonado,N/A,N/A,Sin comentarios
500Qi00000KvlrXIAR,00557579,2024-11-05 19:49:59,Closed,MLCC - Volver a Cargar Planes,Claudio Ponce,N/A,N/A,Sin comentarios
500Qi00000Kva6XIAR,00557580,2024-11-05 20:04:09,Closed,AMZAL - Revision Cubos,Roberto Maldonado,N/A,N/A,Sin comentarios
500Qi00000Kw41LIAR,00557592,2024-11-05 21:41:19,Closed,CNDMH - C715 sin gps,Claudio Ponce,N/A,N/A,Sin comentarios
500Qi00000KwGCBIA3,00557607,2024-11-06 01:19:09,Closed,AMCEN - Solicitud de revision de C122,Claudio Ponce,N/A,N/A,Sin comentarios
500Qi00000KwRynIAF,00557610,2024-11-06 02:00:54,Closed,AMZAL - Sin acceso a mineops,Claudio Ponce,N/A,N/A,Sin comentarios
500Qi00000KwOZWIA3,00557612,2024-11-06 02:31:51,Closed,AAM - Reportes pegados desde las 23:00 hrs.,Claudio Ponce,N/A,N/A,Sin comentarios
500Qi00000Kx8KcIAJ,00557634,2024-11-06 09:29:25,Closed,MLCC - Subir Plan mensual,Roberto Maldonado,N/A,N/A,Sin comentarios
500Qi00000Kx4VXIAZ,00557635,2024-11-06 09:30:03,Closed,MLCC - Revisión GPS Perforadora 104,Roberto Maldonado,N/A,N/A,Sin comentarios
500Qi00000KxgChIAJ,00557664,2024-11-06 13:05:11,Closed,CAPCNN - Se solicita sumarizar mes de Octubre,Roberto Maldonado,N/A,N/A,Sin comentarios
500Qi00000KzD6XIAV,00557706,2024-11-06 19:49:21,Closed,AMCEN - Sumarización octubre,Gustavo Cheng,N/A,N/A,Sin comentarios
500Qi00000KzemcIAB,00557724,2024-11-06 21:25:06,Closed,CNRT - Sumarizar 30 y 31 de octubre,Gustavo Cheng,N/A,N/A,Sin comentarios
500Qi00000KzfKXIAZ,00557729,2024-11-06 23:18:08,Closed,AMCEN - Revisar perforadora 8 sin gps,Gustavo Cheng,N/A,N/A,Sin comentarios
500Qi00000KzpYMIAZ,00557730,2024-11-06 23:20:16,Closed,CNCHUQ - Revisar camión 517,Gustavo Cheng,N/A,N/A,Sin comentarios
500Qi00000L01xnIAB,00557746,2024-11-07 01:59:20,Closed,AMCEN - Revisar camión 135,Gustavo Cheng,N/A,N/A,Sin comentarios
500Qi00000L16thIAB,00557806,2024-11-07 10:25:53,Closed,MAGSA - Upgrade UHP a Core TK388,Roberto Maldonado,N/A,N/A,Sin comentarios
500Qi00000L1fmdIAB,00557818,2024-11-07 12:36:28,Closed,Monitoreo - MAGSA - Caida de tunel,Roberto Maldonado,N/A,N/A,Sin comentarios
500Qi00000L24eaIAB,00557833,2024-11-07 14:40:59,Closed,Monitoreo - MLCC - Encolamiento run2,Roberto Maldonado,N/A,N/A,Sin comentarios
500Qi00000L3JjZIAV,00557851,2024-11-07 19:07:30,Closed,CAPCNN - Crear hazard barra quedada,Roberto Maldonado,N/A,N/A,Sin comentarios
500Qi00000L3cnpIAB,00557855,2024-11-07 20:38:11,Closed,AMCEN - Factores de carga octubre,Gustavo Cheng,N/A,N/A,Sin comentarios
500Qi00000L3QJgIAN,00557856,2024-11-07 20:39:11,Closed,CNDMH - Revisar C327 no actualiza pantalla,Gustavo Cheng,N/A,N/A,Sin comentarios
500Qi00000L4029IAB,00557885,2024-11-07 23:40:56,Closed,AAM - Revisar camión 30 sin gps,Gustavo Cheng,N/A,N/A,Sin comentarios
500Qi00000L4KyXIAV,00557895,2024-11-08 02:57:09,Closed,AMCEN - Revisar PA26 pantalla pegada,Gustavo Cheng,N/A,N/A,Sin comentarios
500Qi00000L4zSHIAZ,00557919,2024-11-08 09:21:58,Closed,DMH - Jview desactualizado,Roberto Maldonado,N/A,N/A,Sin comentarios
500Qi00000L50piIAB,00557920,2024-11-08 09:31:16,Closed,MLCC - Revision CAEX 331,Roberto Maldonado,N/A,N/A,Sin comentarios
500Qi00000L6ivDIAR,00557949,2024-11-08 14:57:17,Closed,AMCEN - Sumarizar dia 31-10,Roberto Maldonado,N/A,N/A,Sin comentarios
500Qi00000L6pyGIAR,00557953,2024-11-08 15:24:45,Closed,DMH - Sin centroides día 07-11,Roberto Maldonado,N/A,N/A,Sin comentarios
500Qi00000L7U25IAF,00557959,2024-11-08 17:09:51,Closed,DMH - Caex asignados a palas restringidas.,Roberto Maldonado,N/A,N/A,Sin comentarios
500Qi00000L7viDIAR,00557963,2024-11-08 19:27:14,Closed,AMZAL - No se puede borrar algunos dibujos.,Roberto Maldonado,N/A,N/A,Sin comentarios
500Qi00000L7vofIAB,00557964,2024-11-08 19:28:57,Closed,MAGSA - No se puede subir resubir una malla,Gustavo Cheng,N/A,N/A,Sin comentarios
500Qi00000L8DqPIAV,00557984,2024-11-08 21:15:46,Closed,AMZAL - Sin actualización en JView,Gustavo Cheng,N/A,N/A,Sin comentarios
500Qi00000L8WHxIAN,00557987,2024-11-09 00:13:13,Closed,MLCC - Destinos duplicados,Gustavo Cheng,N/A,N/A,Sin comentarios
500Qi00000L8hRwIAJ,00558022,2024-11-09 04:26:54,Closed,CNDMH - Pala602 con gps intermitente,Gustavo Cheng,N/A,N/A,Sin comentarios
500Qi00000L8naXIAR,00558023,2024-11-09 04:27:38,Closed,AMCEN - Revisar PA211 GPS intermitente,Gustavo Cheng,N/A,N/A,Sin comentarios
500Qi00000L8w1BIAR,00558063,2024-11-09 07:39:29,Closed,CNRT - No aparece malla para seleccionar en pantalla,Gustavo Cheng,N/A,N/A,Sin comentarios
500Qi00000L95pBIAR,00558064,2024-11-09 08:43:43,Closed,CNCHUQ - Jview se cierra,Roberto Maldonado,N/A,N/A,Sin comentarios
500Qi00000L95ikIAB,00558065,2024-11-09 08:47:56,Closed,MAGSA - Revisión equipo TK388,Roberto Maldonado,N/A,N/A,Sin comentarios
500Qi00000L99soIAB,00558067,2024-11-09 10:50:45,Closed,MLCC - Revisión L220,Roberto Maldonado,N/A,N/A,Sin comentarios
500Qi00000L9IsrIAF,00558069,2024-11-09 11:14:19,Closed,"DMH - Jview, reporte vueltas Manuales sin data.",Roberto Maldonado,N/A,N/A,Sin comentarios
500Qi00000L9LHGIA3,00558070,2024-11-09 12:29:03,Closed,CNCHUQ - Hazard no se reflejan en sistema,Roberto Maldonado,N/A,N/A,Sin comentarios
500Qi00000L9S96IAF,00558075,2024-11-09 14:25:23,Closed,AAM - Caex 2CAM8390 sin vueltas,Roberto Maldonado,N/A,N/A,Sin comentarios
500Qi00000L9QNTIA3,00558076,2024-11-09 14:46:17,Closed,Monitoreo - MLCC - Encolamiento backup run2,Roberto Maldonado,N/A,N/A,Sin comentarios
500Qi00000L9bXQIAZ,00558079,2024-11-09 16:09:22,Closed,AMZAL - Sin acceso a jmineops,Roberto Maldonado,N/A,N/A,Sin comentarios
500Qi00000L9q9mIAB,00558084,2024-11-09 19:22:27,Closed,MAGSA - upgrade a core DR470,Claudio Ponce,N/A,N/A,Sin comentarios
500Qi00000L9wNHIAZ,00558085,2024-11-09 19:58:09,Closed,AMZAL - Revision de servidor por lentitud,Gustavo Cheng,N/A,N/A,Sin comentarios
500Qi00000LADBDIA5,00558109,2024-11-10 00:29:36,Closed,CNDMH - Revisar pala 203,Armando Mestanza,N/A,N/A,Sin comentarios
500Qi00000LAkYXIA1,00558115,2024-11-10 07:27:36,Closed,CNDMH - Revisar pala 206,Armando Mestanza,N/A,N/A,Sin comentarios
500Qi00000LAgulIAD,00558116,2024-11-10 08:18:42,Closed,AMZAL - Revisión H45,Roberto Maldonado,N/A,N/A,Sin comentarios
500Qi00000LAt5bIAD,00558131,2024-11-10 09:46:52,Closed,CNRT - Revisión por cambio de destino PA205,Roberto Maldonado,N/A,N/A,Sin comentarios
500Qi00000LB0odIAD,00558134,2024-11-10 12:07:17,Closed,MAGSA - Subir malla F8-4550-16,Roberto Maldonado,N/A,N/A,Sin comentarios
500Qi00000LBgMRIA1,00558183,2024-11-10 21:53:16,Closed,AMCEN - Revisar C131,Gustavo Cheng,N/A,N/A,Sin comentarios
500Qi00000LC6vBIAT,00558206,2024-11-11 02:34:46,Closed,MLCC - Destinos duplicados,Gustavo Cheng,N/A,N/A,Sin comentarios
500Qi00000LCSNqIAP,00558216,2024-11-11 06:38:15,Closed,MLCC - Ubicación incorrecta del L221,Gustavo Cheng,N/A,N/A,Sin comentarios
500Qi00000LCcyJIAT,00558228,2024-11-11 08:30:27,Closed,Mantoverde - Sumarización,Roberto Maldonado,N/A,N/A,Sin comentarios
500Qi00000LCjwZIAT,00558230,2024-11-11 08:51:58,Closed,CNDMH - Revisar CAEX 322 327 y 507,Roberto Maldonado,N/A,N/A,Sin comentarios
500Qi00000LDiaHIAT,00558295,2024-11-11 14:32:53,Closed,CAPCNN - Revisión cargadores Frontales,Roberto Maldonado,N/A,N/A,Sin comentarios
500Qi00000LE4NqIAL,00558308,2024-11-11 15:13:07,Closed,DMH - HPGPS info is not being generate,Armando Mestanza,N/A,N/A,Sin comentarios
500Qi00000LEb8TIAT,00558335,2024-11-11 17:32:20,Closed,MLCC - Apoyo Forcast,Roberto Maldonado,N/A,N/A,Sin comentarios
500Qi00000LEbOdIAL,00558344,2024-11-11 17:55:36,Closed,MLCC - No se le permite a CAEX descargar.,Mauricio Estay,N/A,N/A,Sin comentarios
500Qi00000LEhDuIAL,00558345,2024-11-11 18:07:44,Closed,MLCC - Revision L221,Roberto Maldonado,N/A,N/A,Sin comentarios
500Qi00000LEok4IAD,00558349,2024-11-11 18:55:04,Closed,MAGSA - upgrade a core DR471,Claudio Ponce,N/A,N/A,Sin comentarios
500Qi00000LErZqIAL,00558353,2024-11-11 19:12:10,Closed,DMH - External router role does not work in X900 screens,Armando Mestanza,N/A,N/A,Sin comentarios
500Qi00000LFRdJIAX,00558380,2024-11-11 23:03:23,Closed,Monitoreo - Magsa - Sumarizador con problemas. No terminaba su ciclo porque se cruzaba con el backup,Mauricio Estay,N/A,N/A,Sin comentarios
500Qi00000LFmLBIA1,00558397,2024-11-12 02:37:14,Closed,MLCC - Joseph Anes solicita sumarizar desde el dia 06 a las 20:00 al dia de hoy,Mauricio Estay,N/A,N/A,Sin comentarios
500Qi00000LFotFIAT,00558399,2024-11-12 03:05:18,Closed,CNDMH - Actualizacion versioin 2.8-006.009 a C304,Mauricio Estay,N/A,N/A,Sin comentarios
500Qi00000LG3dlIAD,00558409,2024-11-12 05:28:38,Closed,Monitoreo - CNCHUQ - Sumarizador no termina proceso porque se cruza con el backup,Mauricio Estay,N/A,N/A,Sin comentarios
500Qi00000LGFa9IAH,00558419,2024-11-12 07:34:16,Closed,"Monitoreo - AMCEN - MineEnterprise CAS sin datos, por problemas de actualizacion",Mauricio Estay,N/A,N/A,Sin comentarios
500Qi00000LGMN6IAP,00558431,2024-11-12 09:54:42,Closed,AMZAL - Creación de suscripción de reporte Parámetros de perforación.,Mauricio Estay,N/A,N/A,Sin comentarios
500Qi00000LGlYUIA1,00558454,2024-11-12 11:41:57,Closed,MAGSA - Subir malla TD-F8-4340-12,Roberto Maldonado,N/A,N/A,Sin comentarios
500Qi00000LJOliIAH,00558510,2024-11-12 22:42:11,Closed,CNDMH - Tecnico solicita apoyo con P212 que no tiene comunicacion en mineops pero si en CAS,Mauricio Estay,N/A,N/A,Sin comentarios
500Qi00000LJHabIAH,00558514,2024-11-12 23:21:35,Closed,AMZAL - Freddy Quispe comenta que L13 tiene problemas de GPS,Mauricio Estay,N/A,N/A,Sin comentarios
500Qi00000LJXtpIAH,00558519,2024-11-13 00:06:01,Closed,"MLCC -  Habilitar acceso a Jigsaw/MineOps para el usuario Pablo Gavilán, homologando el perfil de Cristian Chandia",Mauricio Estay,N/A,N/A,Sin comentarios
500Qi00000LMhYaIAL,00558622,2024-11-13 18:24:39,Closed,AMZAL- Desfase de linea de excavación del equipo L12,Gustavo Cheng,N/A,N/A,Sin comentarios
500Qi00000LMypTIAT,00558627,2024-11-13 19:20:39,Closed,MLCC- Código de Demora borrado,Gustavo Cheng,N/A,N/A,Sin comentarios
500Qi00000LN0XyIAL,00558633,2024-11-13 19:55:35,Closed,MLCC- Solicitud de revisión de equipos por cambio de actividad durante proceso de cargado,Tomas Jimenez,N/A,N/A,Sin comentarios
500Qi00000LPd28IAD,00558675,2024-11-14 03:57:19,Closed,CNDMH - Revision Equipos Fase 8,Ricardo Rubio,N/A,N/A,Sin comentarios
500Qi00000LPirPIAT,00558677,2024-11-14 04:18:40,Closed,AMZAL - Revision L12,Ricardo Rubio,N/A,N/A,Sin comentarios
500Qi00000LQ0RhIAL,00558685,2024-11-14 06:04:36,Closed,CNCHUQ - Revision C473,Ricardo Rubio,N/A,N/A,Sin comentarios
500Qi00000LQRTWIA5,00558705,2024-11-14 09:34:10,Closed,"CNRT -  En el reporte Indicadores Preliminares, en el item cargadores frontales, falta el equipo PA722",Mauricio Estay,N/A,N/A,Sin comentarios
500Qi00000LQd02IAD,00558709,2024-11-14 11:03:48,Closed,MAGSA - Pantalla Bulldozer de Alta Precisión en Español NAV,Nelson Donoso,N/A,N/A,Sin comentarios
500Qi00000LS7orIAD,00558743,2024-11-14 17:22:59,Assigned,MAGSA - X900 screen does not load NAV settings for Bull HP,Nelson Donoso,N/A,N/A,Sin comentarios
500Qi00000LSzEDIA1,00558753,2024-11-14 19:15:42,Closed,monitoreo- AMZAL-El sistema de monitoreo informo que existía una caída de la red.,Tomas Jimenez,N/A,N/A,Sin comentarios
500Qi00000LT3uXIAT,00558754,2024-11-14 19:27:49,Closed,CNDMH- Perforadora 106 no puede cargar mallas,Tomas Jimenez,N/A,N/A,Sin comentarios
500Qi00000LUDVEIA5,00558803,2024-11-15 03:55:39,Closed,CNDMH - Revisar C342,Ricardo Rubio,N/A,N/A,Sin comentarios
500Qi00000LUBRmIAP,00558804,2024-11-15 04:08:41,Closed,CNMS - Revision C463,Ricardo Rubio,N/A,N/A,Sin comentarios
500Qi00000LUKy5IAH,00558805,2024-11-15 04:15:28,Closed,CNDMH - Revisar Jview,Ricardo Rubio,N/A,N/A,Sin comentarios
500Qi00000LWRQuIAP,00558851,2024-11-15 16:52:58,Closed,CNDMH- Solicitud de Modificación vista medio turno para operadores de equipo Aux.,Tomas Jimenez,N/A,N/A,Sin comentarios
500Qi00000LXaNCIA1,00558874,2024-11-16 00:21:50,Closed,15-11-2024 MLCC- C333 desaparece del mapa y se le debe cambiar el estado de forma manual por despacho,Tomas Jimenez,N/A,N/A,Sin comentarios
500Qi00000LXcFLIA1,00558875,2024-11-16 00:35:25,Closed,15-11-2024 CNN- Revisión equipo CE05,Tomas Jimenez,N/A,N/A,Sin comentarios
500Qi00000LXfebIAD,00558876,2024-11-16 00:42:42,Closed,15-11-2024 MLCC- sumarización 01 a 06 de noviembre,Tomas Jimenez,N/A,N/A,Sin comentarios
500Qi00000LXdD3IAL,00558878,2024-11-16 01:03:19,Closed,CNN- revisión plm CE05,Tomas Jimenez,N/A,N/A,Sin comentarios
500Qi00000LYJP8IAP,00558889,2024-11-16 05:48:46,Closed,AMCEN - Revision C42,Ricardo Rubio,N/A,N/A,Sin comentarios
500Qi00000LYi93IAD,00558892,2024-11-16 09:32:52,Closed,Monitoreo - CNN - Se pierde conexion con los servidores a través de la VPN,Mauricio Estay,N/A,N/A,Sin comentarios
500Qi00000LYoskIAD,00558894,2024-11-16 09:50:52,Closed,"CNDMH  - Francisco tecnico de DMH solicita revisar C327, comprobar si tiene comunicacion y datos de Vims",Mauricio Estay,N/A,N/A,Sin comentarios
500Qi00000LYtfXIAT,00558899,2024-11-16 11:09:37,Closed,CNRT - Despacho solicita mover posicion del cargador PA757 al punto de carga,Mauricio Estay,N/A,N/A,Sin comentarios
500Qi00000LYvJAIA1,00558906,2024-11-16 12:26:39,Closed,Monitoreo - AMCEN - Sumarizador encolado,Mauricio Estay,N/A,N/A,Sin comentarios
500Qi00000LZ4MPIA1,00558909,2024-11-16 12:42:55,Closed,Monitoreo - MLCC - Proceso replica sqlserver run2 encolado,Mauricio Estay,N/A,N/A,Sin comentarios
500Qi00000LZOZdIAP,00558921,2024-11-16 16:45:21,Closed,CNRT - Creacion de Bull TR467,Mauricio Estay,N/A,N/A,Sin comentarios
500Qi00000LZUtZIAX,00558922,2024-11-16 18:00:35,Closed,AMZAL - Solicitud de acceso a informacion información asociada a los tiempos por tramo de toda la flota de caex según condición de pendiente,Mauricio Estay,N/A,N/A,Sin comentarios
500Qi00000LZVb7IAH,00558924,2024-11-16 18:07:00,Closed,CNCHUQ - Tecnico llama comentando que despacho indica que se estan enviando todos los caex a petrolear,Mauricio Estay,N/A,N/A,Sin comentarios
500Qi00000LZmgnIAD,00558926,2024-11-16 21:15:20,Closed,CNRT - Revision Perforadora PE114,Ricardo Rubio,N/A,N/A,Sin comentarios
500Qi00000LZzVzIAL,00558928,2024-11-17 00:37:17,Closed,CNMS - Revision C460,Ricardo Rubio,N/A,N/A,Sin comentarios
500Qi00000LaR7FIAV,00558933,2024-11-17 05:44:26,Closed,CNRT - Revision Perforadora PE-03,Ricardo Rubio,N/A,N/A,Sin comentarios
500Qi00000LaPYUIA3,00558934,2024-11-17 05:48:41,Closed,CNRT - Revision Perforadora PE115,Ricardo Rubio,N/A,N/A,Sin comentarios
500Qi00000LaTAiIAN,00558936,2024-11-17 06:36:51,Closed,Monitoreo - AMCEN - Replica SQL no termina,Ricardo Rubio,N/A,N/A,Sin comentarios
500Qi00000LapCnIAJ,00558938,2024-11-17 11:49:04,Closed,CNCHUQ - Tronada F49S-B2752D cambia su elevacion a 0 constantemente,Mauricio Estay,N/A,N/A,Sin comentarios
500Qi00000LarrJIAR,00558939,2024-11-17 12:24:30,Closed,"AMANT - Angelo tecnico en terreno solicita apoyo con perforadora D01 que no muestra correctamente su posicion, encontrandose cerca de zona de tronadura",Mauricio Estay,N/A,N/A,Sin comentarios
500Qi00000Lay1bIAB,00558963,2024-11-17 14:40:38,Closed,CNRT - Despacho comenta que C906 tiene 2 vueltas menos,Mauricio Estay,N/A,N/A,Sin comentarios
500Qi00000LbEZPIA3,00558972,2024-11-17 17:29:54,Closed,Monitoreo - MLCC - Proceso replica sqlserver run2 encolado,Mauricio Estay,N/A,N/A,Sin comentarios
500Qi00000LbI8MIAV,00558973,2024-11-17 17:59:35,Closed,AMANT - Revisar Perfo D04 comentan que no cambia estados,Mauricio Estay,N/A,N/A,Sin comentarios
500Qi00000LbnQgIAJ,00559011,2024-11-17 23:34:12,Closed,AAM - MineOps Pegado,Ricardo Rubio,N/A,N/A,Sin comentarios
500Qi00000Lbo8DIAR,00559012,2024-11-17 23:35:18,Closed,AMCEN - Caida MineOps,Ricardo Rubio,N/A,N/A,Sin comentarios
500Qi00000Lc2eHIAR,00559048,2024-11-18 04:11:06,Closed,MLCC - Cargador L221 cambia de manterial,Ricardo Rubio,N/A,N/A,Sin comentarios
500Qi00000Lc15TIAR,00559049,2024-11-18 04:12:29,Closed,AMCEN - Sumarizar del 1 al 16 de Noviembre.,Ricardo Rubio,N/A,N/A,Sin comentarios
500Qi00000Lc9hLIAR,00559050,2024-11-18 04:24:30,Closed,MLCC - Revision Perforadora D103,Ricardo Rubio,N/A,N/A,Sin comentarios
500Qi00000Ldz2pIAB,00559101,2024-11-18 14:44:46,Closed,MLCC- Creación cuenta MineOps,Tomas Jimenez,N/A,N/A,Sin comentarios
500Qi00000LgGlpIAF,00559182,2024-11-19 04:07:18,Closed,CNDMH - Revision R507,Ricardo Rubio,N/A,N/A,Sin comentarios
500Qi00000LgGsHIAV,00559183,2024-11-19 04:07:48,Closed,CNDMH - Revision P211,Ricardo Rubio,N/A,N/A,Sin comentarios
500Qi00000LgHLJIA3,00559184,2024-11-19 04:09:57,Closed,AMZAL - Revision L13,Ricardo Rubio,N/A,N/A,Sin comentarios
500Qi00000LgOeZIAV,00559195,2024-11-19 06:34:28,Closed,AMZAL - Sumarizar todo el dia 18 de Noviembre,Ricardo Rubio,N/A,N/A,Sin comentarios
500Qi00000LjPkXIAV,00559273,2024-11-19 20:03:18,Closed,MLCC- No se fija asignación dada a camiones,Tomas Jimenez,N/A,N/A,Sin comentarios
500Qi00000LjRXpIAN,00559276,2024-11-19 20:17:00,Closed,CNN- Perforadora 06 con sistema mal instalado,Tomas Jimenez,N/A,N/A,Sin comentarios
500Qi00000LjsrNIAR,00559300,2024-11-19 23:58:05,Closed,CNDMH - Revision W421,Ricardo Rubio,N/A,N/A,Sin comentarios
500Qi00000LjsL8IAJ,00559301,2024-11-19 23:59:04,Closed,CNDMH - Revision Equipos de Alta Presicion,Ricardo Rubio,N/A,N/A,Sin comentarios
500Qi00000LjqspIAB,00559303,2024-11-20 00:06:23,Closed,Monitoreo - CAPCNN - Sin comunicacion Servidor,Ricardo Rubio,N/A,N/A,Sin comentarios
500Qi00000LjmZ5IAJ,00559307,2024-11-20 01:02:20,Closed,AMCEN - Revision Perforadora PE1,Ricardo Rubio,N/A,N/A,Sin comentarios
500Qi00000Lm2QBIAZ,00559374,2024-11-20 15:04:11,Closed,MLCC - Perforadora D103 sin precisión de gps,South American Support Q,N/A,N/A,Sin comentarios
500Qi00000LnfvZIAR,00559423,2024-11-20 22:37:51,Closed,CNDMH - Revisar P201 problema con su GPS,Roberto Maldonado,N/A,N/A,Sin comentarios
500Qi00000LnaG1IAJ,00559439,2024-11-20 23:53:31,Closed,CNRT - Revisión Malla no se puede seleccionar en equipo,Roberto Maldonado,N/A,N/A,Sin comentarios
500Qi00000LnjrBIAR,00559444,2024-11-21 00:50:44,Closed,Mantoverde - Revisión de Camión CEKO032,Roberto Maldonado,N/A,N/A,Sin comentarios
500Qi00000LnwbTIAR,00559454,2024-11-21 02:50:18,Closed,Monitoreo - AMCEN - Caída de servicios OAS,Roberto Maldonado,N/A,N/A,Sin comentarios
500Qi00000Lp2gTIAR,00559481,2024-11-21 11:15:26,Closed,MLCC - Revisión pala P201,Gustavo Cheng,N/A,N/A,Sin comentarios
500Qi00000LpbvxIAB,00559511,2024-11-21 13:50:58,Closed,CNDMH - Revisar moto M416,Gustavo Cheng,N/A,N/A,Sin comentarios
500Qi00000LqMMwIAN,00559520,2024-11-21 16:42:17,Closed,MLCC - Revisar cargador frontal L221,Gustavo Cheng,N/A,N/A,Sin comentarios
500Qi00000LrJ8UIAV,00559544,2024-11-21 19:53:55,Closed,AMCEN - Actualizar device TO04,Gustavo Cheng,N/A,N/A,Sin comentarios
500Qi00000LrE2OIAV,00559548,2024-11-21 20:32:54,Closed,AMCEN - restaurar cuenta Eduardo Villalon en Mineops,Roberto Maldonado,N/A,N/A,Sin comentarios
500Qi00000LrQRjIAN,00559551,2024-11-21 21:42:53,Closed,AMCEN - Encolamiento de importadores drawing,Roberto Maldonado,N/A,N/A,Sin comentarios
500Qi00000LsDQpIAN,00559576,2024-11-22 03:02:46,Closed,Mantoverde - Sumarizar,Roberto Maldonado,N/A,N/A,Sin comentarios
500Qi00000Ltb4TIAR,00559681,2024-11-22 12:02:56,Closed,MLCC - Revisión perforadora D103,Gustavo Cheng,N/A,N/A,Sin comentarios
500Qi00000LudaTIAR,00559720,2024-11-22 16:18:15,Closed,CNDMH - Vista cargas por turno sin datos,Gustavo Cheng,N/A,N/A,Sin comentarios
500Qi00000Lvf2LIAR,00559731,2024-11-22 21:20:36,Closed,Mantoverde - Revisión de Camión 2CAM8390,Roberto Maldonado,N/A,N/A,Sin comentarios
500Qi00000Lw0y1IAB,00559744,2024-11-23 01:15:56,Closed,DMH - CF756 no se puede abrir VNC,Roberto Maldonado,N/A,N/A,Sin comentarios
500Qi00000LwQxKIAV,00559757,2024-11-23 05:44:45,Closed,DMH - Reinicio de pantalla C341,Roberto Maldonado,N/A,N/A,Sin comentarios
500Qi00000Lwir0IAB,00559761,2024-11-23 10:58:45,Closed,CNDMH - Revisar moto M441,Gustavo Cheng,N/A,N/A,Sin comentarios
500Qi00000Lwmt2IAB,00559762,2024-11-23 11:10:24,Closed,CNDMH - Revisar datos descargas,Ricardo Rubio,N/A,N/A,Sin comentarios
500Qi00000Lx3YuIAJ,00559768,2024-11-23 13:57:17,Closed,CNDRT - Revisar datos de CAS,Roberto Maldonado,N/A,N/A,Sin comentarios
500Qi00000LxTl7IAF,00559778,2024-11-23 23:55:11,Closed,MLCC - Revisión H33,Roberto Maldonado,N/A,N/A,Sin comentarios
500Qi00000LxnrpIAB,00559779,2024-11-23 23:55:56,Closed,MLCC - Encolamiento importadores,Roberto Maldonado,N/A,N/A,Sin comentarios
500Qi00000LydYgIAJ,00559810,2024-11-24 12:48:03,Closed,CNRT - Equipos de alta sin gps,Gustavo Cheng,N/A,N/A,Sin comentarios
500Qi00000LygrYIAR,00559813,2024-11-24 14:01:30,Closed,CNDMH - Revisar C706 sin VNC,Gustavo Cheng,N/A,N/A,Sin comentarios
500Qi00000LynbFIAR,00559814,2024-11-24 14:18:13,Closed,MLCC - Camiones a reserva,Gustavo Cheng,N/A,N/A,Sin comentarios
500Qi00000Lz5t7IAB,00559835,2024-11-24 18:26:47,Closed,AMCEN - No actualizan cubos,Gustavo Cheng,N/A,N/A,Sin comentarios
500Qi00000LzFFlIAN,00559853,2024-11-24 20:31:03,Closed,AMZAL - Revisión de equipo S04,Roberto Maldonado,N/A,N/A,Sin comentarios
500Qi00000LzFFmIAN,00559854,2024-11-24 20:32:46,Closed,DMH - Revisión de equipo C345,Roberto Maldonado,N/A,N/A,Sin comentarios
500Qi00000LzGdFIAV,00559855,2024-11-24 20:45:55,Closed,AMCEN - Revisión de cuenta Mineops Roberto Rojas,Roberto Maldonado,N/A,N/A,Sin comentarios
500Qi00000LzalfIAB,00559876,2024-11-25 01:28:25,Closed,CNDRT - Revisar malla 2585F35/202roc,Roberto Maldonado,N/A,N/A,Sin comentarios
500Qi00000M0ZKTIA3,00559938,2024-11-25 10:02:54,Closed,MLCC - Revisar camión 324,Gustavo Cheng,N/A,N/A,Sin comentarios
500Qi00000M1tHCIAZ,00560057,2024-11-25 14:54:26,Closed,MLCC - Camiones se pasan a esperando cuando se detienen,Gustavo Cheng,N/A,N/A,Sin comentarios
500Qi00000M3VCHIA3,00560114,2024-11-25 21:37:36,Closed,AMZAL - Revisión horas mensuales de estados,Roberto Maldonado,N/A,N/A,Sin comentarios
500Qi00000M57VdIAJ,00560201,2024-11-26 11:18:58,Closed,AAM - Asignación de certificado,Roberto Maldonado,N/A,N/A,Sin comentarios
500Qi00000M6XvwIAF,00560265,2024-11-26 17:31:29,Closed,Monitoreo - MLCC - Importadores pegados,Gustavo Cheng,N/A,N/A,Sin comentarios
500Qi00000M6adgIAB,00560266,2024-11-26 17:34:40,Closed,MLCC - No actualizan planillas excel,South American Support Q,N/A,N/A,Sin comentarios
500Qi00000M7QNlIAN,00560286,2024-11-26 22:02:43,Closed,CNRI - Subir archivos Diglimit,Roberto Maldonado,N/A,N/A,Sin comentarios
500Qi00000M7PJbIAN,00560290,2024-11-26 23:25:28,Closed,MLCC - D101 problemas de posicionamiento,Roberto Maldonado,N/A,N/A,Sin comentarios
500Qi00000M7eXAIAZ,00560297,2024-11-27 01:00:19,Closed,DMH - Revisión de equipos de alta precisión.,Roberto Maldonado,N/A,N/A,Sin comentarios
500Qi00000M8uwPIAR,00560385,2024-11-27 11:01:47,Closed,MLCC - Baja de Cuenta,Ricardo Rubio,N/A,N/A,Sin comentarios
500Qi00000M98GEIAZ,00560399,2024-11-27 12:07:31,Closed,MLCC - Subir Malla al Sistema,Ricardo Rubio,N/A,N/A,Sin comentarios
500Qi00000M9o94IAB,00560465,2024-11-27 16:26:29,Closed,MLCC - Reporte Check List Preoperacional,Ricardo Rubio,N/A,N/A,Sin comentarios
500Qi00000MA3WGIA1,00560468,2024-11-27 17:07:13,Closed,AMZAL - Solicitud de tabla by_cycle_time,Ricardo Rubio,N/A,N/A,Sin comentarios
500Qi00000MAIrqIAH,00560473,2024-11-27 18:08:45,Closed,MLCC - Restablecer contraseña MineOps,Ricardo Rubio,N/A,N/A,Sin comentarios
500Qi00000MAItcIAH,00560475,2024-11-27 18:14:35,Closed,Monitoreo - AMZAL - Sin Comunicacion Servidor,Ricardo Rubio,N/A,N/A,Sin comentarios
500Qi00000MAmBdIAL,00560485,2024-11-27 21:18:52,Closed,AMZAL - Sumarizacion 01 al 26 noviembre,Claudio Ponce,N/A,N/A,Sin comentarios
500Qi00000MArurIAD,00560487,2024-11-27 22:22:13,Closed,CNRT - Perforadora R06 pantalla pegada,Claudio Ponce,N/A,N/A,Sin comentarios
500Qi00000MAsSLIA1,00560488,2024-11-27 22:23:03,Closed,CNRT - Recuperar  BOT-DESARROLLOS,Claudio Ponce,N/A,N/A,Sin comentarios
500Qi00000MB0PrIAL,00560495,2024-11-27 23:44:53,Closed,AMCEN - Solicitud de revision CF232,Claudio Ponce,N/A,N/A,Sin comentarios
500Qi00000MC9RBIA1,00560573,2024-11-28 13:05:03,Closed,AMZAL - Sumarizar del 18 al 20 de Noviembre,Ricardo Rubio,N/A,N/A,Sin comentarios
500Qi00000MCUvNIAX,00560585,2024-11-28 16:41:00,Closed,MAGSA - LP Drills do not display drill patterns,Armando Mestanza,N/A,N/A,Sin comentarios
500Qi00000MCchZIAT,00560591,2024-11-28 17:18:00,Closed,Monitoreo - CNMS - Sin comuncacion a los Servidores,Ricardo Rubio,N/A,N/A,Sin comentarios
500Qi00000MChEDIA1,00560596,2024-11-28 18:22:56,Closed,Monitoreo - CAPCNN - Sin comunicacion Servidor,Ricardo Rubio,N/A,N/A,Sin comentarios
500Qi00000MCrYXIA1,00560608,2024-11-28 20:03:03,Closed,Monitoreo - MAGSA - Error Log Sumarizador,Ricardo Rubio,N/A,N/A,Sin comentarios
500Qi00000MCquIIAT,00560615,2024-11-28 21:35:39,Closed,CNCHUQ - Niveles de combustible bajan rapidamente,Claudio Ponce,N/A,N/A,Sin comentarios
500Qi00000MD4PJIA1,00560622,2024-11-28 23:02:38,Closed,AMCEN - Solicitud de revision Jmineops en GIO y PA7,Claudio Ponce,N/A,N/A,Sin comentarios
500Qi00000MCzshIAD,00560623,2024-11-28 23:10:02,Closed,CNDMH - C738 actualizar jams,Claudio Ponce,N/A,N/A,Sin comentarios
500Qi00000MDcCWIA1,00560645,2024-11-29 06:40:39,Closed,CNRT - PE117 no carga malla de perforacion,Claudio Ponce,N/A,N/A,Sin comentarios
500Qi00000MEwtuIAD,00560741,2024-11-29 19:11:45,Closed,MLCC - Subir Poligono DigLimit al sistema,Ricardo Rubio,N/A,N/A,Sin comentarios
500Qi00000MEnFfIAL,00560742,2024-11-29 19:13:10,Closed,CAPCNN - Crear Hazard,Ricardo Rubio,N/A,N/A,Sin comentarios
500Qi00000MF0ZJIA1,00560743,2024-11-29 19:27:37,Closed,Monitoreo - MLCC - Sin Comunicacion Servidor,Ricardo Rubio,N/A,N/A,Sin comentarios
500Qi00000MEkxhIAD,00560744,2024-11-29 19:32:08,Closed,Monitoreo - AAM - Sin Comunicacion Servidores,Ricardo Rubio,N/A,N/A,Sin comentarios
500Qi00000MF9ZTIA1,00560747,2024-11-29 21:39:05,Closed,CNRT - PA710 y PA204,Claudio Ponce,N/A,N/A,Sin comentarios
500Qi00000MFGZKIA5,00560752,2024-11-29 23:51:50,Closed,AMCEN - Solicitud de revision CF04 y PE8,Claudio Ponce,N/A,N/A,Sin comentarios
500Qi00000MFQTnIAP,00560755,2024-11-30 01:20:49,Closed,MLCC - Solicita Baja de Servicios: CASTILLO ZURITA SEBASTIAN ANDRES // - Baja cuenta hexagon - RITM00000861227,Claudio Ponce,N/A,N/A,Sin comentarios
500Qi00000MG2R4IAL,00560774,2024-11-30 12:31:21,Closed,AAM - Sin Acceso a la Base de Datos,Ricardo Rubio,N/A,N/A,Sin comentarios
500Qi00000MGC2EIAX,00560780,2024-11-30 13:33:52,Closed,AAM - Revision CAEX CEKO032,Ricardo Rubio,N/A,N/A,Sin comentarios
500Qi00000MGk8hIAD,00560793,2024-11-30 21:41:35,Closed,CNDMH - C366 sin VNC,Claudio Ponce,N/A,N/A,Sin comentarios
500Qi00000MHBAaIAP,00560803,2024-12-01 04:06:18,Closed,CNRT - C126 no cambia sus estados,Claudio Ponce,N/A,N/A,Sin comentarios
500Qi00000MHTNZIA5,00560815,2024-12-01 09:20:35,Closed,MLCC - No completa Inicio MineOps,Ricardo Rubio,N/A,N/A,Sin comentarios
500Qi00000MHUUtIAP,00560816,2024-12-01 09:30:59,Closed,CNDMH - Revision C330F y C334,Claudio Ponce,N/A,N/A,Sin comentarios
500Qi00000MHbcsIAD,00560819,2024-12-01 11:55:22,Closed,AMANT - Revision Perforadora D07,Ricardo Rubio,N/A,N/A,Sin comentarios
500Qi00000MHuFdIAL,00560821,2024-12-01 15:18:11,Closed,AMZAL - Revision H64,Ricardo Rubio,N/A,N/A,Sin comentarios
500Qi00000MIP4wIAH,00560861,2024-12-01 23:37:45,Closed,MAGSA - sin acceso a Jview,Claudio Ponce,N/A,N/A,Sin comentarios
500Qi00000MJDuXIAX,00560893,2024-12-02 07:37:40,Closed,AMZAL - Sumarizacion 25 al 30 noviembre,Claudio Ponce,N/A,N/A,Sin comentarios
500Qi00000MJaRJIA1,00560907,2024-12-02 10:38:34,Closed,AMZAL - Revision H45,Ricardo Rubio,N/A,N/A,Sin comentarios
500Qi00000MJXQEIA5,00560910,2024-12-02 10:51:14,Closed,Monitoreo - CNRT - Load Avarage Alto,Ricardo Rubio,N/A,N/A,Sin comentarios
500Qi00000MK8ZUIA1,00560941,2024-12-02 13:37:39,Closed,MLCC - Sumarizar Noviembre,Ricardo Rubio,N/A,N/A,Sin comentarios
500Qi00000MMCaaIAH,00561014,2024-12-03 01:02:48,Closed,AMANT - L100 no ve el poligono,Claudio Ponce,N/A,N/A,Sin comentarios
500Qi00000MMwomIAD,00561035,2024-12-03 08:54:04,Closed,Service Crashes on Centinela Server Requiring Manual Restart,Pablo Perez,N/A,N/A,Sin comentarios
500Qi00000MNlbCIAT,00561053,2024-12-03 13:00:20,Closed,CNDMH - VNC connection problem,Claudio Ponce,N/A,N/A,Sin comentarios
500Qi00000MOxdNIAT,00561087,2024-12-03 16:49:59,Closed,CNN- Creación de baliza,Tomas Jimenez,N/A,N/A,Sin comentarios
500Qi00000MOlu4IAD,00561089,2024-12-03 16:53:14,Closed,CNN- Cambio FC mes de noviembre,Tomas Jimenez,N/A,N/A,Sin comentarios
500Qi00000MQ6gDIAT,00561129,2024-12-03 22:23:38,Closed,CNRT - Monitoreo GPS,Claudio Ponce,N/A,N/A,Sin comentarios
500Qi00000MPxLDIA1,00561138,2024-12-04 00:51:22,Closed,AMCEN - Solicitud de revision PA6,Claudio Ponce,N/A,N/A,Sin comentarios
500Qi00000MR1zTIAT,00561175,2024-12-04 08:16:04,Closed,CAPCNN - Sumarizador pegado,Roberto Maldonado,N/A,N/A,Sin comentarios
500Qi00000MRFBEIA5,00561180,2024-12-04 09:31:57,Closed,Implementación de modelo de bloques.,Guillermo Lamas,N/A,N/A,Sin comentarios
500Qi00000MRIQpIAP,00561181,2024-12-04 09:40:21,Closed,AMANT - Revisión pala S01,Roberto Maldonado,N/A,N/A,Sin comentarios
500Qi00000MRD30IAH,00561184,2024-12-04 10:30:49,Closed,MLCC - Creación de códigos de estado para perforadoras,Roberto Maldonado,N/A,N/A,Sin comentarios
500Qi00000MSa7EIAT,00561230,2024-12-04 16:04:20,Closed,AAM - Apoyo instalación TOCA013,Roberto Maldonado,N/A,N/A,Sin comentarios
500Qi00000MTlyHIAT,00561253,2024-12-04 22:00:28,Closed,CNRI - Desviación Pala respecto a polígono de mineral,Roberto Maldonado,N/A,N/A,Sin comentarios
500Qi00000MTvENIA1,00561260,2024-12-04 23:31:40,Closed,AMCEN - Revisar PA1,Gustavo Cheng,N/A,N/A,Sin comentarios
500Qi00000MU2uAIAT,00561263,2024-12-05 00:10:11,Closed,CNRT - Cambiar malla perforadora,Gustavo Cheng,N/A,N/A,Sin comentarios
500Qi00000MUwt9IAD,00561289,2024-12-05 07:47:49,Closed,AAM - Revisar cargador frontal 15,Roberto Maldonado,N/A,N/A,Sin comentarios
500Qi00000MUrYXIA1,00561297,2024-12-05 09:34:27,Closed,Monitoreo - AMANT - Reinicio de JAMS,Roberto Maldonado,N/A,N/A,Sin comentarios
500Qi00000MVGGkIAP,00561300,2024-12-05 10:19:25,Closed,"CAPCNN - Revisión equipos CF02, CF05 y CE01 sin comunicación en mineops",Roberto Maldonado,N/A,N/A,Sin comentarios
500Qi00000MVEYIIA5,00561302,2024-12-05 10:22:35,Closed,CNCHUQ - CIO DCH sin comunicación a jview,Roberto Maldonado,N/A,N/A,Sin comentarios
500Qi00000MW0JbIAL,00561326,2024-12-05 14:09:28,Closed,AAM - Sumarización mes de octubre,Roberto Maldonado,N/A,N/A,Sin comentarios
500Qi00000MWPQ4IAP,00561332,2024-12-05 15:44:14,Closed,CNDRI- Apoyo calibracion pala PL203 y PL205,Roberto Maldonado,N/A,N/A,Sin comentarios
500Qi00000MWYYGIA5,00561336,2024-12-05 16:43:11,Closed,AAM - Creación de nuevo setup con TOCA012,Roberto Maldonado,N/A,N/A,Sin comentarios
500Qi00000MXd17IAD,00561349,2024-12-05 21:27:08,Closed,AMCEN - Problemas con cuenta Mineops,Roberto Maldonado,N/A,N/A,Sin comentarios
500Qi00000MXczWIAT,00561350,2024-12-05 21:27:56,Closed,AMCEN - Revisar CF232,Gustavo Cheng,N/A,N/A,Sin comentarios
500Qi00000MXmSbIAL,00561353,2024-12-05 22:49:34,Closed,MLCC - Perforadora 101 con gps inestables,Gustavo Cheng,N/A,N/A,Sin comentarios
500Qi00000MXmVpIAL,00561354,2024-12-05 22:50:11,Closed,AAM - Todos los reportes pegados,Gustavo Cheng,N/A,N/A,Sin comentarios
500Qi00000MXnNOIA1,00561358,2024-12-05 23:25:10,Closed,AMZAL - Revisar L13 mala ubicación en mapa,Gustavo Cheng,N/A,N/A,Sin comentarios
500Qi00000MZ5Y7IAL,00561391,2024-12-06 11:44:03,Closed,MLCC - Problema con visualización CAS,Roberto Maldonado,N/A,N/A,Sin comentarios
500Qi00000MZPlFIAX,00561399,2024-12-06 12:22:37,Closed,Monitoreo - MLCC - Encolamiento sql,Roberto Maldonado,N/A,N/A,Sin comentarios
500Qi00000Maa9yIAB,00561415,2024-12-06 17:41:23,Closed,AMANT - Restauración de Locations Chancado,Roberto Maldonado,N/A,N/A,Sin comentarios
500Qi00000MaiKTIAZ,00561419,2024-12-06 18:49:48,Closed,AMANT - Problemas de asignación a chancados,Roberto Maldonado,N/A,N/A,Sin comentarios
500Qi00000Mb4fwIAB,00561428,2024-12-06 21:06:22,Closed,CNDMH - Monitorear C345,Gustavo Cheng,N/A,N/A,Sin comentarios
500Qi00000MbCIUIA3,00561430,2024-12-06 21:46:54,Closed,CNCHUQ - Mineops pegado,Roberto Maldonado,N/A,N/A,Sin comentarios
500Qi00000Mbd5lIAB,00561442,2024-12-07 03:40:08,Closed,CNCHUQ - Revisar C151,Gustavo Cheng,N/A,N/A,Sin comentarios
500Qi00000MbiYZIAZ,00561449,2024-12-07 06:39:22,Closed,AMCEN - Revisar C154,Gustavo Cheng,N/A,N/A,Sin comentarios
500Qi00000Mc6UMIAZ,00561456,2024-12-07 09:54:05,Closed,DMH - C329 con problemas al ser enviado a Petrolera,Roberto Maldonado,N/A,N/A,Sin comentarios
500Qi00000McFPZIA3,00561460,2024-12-07 11:19:29,Closed,CNRI - Polígonos no se muestran en pantalla,Roberto Maldonado,N/A,N/A,Sin comentarios
500Qi00000McGqIIAV,00561464,2024-12-07 12:39:36,Closed,DMH - P205 con problemas de funcionamiento,Roberto Maldonado,N/A,N/A,Sin comentarios
500Qi00000McdenIAB,00561473,2024-12-07 16:06:08,Closed,DMH - C345 no cuenta vuelta,Roberto Maldonado,N/A,N/A,Sin comentarios
500Qi00000MdH5xIAF,00561477,2024-12-07 17:32:23,Closed,AMZAL - Palas 4 con lentitud,Roberto Maldonado,N/A,N/A,Sin comentarios
500Qi00000Mdym3IAB,00561479,2024-12-07 18:42:39,Closed,CNRI - Recuperación de Hazard borrado,Roberto Maldonado,N/A,N/A,Sin comentarios
500Qi00000MdzBwIAJ,00561480,2024-12-07 19:47:20,Closed,AAM - Revisión de certificados y conf de setup TOCA12,Roberto Maldonado,N/A,N/A,Sin comentarios
500Qi00000MeEvfIAF,00561483,2024-12-07 23:43:28,Closed,AMZAL - Revisar L13,Gustavo Cheng,N/A,N/A,Sin comentarios
500Qi00000MecujIAB,00561493,2024-12-08 05:09:30,Closed,MLCC - Planillas excel sin actualizar,Gustavo Cheng,N/A,N/A,Sin comentarios
500Qi00000MewjlIAB,00561501,2024-12-08 10:17:30,Closed,AAM - Sumarización 7 de diciembre,Roberto Maldonado,N/A,N/A,Sin comentarios
500Qi00000Mf5lUIAR,00561504,2024-12-08 12:58:40,Closed,AMZAL - Problema con datos en reporte daily,Roberto Maldonado,N/A,N/A,Sin comentarios
500Qi00000MfEX4IAN,00561514,2024-12-08 15:44:05,Closed,CAPCNN - Consulta sobre distancia de rutas,Roberto Maldonado,N/A,N/A,Sin comentarios
500Qi00000Meni7IAB,00561520,2024-12-08 18:30:17,Closed,CNRI - Problema con subir un polígono,Roberto Maldonado,N/A,N/A,Sin comentarios
500Qi00000MfNNPIA3,00561521,2024-12-08 18:40:46,Closed,CNRI - Apoyo sumarizar,Roberto Maldonado,N/A,N/A,Sin comentarios
500Qi00000Mgib3IAB,00561554,2024-12-09 07:19:42,Closed,MLCC - Cargador frontal no coincide su ubicación en mapa con VNC,Gustavo Cheng,N/A,N/A,Sin comentarios
500Qi00000MhpYtIAJ,00561580,2024-12-09 13:00:01,Closed,CNRT - Desconexión servidor Primario,Roberto Maldonado,N/A,N/A,Sin comentarios
500Qi00000MiZ0bIAF,00561593,2024-12-09 14:55:22,Closed,CNCHUQ - Sin conexión a servidor,Roberto Maldonado,N/A,N/A,Sin comentarios
500Qi00000MkTNKIA3,00561635,2024-12-09 23:30:21,Closed,CNRT - Revisar comunicación equipos de alta precisión,Gustavo Cheng,N/A,N/A,Sin comentarios
500Qi00000MkVddIAF,00561638,2024-12-09 23:36:59,Closed,CNRT - Revisar integración Aiko,Roberto Maldonado,N/A,N/A,Sin comentarios
500Qi00000MkND5IAN,00561639,2024-12-09 23:37:45,Closed,CNRT - Revisar C936 pantalla pegada,Gustavo Cheng,N/A,N/A,Sin comentarios
500Qi00000MlsWYIAZ,00561683,2024-12-10 10:50:09,Closed,AMZAL - Error visualizacion de imagen en excavadora,Roberto Maldonado,N/A,N/A,Sin comentarios
500Qi00000MlpgtIAB,00561686,2024-12-10 11:14:27,Closed,CNRT - Revisar datos de combustible C313,Roberto Maldonado,N/A,N/A,Sin comentarios
500Qi00000MmcccIAB,00561702,2024-12-10 13:27:51,Closed,MLCC - Revisión de CAEX 314 GPS,Roberto Maldonado,N/A,N/A,Sin comentarios
500Qi00000MnFsTIAV,00561718,2024-12-10 15:08:47,Closed,CNRT - Revisar datos de combustible C307 y 314,Roberto Maldonado,N/A,N/A,Sin comentarios
500Qi00000MnJT3IAN,00561719,2024-12-10 15:15:16,Closed,Mantención Reporte Gerencial,Yazmin Sanchez,N/A,N/A,Sin comentarios
500Qi00000MnWWkIAN,00561724,2024-12-10 16:41:52,Closed,CNPRI - No se estan generando diglines,Armando Mestanza,N/A,N/A,Sin comentarios
500Qi00000MnvOjIAJ,00561735,2024-12-10 18:03:40,Closed,AMZAL - Atraso en datos de horometro,Claudio Ponce,N/A,N/A,Sin comentarios
500Qi00000MofMgIAJ,00561749,2024-12-10 20:52:43,Closed,MLCC - Recuperar Hazards eliminados,Gustavo Cheng,N/A,N/A,Sin comentarios
500Qi00000ModZQIAZ,00561750,2024-12-10 21:32:40,Closed,AMCEN - Revisar asignaciones CF234,Gustavo Cheng,N/A,N/A,Sin comentarios
500Qi00000MolNGIAZ,00561751,2024-12-10 21:33:38,Closed,AAM - Revisión CEKO040 pegado,Gustavo Cheng,N/A,N/A,Sin comentarios
500Qi00000Ms7CjIAJ,00561827,2024-12-11 16:06:34,Closed,MLCC - Informacion combustibles,Claudio Ponce,N/A,N/A,Sin comentarios
500Qi00000Msy8zIAB,00561859,2024-12-11 19:29:45,Closed,AMCEN - Revisar cubo_loads,Claudio Ponce,N/A,N/A,Sin comentarios
500Qi00000MtfKPIAZ,00561871,2024-12-11 22:43:36,Closed,CNDMH - Revision P201,Ricardo Rubio,N/A,N/A,Sin comentarios
500Qi00000MtF6jIAF,00561872,2024-12-11 22:44:25,Closed,CNDMH - Revision Perforadora F102,Ricardo Rubio,N/A,N/A,Sin comentarios
500Qi00000MttXAIAZ,00561901,2024-12-12 01:48:07,Closed,Monitoreo - AMZAL - Servicio NTP Detenido,Ricardo Rubio,N/A,N/A,Sin comentarios
500Qi00000MtpQGIAZ,00561902,2024-12-12 01:55:32,Closed,AMZAL - Revision L13,Ricardo Rubio,N/A,N/A,Sin comentarios
500Qi00000Mu8spIAB,00561911,2024-12-12 05:56:07,Closed,AMZAL - Revision H64,Ricardo Rubio,N/A,N/A,Sin comentarios
500Qi00000MuQzFIAV,00561912,2024-12-12 05:57:53,Closed,AMCEN -  Vibracion constante C08 OAS,Ricardo Rubio,N/A,N/A,Sin comentarios
500Qi00000MuvqBIAR,00561942,2024-12-12 10:40:13,Closed,MLCC - Seguimiento a gestión de estados operativos,Roberto Maldonado,N/A,N/A,Sin comentarios
500Qi00000MvaIFIAZ,00561954,2024-12-12 12:30:25,Closed,CNDMH - /revision del servidor 9,Fernando Coronado,N/A,N/A,Sin comentarios
500Qi00000My0QHIAZ,00561992,2024-12-12 23:36:00,Closed,AMZAL - Revision Horometros,Ricardo Rubio,N/A,N/A,Sin comentarios
500Qi00000My23tIAB,00561993,2024-12-12 23:40:53,Closed,CNRT - Revision Perforadora R13,Ricardo Rubio,N/A,N/A,Sin comentarios
500Qi00000My3BFIAZ,00561994,2024-12-12 23:44:29,Closed,AMANT - Revision Pala S02,Ricardo Rubio,N/A,N/A,Sin comentarios
500Qi00000MxzxIIAR,00561995,2024-12-12 23:46:32,Closed,AMCEN -  Revision Pala PA211,Ricardo Rubio,N/A,N/A,Sin comentarios
500Qi00000MySzFIAV,00562027,2024-12-13 03:41:35,Closed,AMZAL - Revision D16,Ricardo Rubio,N/A,N/A,Sin comentarios
500Qi00000MynsPIAR,00562030,2024-12-13 06:12:13,Closed,AMZAL - Revision D15,Ricardo Rubio,N/A,N/A,Sin comentarios
500Qi00000MyvYEIAZ,00562033,2024-12-13 08:37:33,Closed,CNDMH - Perforadoras sin datos,Claudio Ponce,N/A,N/A,Sin comentarios
500Qi00000MzZAgIAN,00562060,2024-12-13 11:32:09,Closed,AMZAL - Pala S03 no ve los poligonos,Claudio Ponce,N/A,N/A,Sin comentarios
500Qi00000MzoCxIAJ,00562064,2024-12-13 12:33:06,Closed,CNCHUQ - Mantención de BD postgres servidor secundario,Claudio Ponce,N/A,N/A,Sin comentarios
500Qi00000N1Pf5IAF,00562097,2024-12-13 19:19:45,Closed,"CNDMH - Issues with vital signs, F104 drill.",Roberto Maldonado,N/A,N/A,Sin comentarios
500Qi00000N1aArIAJ,00562105,2024-12-13 21:07:19,Closed,MLCC - Problema Botadero DL_E3.4,Ricardo Rubio,N/A,N/A,Sin comentarios
500Qi00000N2HsLIAV,00562115,2024-12-14 01:43:05,Closed,CNMS - Revision TN616,Ricardo Rubio,N/A,N/A,Sin comentarios
500Qi00000N2ITRIA3,00562117,2024-12-14 01:46:33,Closed,AAM - Revision Configuraciones CAS Legacy C88,Ricardo Rubio,N/A,N/A,Sin comentarios
500Qi00000N2JFpIAN,00562118,2024-12-14 01:54:00,Closed,MLCC - Poligono Carga no se ve reflejado en el Sistema.,Ricardo Rubio,N/A,N/A,Sin comentarios
500Qi00000N2JcPIAV,00562119,2024-12-14 01:57:22,Closed,AMZAL - Revision D15 y D16,Ricardo Rubio,N/A,N/A,Sin comentarios
500Qi00000N2Ub5IAF,00562125,2024-12-14 05:00:58,Closed,AAM - Revision Pala PALA002,Ricardo Rubio,N/A,N/A,Sin comentarios
500Qi00000N3MI7IAN,00562153,2024-12-14 17:14:07,Closed,MLCC - Cambio de clave mineops,Claudio Ponce,N/A,N/A,Sin comentarios
500Qi00000N3aWOIAZ,00562155,2024-12-14 20:46:56,Closed,CNDMH - Caida Jview,Ricardo Rubio,N/A,N/A,Sin comentarios
500Qi00000N3mXWIAZ,00562161,2024-12-15 00:45:31,Closed,CNRT - Perdida de Vuelta C322,Ricardo Rubio,N/A,N/A,Sin comentarios
500Qi00000N3j51IAB,00562162,2024-12-15 00:47:22,Closed,AMANT - Revision Pala SH02,Ricardo Rubio,N/A,N/A,Sin comentarios
500Qi00000N5A1VIAV,00562203,2024-12-15 21:42:22,Closed,AMCEN -  Pantalla pegada CF05,Ricardo Rubio,N/A,N/A,Sin comentarios
500Qi00000N55xwIAB,00562211,2024-12-15 22:56:57,Closed,AMCEN -  Contornos de Alimentacion CF232,Ricardo Rubio,N/A,N/A,Sin comentarios
500Qi00000N5OHNIA3,00562223,2024-12-16 00:26:12,Closed,AMCEN -  Revision Perforadora PE5,Ricardo Rubio,N/A,N/A,Sin comentarios
500Qi00000N5PK1IAN,00562246,2024-12-16 01:50:30,Closed,AMZAL - Revision D15 y D16,Ricardo Rubio,N/A,N/A,Sin comentarios
500Qi00000N5dJdIAJ,00562254,2024-12-16 03:38:12,Closed,CNDMH - Caida Jview,Ricardo Rubio,N/A,N/A,Sin comentarios
500Qi00000N9E8DIAV,00562329,2024-12-16 20:17:49,Closed,AMZAL - Eliminacion M23,Ricardo Rubio,N/A,N/A,Sin comentarios
500Qi00000N9f1yIAB,00562351,2024-12-17 01:37:53,Closed,AMCEN -  Revision Pala PA6,Ricardo Rubio,N/A,N/A,Sin comentarios
500Qi00000NA15dIAD,00562352,2024-12-17 01:38:52,Closed,AMZAL - Revision D10,Ricardo Rubio,N/A,N/A,Sin comentarios
500Qi00000NAMreIAH,00562359,2024-12-17 05:06:48,Closed,AMCEN -  Reporte Jview sin Actualizar,Ricardo Rubio,N/A,N/A,Sin comentarios
500Qi00000NAdPUIA1,00562364,2024-12-17 07:17:09,Closed,AMZAL - No se visualizan Pozos MineOps,Ricardo Rubio,N/A,N/A,Sin comentarios
500Qi00000NCjKIIA1,00562406,2024-12-17 14:04:59,Closed,AMZAL - Mineops pegado,Claudio Ponce,N/A,N/A,Sin comentarios
500Qi00000ND9zWIAT,00562409,2024-12-17 14:46:21,Closed,CNN - Servidor primario sin conexion,Claudio Ponce,N/A,N/A,Sin comentarios
500Qi00000NE04dIAD,00562429,2024-12-17 17:50:24,Closed,CNN - Equipos fuera de flota,Claudio Ponce,N/A,N/A,Sin comentarios
500Qi00000NFz9BIAT,00562455,2024-12-18 01:03:58,Closed,AMANT - Revision Pala S01,Ricardo Rubio,N/A,N/A,Sin comentarios
500Qi00000NFoosIAD,00562457,2024-12-18 01:05:55,Closed,AMCEN -  Revision C128,Ricardo Rubio,N/A,N/A,Sin comentarios
500Qi00000NFzh3IAD,00562458,2024-12-18 01:06:19,Closed,AMCEN -  Revision OAS C134,Ricardo Rubio,N/A,N/A,Sin comentarios
500Qi00000NGdGNIA1,00562480,2024-12-18 05:52:32,Closed,CNDMH - Revision Perforadora F105,Ricardo Rubio,N/A,N/A,Sin comentarios
500Qi00000NHu8cIAD,00562515,2024-12-18 11:19:19,Closed,AMZAL - Generar usuario Jview,Gustavo Cheng,N/A,N/A,Sin comentarios
500Qi00000NLWm2IAH,00562565,2024-12-18 23:11:26,Closed,AAM - Revisión CAS caex 86,Roberto Maldonado,N/A,N/A,Sin comentarios
500Qi00000NMMKoIAP,00562592,2024-12-19 04:34:23,Closed,Monitoreo - AMZAL - Servicios CAS detenidos,Roberto Maldonado,N/A,N/A,Sin comentarios
500Qi00000NNF17IAH,00562619,2024-12-19 10:18:24,Closed,MLCC - Revisar D101 problemas de señal,Gustavo Cheng,N/A,N/A,Sin comentarios
500Qi00000NNRS7IAP,00562625,2024-12-19 11:49:06,Closed,MLCC - Generar cuentas JView y MineOPS,Gustavo Cheng,N/A,N/A,Sin comentarios
500Qi00000NPYNuIAP,00562658,2024-12-19 18:13:16,Closed,MLCC- Revisión de Plan,Tomas Jimenez,N/A,N/A,Sin comentarios
500Qi00000NQEWnIAP,00562661,2024-12-19 20:24:46,Closed,DMH - Revisión GPS Pala P206,Roberto Maldonado,N/A,N/A,Sin comentarios
500Qi00000NQQXyIAP,00562665,2024-12-19 21:40:58,Closed,MLCC - Sin conexión a mineops en despacho,Roberto Maldonado,N/A,N/A,Sin comentarios
500Qi00000NQdgPIAT,00562666,2024-12-19 21:45:24,Closed,AAM - Revisión FMS caex 30,Roberto Maldonado,N/A,N/A,Sin comentarios
500Qi00000NQymTIAT,00562673,2024-12-20 00:10:27,Closed,DMH - P206  without GPS extraction point on display.,Claudio Ponce,N/A,N/A,Sin comentarios
500Qi00000NS2HrIAL,00562700,2024-12-20 09:38:50,Closed,CNCHQ - Camión duplica vueltas,Roberto Maldonado,N/A,N/A,Sin comentarios
500Qi00000NSSddIAH,00562707,2024-12-20 10:37:46,Closed,Monitoreo - AMCEN - Importadores pegados,Gustavo Cheng,N/A,N/A,Sin comentarios
500Qi00000NSg0lIAD,00562710,2024-12-20 12:06:57,Closed,MLCC - Revisar C324 con gps intermitente,Gustavo Cheng,N/A,N/A,Sin comentarios
500Qi00000NU9rtIAD,00562727,2024-12-20 16:21:51,Closed,MLCC - Generar usuario Mineops,Gustavo Cheng,N/A,N/A,Sin comentarios
500Qi00000NVahtIAD,00562742,2024-12-20 21:55:42,Closed,DMH - Revisión GPS Perforadora FD111,Roberto Maldonado,N/A,N/A,Sin comentarios
500Qi00000NWUIfIAP,00562755,2024-12-21 05:47:44,Closed,AMCEN -  Consulta sobre condición en equipos,Roberto Maldonado,N/A,N/A,Sin comentarios
500Qi00000NWqEMIA1,00562763,2024-12-21 10:25:48,Closed,MLCC - Revisar C332 sin gps,Gustavo Cheng,N/A,N/A,Sin comentarios
500Qi00000NWnlAIAT,00562764,2024-12-21 10:27:08,Closed,CNCHQ - Agregar línea a crontab,Gustavo Cheng,N/A,N/A,Sin comentarios
500Qi00000NWpIPIA1,00562765,2024-12-21 10:27:58,Closed,CNRT - Mine Enterprise desactualizado,Gustavo Cheng,N/A,N/A,Sin comentarios
500Qi00000NXTxMIAX,00562775,2024-12-21 20:49:40,Closed,CNRT - Problemas con revisión en Jview,Roberto Maldonado,N/A,N/A,Sin comentarios
500Qi00000NXslyIAD,00562777,2024-12-21 23:45:57,Closed,Monitoreo - AMCEN -  Se monitorea la carga de plan anual 2024,Roberto Maldonado,N/A,N/A,Sin comentarios
500Qi00000NY9QDIA1,00562784,2024-12-22 03:42:57,Closed,AMCEN -  Revisión de PA2 y PE54 Fase 7,Roberto Maldonado,N/A,N/A,Sin comentarios
500Qi00000NYE3JIAX,00562785,2024-12-22 04:23:32,Closed,AMCEN -  Revision de CA221 OAS,Roberto Maldonado,N/A,N/A,Sin comentarios
500Qi00000NYaILIA1,00562792,2024-12-22 09:28:00,Closed,AMZAL - L13 no toma correctamente material,Gustavo Cheng,N/A,N/A,Sin comentarios
500Qi00000NYYuuIAH,00562793,2024-12-22 09:28:48,Closed,CNDMH - Revisar C302 sin comunicación,Gustavo Cheng,N/A,N/A,Sin comentarios
500Qi00000NYaOnIAL,00562794,2024-12-22 09:29:59,Closed,AAM - Equipos de alta precisión sin GPS,Gustavo Cheng,N/A,N/A,Sin comentarios
500Qi00000NZ7HXIA1,00562836,2024-12-22 19:22:40,Closed,MLCC - CAEX 332 no levanta aplicación,Gustavo Cheng,N/A,N/A,Sin comentarios
500Qi00000NZcQCIA1,00562839,2024-12-22 23:31:38,Closed,AMZAL - Revisión Perforadora D14,Roberto Maldonado,N/A,N/A,Sin comentarios
500Qi00000NZiSOIA1,00562841,2024-12-23 00:44:14,Closed,CNRI - Apoyo a equipo en terreno,Roberto Maldonado,N/A,N/A,Sin comentarios
500Qi00000Na1MvIAJ,00562846,2024-12-23 02:44:04,Closed,DMH - Revisión conexión en palas,Roberto Maldonado,N/A,N/A,Sin comentarios
500Qi00000Nb7YOIAZ,00562866,2024-12-23 11:34:20,Closed,MLCC - Revisar perforadora 104 no visualiza pozos,Gustavo Cheng,N/A,N/A,Sin comentarios
500Qi00000NcQdtIAF,00562906,2024-12-23 17:25:08,Closed,AMZAL - Modificar vista de códigos para equipos auxiliares,Roberto Maldonado,N/A,N/A,Sin comentarios
500Qi00000NcW6WIAV,00562907,2024-12-23 17:36:48,Closed,AMZAL - Revisar H58,Roberto Maldonado,N/A,N/A,Sin comentarios
500Qi00000NdOhyIAF,00562928,2024-12-23 22:08:54,Closed,DMH - Revisión conexión en Bull y Wheel,Roberto Maldonado,N/A,N/A,Sin comentarios
500Qi00000NdGcPIAV,00562933,2024-12-23 23:09:25,Closed,AMCEN -  Revision de C128,Roberto Maldonado,N/A,N/A,Sin comentarios
500Qi00000NdddlIAB,00562936,2024-12-24 00:54:25,Closed,DMH - Revisión ultima conexion B411,Roberto Maldonado,N/A,N/A,Sin comentarios
500Qi00000NeY7NIAV,00562954,2024-12-24 09:22:28,Closed,CNN - Dejar equipos fuera de flota,Gustavo Cheng,N/A,N/A,Sin comentarios
500Qi00000NegUqIAJ,00562963,2024-12-24 11:59:52,Closed,CNDMH - Actualizar segmentos geométricos CF754,Gustavo Cheng,N/A,N/A,Sin comentarios
500Qi00000NfjdRIAR,00562984,2024-12-24 19:54:19,Closed,AMANT - Palas no aparecen en vista JSRutas,Roberto Maldonado,N/A,N/A,Sin comentarios
500Qi00000NfiO6IAJ,00562993,2024-12-24 21:55:55,Closed,Monitoreo - AAM - Backup detenido,Roberto Maldonado,N/A,N/A,Sin comentarios
500Qi00000NggwxIAB,00563015,2024-12-25 10:12:25,Closed,CNDMH - Revision B409,Ricardo Rubio,N/A,N/A,Sin comentarios
500Qi00000Ngr13IAB,00563016,2024-12-25 10:13:22,Closed,CNRT - Revision PE-03,Ricardo Rubio,N/A,N/A,Sin comentarios
500Qi00000Nh5VRIAZ,00563025,2024-12-25 13:25:19,Closed,CNDMH - Revision C717,Ricardo Rubio,N/A,N/A,Sin comentarios
500Qi00000NhL0mIAF,00563030,2024-12-25 18:46:45,Closed,AAM - Revision CAS,Ricardo Rubio,N/A,N/A,Sin comentarios
500Qi00000NhVOHIA3,00563031,2024-12-25 19:22:02,Closed,CNRT - Revision C954,Ricardo Rubio,N/A,N/A,Sin comentarios
500Qi00000NhUnCIAV,00563032,2024-12-25 19:23:17,Closed,CNCHUQ - Revision Jview,Ricardo Rubio,N/A,N/A,Sin comentarios
500Qi00000NhyBlIAJ,00563040,2024-12-26 01:03:57,Closed,Monitoreo - MLCC - procesos sql encolados,Claudio Ponce,N/A,N/A,Sin comentarios
500Qi00000Nhs7yIAB,00563041,2024-12-26 01:04:45,Closed,AMCEN - Solicitud de revision GPS PA211,Claudio Ponce,N/A,N/A,Sin comentarios
500Qi00000Nid5FIAR,00563055,2024-12-26 09:09:21,Closed,Monitoreo - CNRT - Load Avarage Alto,Ricardo Rubio,N/A,N/A,Sin comentarios
500Qi00000NiiGEIAZ,00563061,2024-12-26 09:55:24,Closed,Mejora Reporta KPI Despacho DMH,Yazmin Sanchez,N/A,N/A,Sin comentarios
500Qi00000Nj7eQIAR,00563071,2024-12-26 12:54:40,Closed,AMZAL - Revision H64,Ricardo Rubio,N/A,N/A,Sin comentarios
500Qi00000NjEKUIA3,00563076,2024-12-26 14:42:47,Closed,AMZAL - Revision L13,Ricardo Rubio,N/A,N/A,Sin comentarios
500Qi00000NjkuKIAR,00563084,2024-12-26 16:50:12,Closed,MLCC - Problema Botadero BOT_PLANTA_GRAVILLA,Ricardo Rubio,N/A,N/A,Sin comentarios
500Qi00000Nm2LeIAJ,00563139,2024-12-27 11:55:54,Closed,AMZAL - Revision D11,Ricardo Rubio,N/A,N/A,Sin comentarios
500Qi00000Nm42VIAR,00563142,2024-12-27 12:10:04,Closed,AMZAL - Sumarizar del 01 al 24 de Diciembre,Ricardo Rubio,N/A,N/A,Sin comentarios
500Qi00000NlkoeIAB,00563144,2024-12-27 12:24:41,Closed,CNRT - Revision Perforadora R08,Ricardo Rubio,N/A,N/A,Sin comentarios
500Qi00000NnH5iIAF,00563172,2024-12-27 19:44:01,Closed,CNDMH - Revision Datos F104 en Reporte Jview,Ricardo Rubio,N/A,N/A,Sin comentarios
500Qi00000Nnp2XIAR,00563180,2024-12-27 23:38:12,Closed,AMCEN - Regador 6 OAS,Claudio Ponce,N/A,N/A,Sin comentarios
500Qi00000NnqBXIAZ,00563184,2024-12-28 01:28:51,Closed,CNRI - Camiones asignados a palas en colacion,Claudio Ponce,N/A,N/A,Sin comentarios
500Qi00000Nnx4vIAB,00563185,2024-12-28 01:29:49,Closed,CNRT - Perforadora 114 sin gps,Claudio Ponce,N/A,N/A,Sin comentarios
500Qi00000NoCbqIAF,00563194,2024-12-28 05:50:23,Closed,AMCEN - Solicitud de revisión de VNC de PA2,Claudio Ponce,N/A,N/A,Sin comentarios
500Qi00000NoRpOIAV,00563199,2024-12-28 07:28:47,Closed,AMCEN - Solicitud de revision de asignación dinámica,Claudio Ponce,N/A,N/A,Sin comentarios
500Qi00000NoX5GIAV,00563209,2024-12-28 10:33:04,Closed,CNDMH - Revision Pala P201,Ricardo Rubio,N/A,N/A,Sin comentarios
500Qi00000NotGzIAJ,00563212,2024-12-28 14:45:31,Closed,Monitoreo - CNRT - Proceso Pegado,Ricardo Rubio,N/A,N/A,Sin comentarios
500Qi00000NoqiyIAB,00563217,2024-12-28 16:30:24,Closed,Monitoreo - CNDMH - Sin Comunicacion Servidores Codelco,Ricardo Rubio,N/A,N/A,Sin comentarios
500Qi00000NosG7IAJ,00563218,2024-12-28 16:34:52,Closed,Monitoreo - CNMS - Sin Comunicacion Servidores Codelco,Ricardo Rubio,N/A,N/A,Sin comentarios
500Qi00000Np1hbIAB,00563221,2024-12-28 17:04:44,Closed,Monitoreo - CNCHUQ - Sin Comunicacion Servidores Codelco,Ricardo Rubio,N/A,N/A,Sin comentarios
500Qi00000Np13JIAR,00563222,2024-12-28 17:06:05,Closed,Monitoreo - CNRT - Sin Comunicacion Servidores Codelco,Ricardo Rubio,N/A,N/A,Sin comentarios
500Qi00000Np8HhIAJ,00563237,2024-12-28 19:49:21,Closed,AMCEN -  Revision Pala PA26,Ricardo Rubio,N/A,N/A,Sin comentarios
500Qi00000NpIleIAF,00563240,2024-12-28 21:38:44,Closed,Monitoreo - CNDMH - Procesos sql encolados,Claudio Ponce,N/A,N/A,Sin comentarios
500Qi00000NpLzfIAF,00563242,2024-12-28 23:27:56,Closed,CNRT - acceso remoto a Radomiro Tomic,Claudio Ponce,N/A,N/A,Sin comentarios
500Qi00000NpM1HIAV,00563243,2024-12-28 23:29:01,Closed,CNRT - Camiones con vueltas perdidas,Claudio Ponce,N/A,N/A,Sin comentarios
500Qi00000NpcduIAB,00563248,2024-12-29 03:23:27,Closed,AMCEN - Solicitud de revision de equipos,Claudio Ponce,N/A,N/A,Sin comentarios
500Qi00000NqV2aIAF,00563267,2024-12-29 17:34:56,Closed,Monitoreo - MLCC - Error Sumarizador,Roberto Maldonado,N/A,N/A,Sin comentarios
500Qi00000NqgAnIAJ,00563268,2024-12-29 18:24:53,Closed,AMZAL - Revision H64,Ricardo Rubio,N/A,N/A,Sin comentarios
500Qi00000NqgPJIAZ,00563269,2024-12-29 18:27:44,Closed,AMZAL - Revision D11,Ricardo Rubio,N/A,N/A,Sin comentarios
500Qi00000NqaF7IAJ,00563270,2024-12-29 18:29:08,Closed,AMZAL - Revision D14,Ricardo Rubio,N/A,N/A,Sin comentarios
500Qi00000NqqwcIAB,00563271,2024-12-29 21:41:42,Closed,MLCC - P201 con desfase en ETA,Claudio Ponce,N/A,N/A,Sin comentarios
500Qi00000Nqy4TIAR,00563274,2024-12-29 22:31:02,Closed,AMCEN - Solicitud de revision Pantalla de C42,Claudio Ponce,N/A,N/A,Sin comentarios
500Qi00000NqyFnIAJ,00563275,2024-12-29 22:34:55,Closed,AMCEN - Solicitud de revision PA26,Claudio Ponce,N/A,N/A,Sin comentarios
500Qi00000NrnF3IAJ,00563317,2024-12-30 09:15:19,Closed,CNMS - Problema creacion certificados,Roberto Maldonado,N/A,N/A,Sin comentarios
500Qi00000NryDjIAJ,00563324,2024-12-30 10:45:37,Closed,AMZAL - Revision D11,Ricardo Rubio,N/A,N/A,Sin comentarios
500Qi00000Nu8KFIAZ,00563360,2024-12-30 21:23:14,Closed,AMCEN - Solicitud de revisión de Línea Hazard PA211,Claudio Ponce,N/A,N/A,Sin comentarios
500Qi00000NuOiLIAV,00563373,2024-12-31 00:30:03,Closed,AMCEN - Solicitud de revision GPS de CF203,Claudio Ponce,N/A,N/A,Sin comentarios
500Qi00000NvLGzIAN,00563385,2024-12-31 10:12:28,Seeking Customer Clarification,Assistance with Script for Modular-OAS Integration | Los Pelambres,Pablo Perez,N/A,N/A,Sin comentarios
500Qi00000NxKofIAF,00563415,2025-01-01 01:22:45,Closed,CNMS - PA835 con pantalla gris,Roberto Maldonado,Claudio Ponce,2025-01-01 07:54:12,"Se detecta por el log del JSPanel, que el equipo arroja un error relacionado con el panel"
500Qi00000NxKofIAF,00563415,2025-01-01 01:22:45,Closed,CNMS - PA835 con pantalla gris,Roberto Maldonado,Roberto Maldonado,2025-01-01 10:30:49,Luis Cortes nos comunica que el equipos será revisado en terreno durante el día.
500Qi00000NxuqXIAR,00563423,2025-01-01 09:32:37,Closed,Monitoreo - MLCC - Sin Conexión a servidores,Roberto Maldonado,Roberto Maldonado,2025-01-01 09:35:13,Al conversar con Manuel Muñoz de Caserones nos comenta que al ingresar a servidor 1 les apare una pantalla de conexion PXE Ipv6. Se le comenta que si el servidor primario esta en ese estado no podrian tener conexion con los equipos de campo. Posteriormente ratifica y nos comenta que es el PC que trasmite imagen a los despachadores y conectado al servidor el que presenta esa anomalia. PC finalmente es retirado para revision por tecnicos Entel. Se queda pendiente al retorno de la conexion y apoyo en revision de servidores.
500Qi00000NxwabIAB,00563424,2025-01-01 09:45:02,Closed,DMH - Revisión C375,Roberto Maldonado,Roberto Maldonado,2025-01-01 10:06:07,Equipo retoma comunicación posterior a mantenimiento de neumáticos.
500Qi00000Ny0azIAB,00563425,2025-01-01 10:12:58,Closed,CNRT - Jview desactualizado,Roberto Maldonado,Roberto Maldonado,2025-01-01 10:15:16,Se efectúa revisión encontrando datos actualizados.
500Qi00000Ny0RNIAZ,00563426,2025-01-01 10:47:24,Closed,AMZAL - Revisión H58,Roberto Maldonado,Roberto Maldonado,2025-01-01 13:03:45,En revisión se detecta que trayswitch no esta entregando datos y esta pegado en 0.
500Qi00000Ny0RNIAZ,00563426,2025-01-01 10:47:24,Closed,AMZAL - Revisión H58,Roberto Maldonado,Roberto Maldonado,2025-01-01 16:20:24,Equipo queda operando sin entrega de datos trayswitch. Equipo opera manualmente por operador. Se deberá revisar en profundidad en mantenimiento  mayor por personal técnico de Zaldívar.
500Qi00000Ny7CfIAJ,00563427,2025-01-01 11:35:27,Closed,DMH - Revisión P602,Roberto Maldonado,Roberto Maldonado,2025-01-01 11:36:22,Se revisa el equipo encontrando que no se tiene señal desde la antena GPS1.  Se hace un reinicio del equipo recuperando los datos de esta antena. Se mantendra en monitoreo.
500Qi00000NySDtIAN,00563434,2025-01-01 16:01:06,Closed,DMH - Revisión C318,Roberto Maldonado,Roberto Maldonado,2025-01-01 16:18:00,Se reinicia equipo y espera que este salga de colación para hacer seguimiento.
500Qi00000NyYCsIAN,00563437,2025-01-01 17:39:47,Closed,MLCC - Apoyo con carga de Plan mensual,Roberto Maldonado,Roberto Maldonado,2025-01-01 19:33:32,"Se sube correctamente el plan, posteriormente Karim nos menciona que el plan que habían enviado estaba con errores, y que lo subamos nuevamente."
500Qi00000NyYCsIAN,00563437,2025-01-01 17:39:47,Closed,MLCC - Apoyo con carga de Plan mensual,Roberto Maldonado,Gustavo Cheng,2025-01-01 23:50:52,Se eliminan los datos erróneos y se procede con la carga del actualizado plan
500Qi00000NyYCsIAN,00563437,2025-01-01 17:39:47,Closed,MLCC - Apoyo con carga de Plan mensual,Roberto Maldonado,Gustavo Cheng,2025-01-02 00:35:26,Se finaliza la carga de ambos planes
500Qi00000NyYCsIAN,00563437,2025-01-01 17:39:47,Closed,MLCC - Apoyo con carga de Plan mensual,Roberto Maldonado,Roberto Maldonado,2025-01-02 15:36:01,Nos corroboran que se cargo correctamente los datos.
500Qi00000NyYCsIAN,00563437,2025-01-01 17:39:47,Closed,MLCC - Apoyo con carga de Plan mensual,Roberto Maldonado,Roberto Maldonado,2025-01-02 18:02:14,Se debe revisar el importador del plan por subir el primer día del mes con un espacio.
500Qi00000NyfRHIAZ,00563441,2025-01-01 19:31:47,Closed,AMCEN -  Carga de plan anual,Roberto Maldonado,Roberto Maldonado,2025-01-01 19:32:14,La carga queda ejecutándose en servidor jview.
500Qi00000NyfRHIAZ,00563441,2025-01-01 19:31:47,Closed,AMCEN -  Carga de plan anual,Roberto Maldonado,Gustavo Cheng,2025-01-02 02:29:28,Finaliza la carga cerca de las 02:00 AM. Termina con un mensaje extraño que dejaré adjunto.
500Qi00000NyfRHIAZ,00563441,2025-01-01 19:31:47,Closed,AMCEN -  Carga de plan anual,Roberto Maldonado,Roberto Maldonado,2025-01-02 08:45:09,Se confirma con Hugo que los datos fueron cargados correctamente.
500Qi00000NyAVaIAN,00563444,2025-01-01 20:43:45,Closed,AAM - Sumarización Diciembre 2024,Gustavo Cheng,Gustavo Cheng,2025-01-02 00:00:16,Finaliza segunda sumarización. Se deja ejecutando sumarización y réplica
500Qi00000NyAVaIAN,00563444,2025-01-01 20:43:45,Closed,AAM - Sumarización Diciembre 2024,Gustavo Cheng,Gustavo Cheng,2025-01-01 23:35:05,Se procede con segunda sumarización
500Qi00000NyAVaIAN,00563444,2025-01-01 20:43:45,Closed,AAM - Sumarización Diciembre 2024,Gustavo Cheng,Gustavo Cheng,2025-01-01 22:57:21,Se comunica Nuevamente Marcelo dando luz verde para comenzar con sumarización que se retrasó debido a cambio de datos de último momento. Se comienza Sumarización
500Qi00000NyAVaIAN,00563444,2025-01-01 20:43:45,Closed,AAM - Sumarización Diciembre 2024,Gustavo Cheng,Gustavo Cheng,2025-01-01 23:26:16,Finaliza primera sumarización de los primeros días. Se procede a dejar una ejecución de sumarización forzada del turno y réplica a sql server
500Qi00000NyAVaIAN,00563444,2025-01-01 20:43:45,Closed,AAM - Sumarización Diciembre 2024,Gustavo Cheng,Gustavo Cheng,2025-01-02 00:11:38,Inicia tercera sumarización
500Qi00000NyAVaIAN,00563444,2025-01-01 20:43:45,Closed,AAM - Sumarización Diciembre 2024,Gustavo Cheng,Gustavo Cheng,2025-01-02 00:41:52,Luego de dejar que la sumarización del turno y réplica se ejecuten un par de veces se procede con última sumarización.
500Qi00000NyAVaIAN,00563444,2025-01-01 20:43:45,Closed,AAM - Sumarización Diciembre 2024,Gustavo Cheng,Gustavo Cheng,2025-01-02 01:13:18,Finaliza cuarta y última sumarización.
500Qi00000NypSDIAZ,00563445,2025-01-01 20:51:40,Closed,CNRT - Pala 205 no visualiza polígono en pantalla,Gustavo Cheng,Gustavo Cheng,2025-01-01 21:39:28,"Adicionalmente Bryan comenta que PL-002, que se encuentra operando en la misma zona, presenta mismo problema."
500Qi00000NypSDIAZ,00563445,2025-01-01 20:51:40,Closed,CNRT - Pala 205 no visualiza polígono en pantalla,Gustavo Cheng,Gustavo Cheng,2025-01-01 21:40:14,Justamente ambos polígonos con los que las palas estaban operando no tenían la configuración completa. Una vez se normalizó dicha config funciona correctamente.
500Qi00000NyyDlIAJ,00563450,2025-01-01 22:39:42,Closed,CNRI - Recuperar tronada,Gustavo Cheng,N/A,N/A,Sin comentarios
500Qi00000NzYApIAN,00563469,2025-01-02 06:04:25,Closed,AMCEN - No cargan polígonos hazard,Gustavo Cheng,N/A,N/A,Sin comentarios
500Qi00000NzrBqIAJ,00563476,2025-01-02 08:59:12,Closed,DMH - Revisión C366,Roberto Maldonado,Roberto Maldonado,2025-01-02 09:04:16,"Se logra recuperar leventemente la señal GPS al realizar un reinicio del equipo, este vuelve a perder señal al minuto. Debe ser revisado en terreno."
500Qi00000NzwptIAB,00563481,2025-01-02 10:13:09,Closed,AMZAL - Revisión diferencia de tonelaje en reporte mensual,Tomas Jimenez,Roberto Maldonado,2025-01-02 12:59:45,Los reportes los ven en el apartado GPO
500Qi00000NzwptIAB,00563481,2025-01-02 10:13:09,Closed,AMZAL - Revisión diferencia de tonelaje en reporte mensual,Tomas Jimenez,Maikol Salas,2025-01-03 14:23:40,"La razón por la que las cargas aparecen en el Mineops pero no en el jview, es porque los registros de la by_detail_dumps no contenían datos en los campos blast, blast_id, blast_type, blast_region.  pero si contenían datos del grade.  y la vista de descargas sumario considera grade y no blast.     Se editaron manualmente los campos blast en la by_detail_dumps correspondiente a los datos del grade y el reporte ahora considera estas cargas que se ven en el mineops"
500Qi00000NzwptIAB,00563481,2025-01-02 10:13:09,Closed,AMZAL - Revisión diferencia de tonelaje en reporte mensual,Tomas Jimenez,Roberto Maldonado,2025-01-03 15:58:08,"Cliente hace revisión de los datos, confirmando que están correcto."
500Qi00000O0b3PIAR,00563487,2025-01-02 12:53:50,Closed,Teck QB - plataforma CAS no operativa,Roberto Maldonado,Roberto Maldonado,2025-01-02 15:33:19,Se levantan los 3 servicios que estaba abajo recuperando las conexiones a mineenterprice.
500Qi00000O0XW9IAN,00563488,2025-01-02 13:06:39,Closed,AMZAL - Apoyo en subir plan mensual,Gustavo Cheng,Roberto Maldonado,2025-01-02 13:07:54,"Se revisa el plan mensual enviado encontrando errores en comparación con los antiguos planes. Se le pide al cliente que regularice esto pero nos comenta que no puede efectuarlo el, debido a lo anterior nos pide que modifiquemos los datos faltante y subamos."
500Qi00000O0XW9IAN,00563488,2025-01-02 13:06:39,Closed,AMZAL - Apoyo en subir plan mensual,Gustavo Cheng,Roberto Maldonado,2025-01-02 15:33:59,"Se cargan correctamente los planes, nos ratifican que los datos estan correcto pero en el daily faltaria Fase9"
500Qi00000O0XW9IAN,00563488,2025-01-02 13:06:39,Closed,AMZAL - Apoyo en subir plan mensual,Gustavo Cheng,Gustavo Cheng,2025-01-02 21:00:40,Se vuelve a cargar el plan con las modificaciones correspondientes.
500Qi00000O0XW9IAN,00563488,2025-01-02 13:06:39,Closed,AMZAL - Apoyo en subir plan mensual,Gustavo Cheng,Gustavo Cheng,2025-01-02 22:04:02,Se valida junto con despacho que figura correctamente valor y se muestra en reporte.
500Qi00000O1FdWIAV,00563515,2025-01-02 15:06:55,Closed,CNRI - Sin acceso a Jview,Roberto Maldonado,Roberto Maldonado,2025-01-02 15:32:53,Se levanta servicios y SSI lo que permite ingresar a ver web Jview
500Qi00000O1JHLIA3,00563516,2025-01-02 15:09:20,Closed,DMH - Revisión GPS P602,Roberto Maldonado,Roberto Maldonado,2025-01-02 15:32:24,Se reinicia el equipo recuperando comunicación con la antena GPS1.
500Qi00000O2BsqIAF,00563532,2025-01-02 19:11:05,Closed,CNRI - Sin poligonos en pala 205,Gustavo Cheng,N/A,N/A,Sin comentarios
500Qi00000O2FtFIAV,00563535,2025-01-02 19:43:56,Closed,MLCC - Apoyo revision de planes diciembre y enero,Roberto Maldonado,Roberto Maldonado,2025-01-03 15:19:24,Se corrobora que los datos se encuentran en las tablas asociadas.
500Qi00000O2FtFIAV,00563535,2025-01-02 19:43:56,Closed,MLCC - Apoyo revision de planes diciembre y enero,Roberto Maldonado,Roberto Maldonado,2025-01-03 15:19:44,Nos confirman que el problema es puntual en despacho.
500Qi00000O2SYiIAN,00563549,2025-01-02 22:40:48,Closed,CNRT - Revisar perforadora 115 gps flotantes,Gustavo Cheng,N/A,N/A,Sin comentarios
500Qi00000O2kAjIAJ,00563550,2025-01-02 22:41:40,Closed,CNDMH - Revisar perforadora 111 con gps en flotante,Gustavo Cheng,N/A,N/A,Sin comentarios
500Qi00000O2jwAIAR,00563551,2025-01-02 22:42:34,Closed,AAM - Monitorear CEKO038 pierde vueltas,Gustavo Cheng,Gustavo Cheng,2025-01-02 23:21:49,"Realizando monitoreo del reproductor de GPS del equipo se logra detectar que están trabajando en zona que no está definida como destino, por lo que el reconciliador eliminó las vueltas."
500Qi00000O2jwAIAR,00563551,2025-01-02 22:42:34,Closed,AAM - Monitorear CEKO038 pierde vueltas,Gustavo Cheng,Gustavo Cheng,2025-01-02 23:24:09,Le comento a Cristian sobre la situación y el actualiza un destino en la zona donde estaban trabajando. Igualmente se cambió de equipo de carguío el CAEX CEKO038 por lo que se seguirá monitoreando su comportamiento.
500Qi00000O4FNhIAN,00563582,2025-01-03 11:47:02,Closed,DMH - Revisión C053,Roberto Maldonado,Roberto Maldonado,2025-01-03 15:03:24,Equipo sale a trabajar sin problemas.
500Qi00000O4Lb7IAF,00563583,2025-01-03 11:48:29,Closed,AMZAL - Revisión H58,Roberto Maldonado,Roberto Maldonado,2025-01-03 14:23:24,"Equipo nuevamente tiene cable doblado, técnico lo acomoda y queda pendiente reparación profunda del cableado."
500Qi00000O5jzZIAR,00563612,2025-01-03 17:27:07,Closed,DMH - Recuperar GPS1 P602,Roberto Maldonado,Roberto Maldonado,2025-01-03 17:30:48,Equipo deberá revisarse en terreno para solucionar la condición con la antena GPS1. Álvaro Silva nos menciona que coordinara estas labores para mañana sábado 04-01-2025.
500Qi00000O5jzZIAR,00563612,2025-01-03 17:27:07,Closed,DMH - Recuperar GPS1 P602,Roberto Maldonado,Roberto Maldonado,2025-01-06 09:27:03,Nos comentan los técnicos que el equipo no se ha podido revisar por motivos operacionales de la faena y que nos avisara cuando se pueda.
500Qi00000O5UhHIAV,00563613,2025-01-03 17:32:57,Closed,AMZAL - Sumarizacion del 24 al 31 de diciembre,Roberto Maldonado,N/A,N/A,Sin comentarios
500Qi00000O6OwIIAV,00563621,2025-01-03 21:45:55,Closed,MLCC - No actualizan planillas excel,Gustavo Cheng,N/A,N/A,Sin comentarios
500Qi00000O6fHDIAZ,00563635,2025-01-04 01:41:14,Closed,MLCC - Sumarizar diciembre,Gustavo Cheng,N/A,N/A,Sin comentarios
500Qi00000O7J06IAF,00563649,2025-01-04 07:27:17,Closed,CNDMH - CAEX 301 sin VNC,Gustavo Cheng,N/A,N/A,Sin comentarios
500Qi00000O7Oz4IAF,00563651,2025-01-04 09:56:26,Closed,AMZAL - Sumarizacion dia 31 de Diciembre,Roberto Maldonado,Roberto Maldonado,2025-01-04 13:30:01,Se sumariza correctamente y los datos son validados por Raúl Torres.
500Qi00000O7adfIAB,00563659,2025-01-04 12:51:45,Closed,AMZAL - Pala S02 GPS,Claudio Ponce,Roberto Maldonado,2025-01-04 12:54:00,"En revisión de Pala se detecta que la antena GPS1 correspondería a la antena instalada en sector trasero de la pala y GPS2 a la antena instalada sobre cabina. Sin embargo nos comenta que el operador ve correctamente el giro de la pala hacia la frente de carguío, pero la cota no representa la realidad de la altura del balde. Se monitoreara esto en tiempo real cuando la pala salga a trabajar, posterior a esto se vera si es necesario calibrar nuevamente esta pala."
500Qi00000O7adfIAB,00563659,2025-01-04 12:51:45,Closed,AMZAL - Pala S02 GPS,Claudio Ponce,Roberto Maldonado,2025-01-07 17:50:14,Se revisa las configuraciones de device del equipo y este no cuenta con una configuración para inclinometro por ende no tomara las medida de diferencia de cota en el balde.
500Qi00000O7adfIAB,00563659,2025-01-04 12:51:45,Closed,AMZAL - Pala S02 GPS,Claudio Ponce,Roberto Maldonado,2025-01-07 18:11:56,"Técnico deja el dato que inclinometro si se encontraría instalado en CAN2, ver foto adjunta."
500Qi00000O7bBXIAZ,00563660,2025-01-04 12:55:16,Closed,CNRT - Revisión GPS C325,Roberto Maldonado,Roberto Maldonado,2025-01-04 12:56:44,"Se hace la revisión del GPS encontrando que la señal es solo de 1 en calidad, al reiniciar el equipo se recupera la calidad 4 pero a los segundos esta baja a 2 de calidad, se informa al ingeniero que es necesario revisión en terreno del GPS."
500Qi00000O7dWfIAJ,00563662,2025-01-04 13:05:18,Closed,MLCC - REvision cobertura fase 6,Roberto Maldonado,Roberto Maldonado,2025-01-04 13:18:39,"Se detecta mala cobertura en el sector de Fase 6, se informa con imagen al Despachador."
500Qi00000O7fWtIAJ,00563665,2025-01-04 14:46:18,Closed,AMZAL - Revisión Pala S04 GPS,Roberto Maldonado,Roberto Maldonado,2025-01-04 14:48:17,Se detecta que la calidad y cantidad de satélites en las antenas GPS esta acorde a un buen funcionamiento. Se informa a técnico.
500Qi00000O7u1GIAR,00563669,2025-01-04 17:16:02,Closed,AAM - Revisión PLM caex CEKO059,Roberto Maldonado,Roberto Maldonado,2025-01-04 17:17:36,"Se hace revisión de los sensores plm no encontrando datos de entrada (solo de velocidad, plmiv.8), se le comunica al instalador que el equipo debe generar cambios de tolva, retrocesos entro otros para que ingresen datos ya si comprobar que están correctos. Ante esto nos comenta que el equipo aun esta en arreglos y montaje por lo que no saldra pronto a producción."
500Qi00000O8wAfIAJ,00563688,2025-01-05 10:07:43,Closed,Monitoreo - DMH - Apoyo instalacion C051,Roberto Maldonado,Roberto Maldonado,2025-01-05 11:04:01,"Se detecta que IP en el equipo no es la correcta apuntando a 127.0.0.1 y mascara 255.0.0.0, se hace modificación según datos en hosts, ce eliminan certificados antiguos y se crean nuevo . Se envía setup a Rogelio Maldonado para nueva instalación en equipo."
500Qi00000O99j5IAB,00563693,2025-01-05 16:09:02,Closed,MLCC - Revisión de tiempo de conexión servidores,Roberto Maldonado,Roberto Maldonado,2025-01-05 16:11:23,"En revisión se encuentra, que tanto los 2 server de datos para postgres (536 dias conectados) como los 2 de replica,jview (24 y 25 días conectados) no han tenido caídas para la fecha mencionada 00:00 05-01-2024."
500Qi00000O9VRmIAN,00563701,2025-01-05 19:45:24,Closed,CNMS - Sin conexion a VNC en equipos,Roberto Maldonado,Roberto Maldonado,2025-01-05 19:47:14,"Se revisan los equipos comprobando que no existen VNC hacia ellos ni ping, pero si se puede entrar por redmina, se detecta problema finalmente con la openvpn, Armando hace recuperación de esta, se hace reinicio de las pantallas. recuperando VNC."
500Qi00000O9UfPIAV,00563702,2025-01-05 19:48:45,Closed,MLCC - Sin datos replicas.,Roberto Maldonado,Roberto Maldonado,2025-01-05 19:49:27,"Se encuentran encolados los servicios run2 de replica, se procede a eliminar los procesos recuperando el paso de informacion de replica."
500Qi00000O9SfCIAV,00563703,2025-01-05 19:55:37,Closed,CNMS - creacion setup por nuevo equipo CR-22,Roberto Maldonado,Victor Rojas,2025-01-07 11:58:14,"Se revisa ticket de creación de equipos en Mina Sur. Se realia revisión de configuraciones de OpenVPN Y OpenSSL. Finalmente, configuraciones se encuentran correctas. Pero de esta revisión deriva revisión de archivo index.txt de servidor primario. Se detecta que se debe revisar archivo index.txt. Al revisarse se detecta espacio de línea vacío por lo que se corrige. Y se ejecuta nuevamente creación de certificados de equipo CR-22, funcionando correctamente."
500Qi00000O9ZLiIAN,00563706,2025-01-05 21:14:44,Closed,AAM - Camión 21 no registra vueltas,Gustavo Cheng,N/A,N/A,Sin comentarios
500Qi00000O9cxuIAB,00563713,2025-01-05 22:31:29,Closed,AAM - No aparece PALA003 en reporte frec. de caex en palas,Gustavo Cheng,N/A,N/A,Sin comentarios
500Qi00000O9fKlIAJ,00563717,2025-01-05 22:47:12,Closed,AAM - Camión 80 no actualiza viajes,Gustavo Cheng,N/A,N/A,Sin comentarios
500Qi00000OAb0WIAT,00563763,2025-01-06 08:27:03,Closed,AMANT - CSV con columna extra en reporte alimentación plan hora/Geología,Claudio Ponce,Roberto Maldonado,2025-01-06 08:30:08,"Se revisa el reporte el cual se representa correctamente en pantalla, pero al hacer la prueba de descargar csv, me percato que efectivamente existe la columna Tonelaje 3. Se revisa las query igualmente en busca de algún motivo pero no se detectan incongruencias, el contra turno tampoco encuentra el error en si."
500Qi00000OAb0WIAT,00563763,2025-01-06 08:27:03,Closed,AMANT - CSV con columna extra en reporte alimentación plan hora/Geología,Claudio Ponce,Roberto Maldonado,2025-01-06 13:28:00,"Yazmin detecta el motivo de porque se muestran así las tablas, se debe a la agrupación de las fila."
500Qi00000OAb0WIAT,00563763,2025-01-06 08:27:03,Closed,AMANT - CSV con columna extra en reporte alimentación plan hora/Geología,Claudio Ponce,Roberto Maldonado,2025-01-06 13:29:54,"Se notifica a Rodrigo Montenegro quien revisara si realmente se usa este csv o un xlsx donde se representa correctamente los datos, esto será el día miércoles cuando entra de turno la Geologa. Consultar con el antes."
500Qi00000OAk5NIAT,00563777,2025-01-06 09:12:34,Closed,CAPCNN - Revisión de Forecast PlanD,Roberto Maldonado,Roberto Maldonado,2025-01-06 09:17:25,"Se encuentran los datos subidos correctamente en base de datos postgres, se revisa igualmente mineops encontrando que estos se muestran correctamente."
500Qi00000OBmecIAD,00563803,2025-01-06 13:31:15,Closed,MLCC - Sin datos de  plan mensual por SQL,Roberto Maldonado,Roberto Maldonado,2025-01-06 16:34:20,"Se detecta que servidores sql no tiene la informacion del años 2024 para atrás, se hace recuperación de data enviándola de postgres hacia servidores SQL. Cliente ratifica que ya tiene los datos actualizados."
500Qi00000OBnkOIAT,00563804,2025-01-06 13:42:47,Closed,Instalación Leica Translator para Alta Precisión,Armando Mestanza,Victor Rojas,2025-01-09 14:37:01,Armando Pompa envía programa a personal que lo usara via correo. Falta apoyo de personal en terreno para habilitar carpeta compartida que usa programa. Se gestionara apoyo con personal de soporte hexagon en faena.
500Qi00000OBnkOIAT,00563804,2025-01-06 13:42:47,Closed,Instalación Leica Translator para Alta Precisión,Armando Mestanza,Armando Mestanza,2025-01-29 11:50:56,Se verifica con apoyo de personal de terreno que la carpeta en servidor Hexagon esta disponible para subir archivos. Se indica que usuarios deben crean un ticket a TICA de Codelco para que habiliten el acceso a las carpetas compartidas desde sus respectivos PCs.
500Qi00000OCI53IAH,00563812,2025-01-06 15:45:21,Closed,CAPCNN - Modificación de factor de carga y leyes y recarga de plan mensual enero,Roberto Maldonado,Roberto Maldonado,2025-01-06 16:36:51,"Se crean factores de carga y leyes para el mes de enero, se esta analizando la petición de Juan Nuñez sobre la diferenciación de los minerales en M1 y M2 para diferenciar los factores de carga."
500Qi00000OCI53IAH,00563812,2025-01-06 15:45:21,Closed,CAPCNN - Modificación de factor de carga y leyes y recarga de plan mensual enero,Roberto Maldonado,Roberto Maldonado,2025-01-06 17:17:27,queda pendiente cambio de mes de diciembre 2024 hasta la respuesta de como proceder con la petición de Juan.
500Qi00000OCI53IAH,00563812,2025-01-06 15:45:21,Closed,CAPCNN - Modificación de factor de carga y leyes y recarga de plan mensual enero,Roberto Maldonado,Roberto Maldonado,2025-01-07 17:58:55,Se hace recarga de plan mensual enero y se sumariza diciembre y enero.
500Qi00000OCi4KIAT,00563820,2025-01-06 17:02:31,Closed,MLCC - Sumarizar diciembre 2024 y activar factores de carga,Roberto Maldonado,N/A,N/A,Sin comentarios
500Qi00000ODr5YIAT,00563836,2025-01-06 21:33:16,Closed,CNDMH - Revisar C335 sin comunicación,Gustavo Cheng,Gustavo Cheng,2025-01-06 23:52:12,"Como dato, Uber se dirige al equipo y comunica una vez en cabina que el sistema levantó sin problemas, sin embargo, no muestra barras de comunicación y solicita verificar acceso a través del servidor y VNC. Se puede observar que el equipo no tiene comunicación aún cuando es informado que está arriba. Al cabo de un par de minutos se toma comunicación y es posible acceder al equipo remotamente y verificar sensores, etc. Pero sigue sin existir acceso al VNC, se ven los /opt/Jigsaw/Logs/messages con errores de comunicación al server. Finalmente se realiza un reinicio de la base de datos interna y del computador a bordo logrando normalizar de esta forma la conexión a su VNC."
500Qi00000OE9FJIA1,00563853,2025-01-06 23:53:59,Closed,MLCC - GPS de perforadora 103 inestable,Gustavo Cheng,N/A,N/A,Sin comentarios
500Qi00000OEttHIAT,00563881,2025-01-07 08:46:11,Closed,Monitoreo - CNCHUQ - ISS detenido,Roberto Maldonado,Roberto Maldonado,2025-01-07 09:35:41,"Se hace revisión de IIS no encontrando que este se encuentre detenido. Se hace reinicio del servicio para posteriormente reiniciar servicio SQL, lo que soluciona el problema."
500Qi00000OEnMUIA1,00563887,2025-01-07 09:31:38,Closed,MLCC - Revisión de L221,Roberto Maldonado,Roberto Maldonado,2025-01-07 09:32:42,"Se hace revisión del equipo encontrando GPS 2 con problemas, se hace reinicio del equipo pero esto no mejora la condición, se le comenta esta informacion al despachador para que coordine revisión en terreno de la antena."
500Qi00000OEnMUIA1,00563887,2025-01-07 09:31:38,Closed,MLCC - Revisión de L221,Roberto Maldonado,Roberto Maldonado,2025-01-07 17:28:53,Personal 360 debe tomar el equipo para revisión de antena GPS mañana 08-01-2025 ya que este día el equipo esta parado por mantenimiento.
500Qi00000OF87ZIAT,00563888,2025-01-07 10:17:48,Closed,MLCC - Revisión de D103,Claudio Ponce,Roberto Maldonado,2025-01-07 11:12:47,Se revisa perforadora encontrando que no entran datos del drill depth y que la antena gps 1 tiene leves perdidas de calidad GPS. Se informa a despachador para que coordine revisión en terreno.
500Qi00000OF87ZIAT,00563888,2025-01-07 10:17:48,Closed,MLCC - Revisión de D103,Claudio Ponce,Roberto Maldonado,2025-01-07 14:17:13,Técnico en terreno encuentra cable suelto dentro de cabina. Como no tiene dato especifico de que es ese cable se debe analizar como se instalo el equipo. Operador comenta que el equipo se le esta comportando con normalidad en sus procesos. Equipo mejora condición GPS.
500Qi00000OF87ZIAT,00563888,2025-01-07 10:17:48,Closed,MLCC - Revisión de D103,Claudio Ponce,Roberto Maldonado,2025-01-07 15:15:06,"Se encuentra que cable en imagen debería estar conectado en puerto CAN2 se debe coordinar con personal entrante de turno en 360 (Ivan o Naldo Bustamante +56944915263),para la conexión de este cable y pruebas de entrada de datos."
500Qi00000OF87ZIAT,00563888,2025-01-07 10:17:48,Closed,MLCC - Revisión de D103,Claudio Ponce,Claudio Ponce,2025-01-14 12:42:13,"El equipo ha trabajado correctamente todo el turno, Naldo debía irlo a revisar, pero no nos indico nada al respecto."
500Qi00000OFY8PIAX,00563892,2025-01-07 11:06:23,Closed,Monitoreo - AMCEN -  Caída de servicio OAS,Roberto Maldonado,Roberto Maldonado,2025-01-07 11:09:00,"Se encuentra servicio OAS caido, se activa nuevamente el proceso cenfaeappsos levantando el monitoreo."
500Qi00000OGXaBIAX,00563914,2025-01-07 15:03:07,Closed,MLCC - Revisión de C301,Roberto Maldonado,Roberto Maldonado,2025-01-07 15:15:24,No se tiene respuesta del equipo.
500Qi00000OGXaBIAX,00563914,2025-01-07 15:03:07,Closed,MLCC - Revisión de C301,Roberto Maldonado,Roberto Maldonado,2025-01-07 15:48:45,"Equipo es revisado por técnico, encontrando antena dañada, no puede cambiarla en este turno así que deberá ser revisada mañana por su contra turno."
500Qi00000OH1t7IAD,00563920,2025-01-07 15:51:12,Closed,MLCC - Creación de cuenta Jview y Jmineops,Roberto Maldonado,Roberto Maldonado,2025-01-07 17:12:35,Se crean las credenciales para el usuario Denise Carvajal. Estas se entregan por correo.
500Qi00000OIdTJIA1,00563972,2025-01-07 23:59:16,Closed,AMCEN - Monitorear sumarización,Gustavo Cheng,N/A,N/A,Sin comentarios
500Qi00000OIdbOIAT,00563973,2025-01-07 23:59:58,Closed,AMCEN - Sin información de planes en reportes,Gustavo Cheng,N/A,N/A,Sin comentarios
500Qi00000OJMWvIAP,00564012,2025-01-08 08:59:55,Closed,Monitoreo - AMCEN - Sumarizador encolado,Claudio Ponce,N/A,N/A,Sin comentarios
500Qi00000OJjq1IAD,00564015,2025-01-08 09:15:50,Closed,MLCC - Irregularidades Sistema de Despacho Estación CIO,Claudio Ponce,Claudio Ponce,2025-01-10 18:13:13,"Daniel Godoy nos informa que repararon el PC que usaban anteriormente en despacho , al instalarlo, el equipo no tiene el problema de ver los equipos transparentes."
500Qi00000OKwjcIAD,00564137,2025-01-08 14:15:40,Closed,MAGSA - Prechequeos en perforadoras,Claudio Ponce,Claudio Ponce,2025-01-08 15:12:13,"Revisando se encuentra que los items del prechequeo que tiene esa flota son solamente 3, al consultar Claudio nos indica que estuvo haciendo cambios, se procede a igualar los items con otra flota para realizar las pruebas correspondientes."
500Qi00000OMorZIAT,00564202,2025-01-08 21:08:17,Closed,CNDMH - Caida Jview,Ricardo Rubio,N/A,N/A,Sin comentarios
500Qi00000OMipVIAT,00564206,2025-01-08 21:54:27,Closed,MLCC - Baja de cuenta Jview/Mineops,Ricardo Rubio,N/A,N/A,Sin comentarios
500Qi00000OMzGvIAL,00564226,2025-01-09 01:20:56,Closed,CNRT - Revision Alerta Azure,Ricardo Rubio,Ricardo Rubio,2025-01-09 02:11:41,"Jose Monsalve nos comenta sobre la Alerta de Azure, la cual hace referencia a cuando hay un flujo de datos bajo.    Para descartar revisamos el servidor y sus bases de datos, tanto el postgres como el SQL sin encontrar ningun problema en estas. Por lo que se mantendra en monitoreo."
500Qi00000ON6wjIAD,00564228,2025-01-09 01:23:24,Closed,CNCHUQ - Revision Alerta Azure,Ricardo Rubio,N/A,N/A,Sin comentarios
500Qi00000ONBD9IAP,00564229,2025-01-09 01:28:30,Closed,MLCC - Revision D101,Ricardo Rubio,N/A,N/A,Sin comentarios
500Qi00000ONEg1IAH,00564231,2025-01-09 01:31:50,Closed,AMANT - Poligonos no suben al Sistema,Ricardo Rubio,N/A,N/A,Sin comentarios
500Qi00000ONLE2IAP,00564247,2025-01-09 02:47:10,Closed,MAGSA - Revision Malla de Perforacion,Ricardo Rubio,N/A,N/A,Sin comentarios
500Qi00000ONawJIAT,00564256,2025-01-09 06:15:35,Closed,CNMS - Buzon de Descarga no Arroja Mensaje a Despacho,Ricardo Rubio,Ricardo Rubio,2025-01-09 08:00:05,"Se observa un error en el JAMS en primera instancia que calza con la hora de cambio de estado del destino, sin embargo, luego de otro cambio de estado para este destino, no provoco ningun error, por lo que queda en monitoreo."
500Qi00000OOdnBIAT,00564288,2025-01-09 11:43:15,Closed,CNN - Sumarizacion Diciembre,Claudio Ponce,N/A,N/A,Sin comentarios
500Qi00000OOvIfIAL,00564300,2025-01-09 12:39:51,Closed,AMCEN-Problema con acceso a MineEnterprise,Tomas Jimenez,N/A,N/A,Sin comentarios
500Qi00000OOqShIAL,00564301,2025-01-09 12:41:24,Closed,CNRT - Pala 719 no ve los poligonos,Claudio Ponce,N/A,N/A,Sin comentarios
500Qi00000OOoM4IAL,00564305,2025-01-09 13:08:57,Seeking Customer Clarification,Request for Local Functionality Check on Core in Areas Without Network,Pablo Perez,Pablo Perez,2025-01-09 15:12:23,"The system performs a single check when the operator turns the key, and it responds that the OAS system is operational. However, if, for example, the fatigue sensor fails during operation, the operator has no way of knowing about the failure from the cabin.    The customer is requesting that the cabin be alerted when a failure occurs in a critical sensor (such as GPS, vibrator, or illuminators). First, it’s necessary to confirm if this is possible before deciding on the intervals for the checks and the general parameters."
500Qi00000OOoM4IAL,00564305,2025-01-09 13:08:57,Seeking Customer Clarification,Request for Local Functionality Check on Core in Areas Without Network,Pablo Perez,Javier Villarreal,2025-01-23 16:01:48,"The system cannot alert about a sensor failure in the cabin when it is running.  When the system starts up, it has a system check function. If any critical component fails, the operator will hear a message stating that the system is not operational.  The OpWeb app has a view called """"Diagnostics View"""" that reports the status of every component for every truck in the mine. We recommend using this view to check all the trucks' systems.  An RFE is needed to provide an in-cabin alarm for the critical components. Please confirm if you want to add this ticket as an RFE."
500Qi00000OOoM4IAL,00564305,2025-01-09 13:08:57,Seeking Customer Clarification,Request for Local Functionality Check on Core in Areas Without Network,Pablo Perez,Pablo Perez,2025-01-27 16:17:23,"Thank you Javier, we will check with the client to see if their RFE will be necessary."
500Qi00000OPDqfIAH,00564309,2025-01-09 13:35:55,Seeking Customer Clarification,Request to Change Truck Colors on Diagnostics Tab Based on Sensor Issues,Pablo Perez,Javier Villarreal,2025-01-15 17:53:55,"Pablo  The new OASWeb has a new diagnostics view. Please let me know if this option is something the client will accept. That being said, the OASWeb app is still in development; once the OASWeb is ready, we can install it, and the client will use this new view.  See the screenshot in the """"Attachments"""" section."
500Qi00000OPDqfIAH,00564309,2025-01-09 13:35:55,Seeking Customer Clarification,Request to Change Truck Colors on Diagnostics Tab Based on Sensor Issues,Pablo Perez,Pablo Perez,2025-01-16 08:22:33,"Thank you, as always, Javier. We will present this to the client to gather their feedback and perspective."
500Qi00000OPDqfIAH,00564309,2025-01-09 13:35:55,Seeking Customer Clarification,Request to Change Truck Colors on Diagnostics Tab Based on Sensor Issues,Pablo Perez,Pablo Perez,2025-01-27 14:43:00,"To implement this in opweb, should an RFE be created as well?"
500Qi00000OPf8dIAD,00564327,2025-01-09 15:28:42,Closed,MLCC- Datos para clientes Caserones,Paulina Aedo,N/A,N/A,Sin comentarios
500Qi00000OPvQJIA1,00564337,2025-01-09 16:14:58,Closed,CNN -  FC Mineral 2,Claudio Ponce,N/A,N/A,Sin comentarios
500Qi00000ORATiIAP,00564368,2025-01-09 21:57:05,Closed,AMANT - Revision S02,Ricardo Rubio,N/A,N/A,Sin comentarios
500Qi00000ORHzsIAH,00564375,2025-01-09 23:28:11,Closed,CNDMH - Pala P213 no Contabiliza cargas.,Ricardo Rubio,N/A,N/A,Sin comentarios
500Qi00000ORHdIIAX,00564376,2025-01-09 23:30:34,Closed,MLCC - Revision D103,Ricardo Rubio,N/A,N/A,Sin comentarios
500Qi00000ORHyFIAX,00564377,2025-01-09 23:31:15,Closed,Monitoreo - MAGSA - Error en el Sumarizador,Ricardo Rubio,N/A,N/A,Sin comentarios
500Qi00000OREFeIAP,00564381,2025-01-10 01:01:16,Closed,AMANT - Revision D04,Ricardo Rubio,N/A,N/A,Sin comentarios
500Qi00000ORtHBIA1,00564397,2025-01-10 06:01:50,Closed,MLCC - Consulta sobre Cambio de Estado,Ricardo Rubio,N/A,N/A,Sin comentarios
500Qi00000OUThzIAH,00564499,2025-01-10 17:32:59,Closed,Monitoreo - MLCC - Usuarios eliminados,Claudio Ponce,N/A,N/A,Sin comentarios
500Qi00000OVQd9IAH,00564510,2025-01-10 22:56:55,Closed,CNMS - Equipos sin Comunicacion,Ricardo Rubio,N/A,N/A,Sin comentarios
500Qi00000OVO6iIAH,00564511,2025-01-10 23:01:04,Closed,CNCHUQ - Revision C453,Ricardo Rubio,N/A,N/A,Sin comentarios
500Qi00000OVFxxIAH,00564512,2025-01-10 23:07:46,Closed,CNRT - Revision Perforadora PE115,Ricardo Rubio,N/A,N/A,Sin comentarios
500Qi00000OVMZZIA5,00564513,2025-01-10 23:09:31,Closed,CNDMH - Caida Jview,Ricardo Rubio,N/A,N/A,Sin comentarios
500Qi00000OVgupIAD,00564522,2025-01-11 03:27:09,Closed,CNDMH - Equipos sin Comunicacion,Ricardo Rubio,Ricardo Rubio,2025-01-11 04:58:08,"Al revisar los equipos nos damos cuenta que si tienen comunicacion, menos el C320 con el cual no nos podemos conectar, se el avisa a Miguel para la revision del equipo en terreno."
500Qi00000OVgupIAD,00564522,2025-01-11 03:27:09,Closed,CNDMH - Equipos sin Comunicacion,Ricardo Rubio,Ricardo Rubio,2025-01-11 06:09:20,"El CAEX C320 es el unico que no tiene comunicacion, luego de la revision en terreno, Miguel nos comenta que el sahrm tiene constantes reinicions, lo que provoca que el equipo pierda la conexion una y otra vez."
500Qi00000OVgupIAD,00564522,2025-01-11 03:27:09,Closed,CNDMH - Equipos sin Comunicacion,Ricardo Rubio,Ricardo Rubio,2025-01-11 21:28:16,"Llamamos a Miguel el cual nos comenta que el problema de comunicacion fue conversado con personal de redes, el cual durante el dia estuvieron moviendo carros de comunicacion para solucionar esta problematica."
500Qi00000OVplFIAT,00564525,2025-01-11 05:50:58,Closed,AMANT - Revision S02,Ricardo Rubio,N/A,N/A,Sin comentarios
500Qi00000OWCoKIAX,00564542,2025-01-11 11:25:31,Closed,AMZAL - Servidor espejo jigsaw cmz desactualizado,Claudio Ponce,Claudio Ponce,2025-01-11 11:40:25,"Lo primero que se revisa es que el servidor 14 tiene data actualizada, posteriormente se encuentra el job encargado de replica los datos al servidor espejo CMZ tuvo un error y no se ejecuto correctamente, por lo que se deja corriendo de forma manual."
500Qi00000OWNenIAH,00564544,2025-01-11 11:52:04,Closed,AAM - Reporte panel control mina,Claudio Ponce,N/A,N/A,Sin comentarios
500Qi00000OWm0UIAT,00564553,2025-01-11 16:49:22,Closed,MLCC - C325 problemas de asignacion,Claudio Ponce,N/A,N/A,Sin comentarios
500Qi00000OWxQYIA1,00564559,2025-01-11 20:47:11,Closed,CNDMH - Pantalla Pegada P211,Ricardo Rubio,N/A,N/A,Sin comentarios
500Qi00000OWX1TIAX,00564564,2025-01-11 22:24:56,Closed,MLCC - Revision D103,Ricardo Rubio,Ricardo Rubio,2025-01-11 22:42:06,"Al hacer la revision, encontramos que la estacion base esta enviando correctamente las correcciones GPS a los equipos de alta precision y en el equipo no se visualiza ningun error en los logs del JAMS o en el JSPanel. Igualmente se realiza un reinicio del equipo para intentar recuperar el GPS, pero esta no mejora.    Se le informa a Alejandro Larenas por via telefonica que el problema presentado con el GPS en estado Floating para la Perforadora D103 es debido a tormentas solares presentadas en la zona."
500Qi00000OXJXVIA5,00564575,2025-01-12 01:43:53,Closed,CNDMH - Revision CAEX C330F,Ricardo Rubio,N/A,N/A,Sin comentarios
500Qi00000OXJkPIAX,00564576,2025-01-12 01:46:35,Closed,AMCEN -  Revision OAS CAEX C121,Ricardo Rubio,N/A,N/A,Sin comentarios
500Qi00000OXMqLIAX,00564578,2025-01-12 02:49:57,Closed,AMZAL - Revision T19,Ricardo Rubio,Ricardo Rubio,2025-01-12 03:02:28,Se revisan los log del JAMS y JSPanel del equipo pero no se encuentra ningun indicio de que sea problemas de software. Por lo que se le comunica a Freddy que el equipo esta teniendo problemas con su GPS y por eso no actualiza su pocision. Freddy ira a  revisar el equipo en terreno.
500Qi00000OXMqLIAX,00564578,2025-01-12 02:49:57,Closed,AMZAL - Revision T19,Ricardo Rubio,Ricardo Rubio,2025-01-12 06:22:38,"Llamamos a Freddy para saber mas sobre la situacion del T19, pero nos comenta que no pudo ir a revisar el equipo a terreno, por lo que dejara pasada la revision al turno de dia."
500Qi00000OXMqLIAX,00564578,2025-01-12 02:49:57,Closed,AMZAL - Revision T19,Ricardo Rubio,Ricardo Rubio,2025-01-13 05:39:00,"Nos comunicamos con Freddy para saber la situacion del equipo, sin embargo, nos comenta que no ha podido ser atendido en terreno, por lo que se queda a la espera de esta revision."
500Qi00000OXOH4IAP,00564579,2025-01-12 03:20:17,Closed,CNCHUQ - Revision Perforadora PE317,Ricardo Rubio,N/A,N/A,Sin comentarios
500Qi00000OXRJlIAP,00564580,2025-01-12 04:03:21,Closed,CNRT - Certificados CAEX C342,Ricardo Rubio,Ricardo Rubio,2025-01-12 04:15:26,"Al revisar el setup este no cuenta con los certificados del CAEX C342, por lo que se procede con la creacion de estos."
500Qi00000OXRJlIAP,00564580,2025-01-12 04:03:21,Closed,CNRT - Certificados CAEX C342,Ricardo Rubio,Ricardo Rubio,2025-01-12 04:22:20,Se realiza la creacion del Setup.sqfs y se le envia por correo a Elias.
500Qi00000OXRJlIAP,00564580,2025-01-12 04:03:21,Closed,CNRT - Certificados CAEX C342,Ricardo Rubio,Ricardo Rubio,2025-01-12 06:15:04,"Se realiza la instalacion del equipo de manera correcta, sin embargo, el CAEX se ve de muy gran tamaño en el mapa y VNC, por lo que se revisa las configuraciones del Equipo en donde nos percatamos que no tiene asignado una flota, tamaño, largo ni el tanque de combustible, por lo que se homologa de un camion señalado por Elias y este queda funcionando de manera normal."
500Qi00000OXRJlIAP,00564580,2025-01-12 04:03:21,Closed,CNRT - Certificados CAEX C342,Ricardo Rubio,Ricardo Rubio,2025-01-12 07:32:55,"Al seguir revisando el equipo, nos encontramos que este no tiene la plataform versions en los devices, sin embargo, el equipo se encuentra apagado, por lo que se queda a la espera que se tenga comunicacion con este para solucionar el problema."
500Qi00000OYXmvIAH,00564616,2025-01-12 21:32:19,Closed,CNDMH - Revision P205,Ricardo Rubio,N/A,N/A,Sin comentarios
500Qi00000OYfXZIA1,00564620,2025-01-12 23:12:16,Closed,CNCHUQ - Revision Palas PA200 / PA230 y PA894,Ricardo Rubio,Ricardo Rubio,2025-01-13 00:22:53,"Al revisar los equipos nos percatamos que las vias hacia estos estan en color Naranjo, por lo que se modifican las cotas de las tronadas y se deja en monitoreo el funcionamiento de las Palas."
500Qi00000OYjw9IAD,00564633,2025-01-13 00:18:01,Closed,AMZAL - Revision L13,Ricardo Rubio,Ricardo Rubio,2025-01-13 03:22:20,"Freddy nos comenta que realizaron cambios de cableado y GPS's en el equipo, sin embargo, esto no soluciono la problematica. Por otro lado, se visualizan problemas de centelleo en la zona, lo que puede estar ocacionando que los equipos de alta tengan problemas de GPS. Se deja en monitoreo ya que a pesar de los reinicios no se obtiene una mejora y tampoco se observa algun problema de software."
500Qi00000OYjswIAD,00564634,2025-01-13 00:20:23,Closed,CNCHUQ - Revision Asignacion Pala PA885,Ricardo Rubio,Ricardo Rubio,2025-01-13 02:22:48,"Al revisar la Pala nos damos cuenta que tiene mala comunicacion, incluso estuvo desconectada anteriormente, por lo que se asume que la unica vez que asigno al C154 a otra pala despues de completar el ciclo, fue cuando la Pala PA885 no tenia comunicacion."
500Qi00000OYjo6IAD,00564635,2025-01-13 00:21:37,Closed,CNRT - Pantalla Pegada Perforadora R12,Ricardo Rubio,N/A,N/A,Sin comentarios
500Qi00000OZCIDIA5,00564659,2025-01-13 05:30:46,Closed,AMCEN -  Revision OAS CAEX C50,Ricardo Rubio,N/A,N/A,Sin comentarios
500Qi00000OZcRDIA1,00564676,2025-01-13 09:46:06,Closed,MLCC - Cambio de estado L221,Claudio Ponce,N/A,N/A,Sin comentarios
500Qi00000OaRITIA3,00564689,2025-01-13 12:40:46,Closed,AMZAL - Solicitud creación material Mienops.,Roberto Maldonado,Claudio Ponce,2025-01-13 12:44:12,Se le envía un correo a Mario para coordinar una Reunión junto con Sebastian y poder esclarecer lo que necesitan para así poder comenzar a trabajar en la petición
500Qi00000OaRITIA3,00564689,2025-01-13 12:40:46,Closed,AMZAL - Solicitud creación material Mienops.,Roberto Maldonado,Claudio Ponce,2025-01-14 10:16:44,"Se envía otro correo a Ivone puesto que Sebastian salio con descanso, para poder coordinar una Reunión y definir correctamente la solicitud que nos realizaron"
500Qi00000OaRITIA3,00564689,2025-01-13 12:40:46,Closed,AMZAL - Solicitud creación material Mienops.,Roberto Maldonado,Gustavo Cheng,2025-01-15 19:47:49,"Se realiza reunión con cliente, Ivonne y Belén, donde se clarifica el impacto del requerimiento por parte de ellos, que puedan comentarnos que reportes utilizan información de minerales para poder destinar nuestras hh a modificarlos."
500Qi00000OaRITIA3,00564689,2025-01-13 12:40:46,Closed,AMZAL - Solicitud creación material Mienops.,Roberto Maldonado,Ricardo Rubio,2025-01-28 16:11:08,Se queda a la espera de las cotizaciones para las creaciones de estos materiales y asi poder proseguir.
500Qi00000OaRITIA3,00564689,2025-01-13 12:40:46,Closed,AMZAL - Solicitud creación material Mienops.,Roberto Maldonado,Guillermo Lamas,2025-02-04 17:26:04,"el día 17 de enero se envio corre a Andres Donoso para cotización.      LAMAS Guillermo  ​  DONOSO Andres;  ​  DIAZ Carlos;  ​  VERGARA Alexi  ​  ​  DONOSO Nelson;  ​  POMPA MESTANZA Armando  ​  Hola Andres    En Zaldivar esta solicitando """" Agregar 3 tipos de materiales"""", se tuvo reunión con Belen para revisar los detalles y nos comprometimos en envíar una cotización por el trabajo, según lo revisado son 5 días:    Reunión Inicial  Revisión de últimos detalles con el cliente  Entorno de prueba servidor en Santiago  Crear entorno de prueba  Copiar BD  Copiar importador de bloques  Importador de bloques  Modificación de importador (entorno de prueba) agregando que tome los nuevos materiales  Prueba de importador con nuevos materiales ..."
500Qi00000Ob4d8IAB,00564703,2025-01-13 14:31:53,Closed,CNRT-Agregar nueva flota a reporte de factor equivalente,Tomas Jimenez,Tomas Jimenez,2025-01-13 15:06:37,"se agrega la nueva flota en script y se espera hasta el siguiente turno para poder ver los resultados, al inicio del siguiente turno se puede ver que el cambio tuvo un resultado positivo y ahora es posible visualizar la nueva flota en el reporte."
500Qi00000Obtz2IAB,00564745,2025-01-13 17:36:34,Seeking Customer Clarification,"Configuración Nuevo Servidor (Sql Server, Reporting Services, IIS)",Yazmin Sanchez,Yazmin Sanchez,2025-01-13 17:45:21,"Nelson envía correo a Adolfo Paes solicitando la habilitación del puerto 1433, para acceder desde los servidores FMS al nuevo servidor de JView 10.7.240.82 (consultado previamente a Percy Larrañaga).  Lo anterior se requiere para continuar con la configuración del nuevo servidor."
500Qi00000Obtz2IAB,00564745,2025-01-13 17:36:34,Seeking Customer Clarification,"Configuración Nuevo Servidor (Sql Server, Reporting Services, IIS)",Yazmin Sanchez,Yazmin Sanchez,2025-01-13 17:40:40,Se realiza la instalación de:  - Sql Server 2019  - Reporting Services 2019   - Sql Managent Studio 2019  - Activar IIS
500Qi00000Obtz2IAB,00564745,2025-01-13 17:36:34,Seeking Customer Clarification,"Configuración Nuevo Servidor (Sql Server, Reporting Services, IIS)",Yazmin Sanchez,Yazmin Sanchez,2025-01-29 12:09:28,"21-Ene: Se envía correo a Adolfo Paez con el documento solicitado por Scarlet, quien indica el 20-ene que se complete el documento (datos Servidores FMS) y se le envíe RFC Habilitar Puerto a Adolfo Paez para que gestione las aprobaciones.  Se solicita a Alvaro Carmona poder gestionar que se realice esta actividad (Percy Larrañaga esta en conocimiento de este acceso)."
500Qi00000Obtz2IAB,00564745,2025-01-13 17:36:34,Seeking Customer Clarification,"Configuración Nuevo Servidor (Sql Server, Reporting Services, IIS)",Yazmin Sanchez,Yazmin Sanchez,2025-01-29 12:11:43,"29-Ene: Seguimiento de Acceso al Puerto, se envía correo a Marcelo Silvio de Oliveira para consultar por el estado de la solicitud enviada a Adolfo."
500Qi00000Obtz2IAB,00564745,2025-01-13 17:36:34,Seeking Customer Clarification,"Configuración Nuevo Servidor (Sql Server, Reporting Services, IIS)",Yazmin Sanchez,Nelson Donoso,2025-02-05 10:28:42,"05-02-2025 en reunion con Marcelo Oliveira, comenta que Cliente tiene RFC para aplicar los cambios y seguimos a la espera de esta gestion interna del cliente."
500Qi00000Od1L1IAJ,00564801,2025-01-13 22:06:44,Closed,CNRT - Mallas para Perforadora R12,Ricardo Rubio,Ricardo Rubio,2025-01-14 01:36:38,"Elias nos comenta que suben mallas diferentes para las Perforadoras de precorte, por lo que al final de malla, llevan el nombre de la perforadora a la cual asignar. Dicho esto, no se visualiza ninguna malla correspondiente a la R12, sin embargo, dentro de la Malla 2570F357001PV12, se visualizan pozos para la R12, pero en el archivo csv subido al servidor de esta misma Malla, no se visualizan pozos con ese nombre.     Tambien los pozos estan dispersos de manera incorrecta en la mina, por lo que se le comenta a Elias la situacion y el lo habla con despacho."
500Qi00000Od4h5IAB,00564804,2025-01-13 22:37:08,Closed,CNMS - Agregar estado Mantencion Flota CAEX,Ricardo Rubio,N/A,N/A,Sin comentarios
500Qi00000Od0GxIAJ,00564807,2025-01-13 22:41:00,Closed,AMZAL - Revision Perforadora D14 y D16,Ricardo Rubio,N/A,N/A,Sin comentarios
500Qi00000OcmXLIAZ,00564816,2025-01-13 23:41:56,Closed,MLCC - Revision Perfil Mantencion,Ricardo Rubio,N/A,N/A,Sin comentarios
500Qi00000Od7yKIAR,00564827,2025-01-14 02:11:42,Closed,AMCEN -  Revision Pala PA7 y PA211,Ricardo Rubio,N/A,N/A,Sin comentarios
500Qi00000OdkjVIAR,00564839,2025-01-14 05:07:36,Closed,CNMS - Agregar Estado a Flota T.Oruga,Ricardo Rubio,N/A,N/A,Sin comentarios
500Qi00000OducPIAR,00564842,2025-01-14 06:23:46,Closed,CNDMH - Revision P205,Ricardo Rubio,N/A,N/A,Sin comentarios
500Qi00000OeesEIAR,00564863,2025-01-14 11:28:21,Closed,MLCC - Consulta Jigsaw Velocidad Media Equivalente,Maikol Salas,Claudio Ponce,2025-01-14 19:45:48,Se modifica el logger agregando la opcion hauling para rescatar datos que puedan ser utiles en la investigacion del porque se producen estos datos negativos
500Qi00000OeesEIAR,00564863,2025-01-14 11:28:21,Closed,MLCC - Consulta Jigsaw Velocidad Media Equivalente,Maikol Salas,Gustavo Cheng,2025-01-20 16:47:27,Se detecta un dato vacío turno A día 17-01-2025 EFH
500Qi00000OeesEIAR,00564863,2025-01-14 11:28:21,Closed,MLCC - Consulta Jigsaw Velocidad Media Equivalente,Maikol Salas,Ricardo Rubio,2025-01-28 20:01:53,"Se realiza un seguimiento, en donde sigue mostrando valores nulos, por lo que se continua con la investigacion."
500Qi00000OeesEIAR,00564863,2025-01-14 11:28:21,Closed,MLCC - Consulta Jigsaw Velocidad Media Equivalente,Maikol Salas,Roberto Maldonado,2025-02-03 10:29:50,desde el 29 de enero al 02 de febrero no se registran datos nulos ni negativos.
500Qi00000OeesEIAR,00564863,2025-01-14 11:28:21,Closed,MLCC - Consulta Jigsaw Velocidad Media Equivalente,Maikol Salas,Maikol Salas,2025-02-05 18:38:34,"Se realizó una reunion por teams con Pablo para aclarar ciertas dudas sobre el problema. Posterior a eso, Pablo envió el siguiente correo :  De acuerdo a lo conversado en la reunión, a continuación los siguientes puntos:  - Se conversará con @Karim Nazif Campos Fajardo para reforzar con despachadores la práctica de chequear las rutas al inicio de turno y modificar en caso de que alguna se escape de los parámetros de pendiente (-10,10) – No se puede configurar para que, si la pendiente se escapa de este rango, no se pueda guardar la ruta?  - Queda pendiente ver qué podemos hacer para poder recalcular la distancia equivalente para aquellas fechas en que se ingresó mal algún parámetro y dan resultados inconsistentes (negativos incluso)"
500Qi00000OeesEIAR,00564863,2025-01-14 11:28:21,Closed,MLCC - Consulta Jigsaw Velocidad Media Equivalente,Maikol Salas,Maikol Salas,2025-02-19 10:23:22,Pablo solicita reuniones semanales donde se tocan las preguntas realizadas en el ticket.
500Qi00000OensIIAR,00564869,2025-01-14 12:34:33,Closed,MLCC - Cambios y eliminación de estados,Claudio Ponce,N/A,N/A,Sin comentarios
500Qi00000OfI9mIAF,00564878,2025-01-14 13:29:38,Closed,"Inquiry About Parameters Triggering ""Searching Face"" Event",Pablo Perez,Jason Xia,2025-01-14 19:21:25,"Hi Pablo,    The parameter for searching face is defined in the fatigue_level table's active timeout column. If the system is unable to locate the face for more than the configured time (in seconds), searching face events will be generated.    Face lost will trigger when the system detected a partial fatigue but then suddenly couldnt detect operator's face. This is defined in the configuration fatigue.face_lost, the default value is 20. In other words, you get face lost event when OAS detected microsleep percent to be 20 or above but then suddenly unable to locate operator's face.     Let me know if you have any questions"
500Qi00000OfI9mIAF,00564878,2025-01-14 13:29:38,Closed,"Inquiry About Parameters Triggering ""Searching Face"" Event",Pablo Perez,Pablo Perez,2025-01-16 10:42:45,"Thank you very much, Jason. That clarified it for me."
500Qi00000OfjzTIAR,00564882,2025-01-14 14:27:18,Closed,CNN - Leyes Acopio M1,Claudio Ponce,Claudio Ponce,2025-01-14 14:53:22,Se realizan las modificaciones solicitadas y se envia un correo a Juan para que nos confirme que esta todo ok.
500Qi00000OhZKuIAN,00564931,2025-01-14 21:47:56,Closed,CNMS - PA834 Bajo uso,Ricardo Rubio,N/A,N/A,Sin comentarios
500Qi00000OiGRSIA3,00564951,2025-01-15 02:26:45,Closed,AAM - Revision JSMina,Ricardo Rubio,N/A,N/A,Sin comentarios
500Qi00000OiJ18IAF,00564952,2025-01-15 02:45:57,Closed,CNCHUQ - Revision PA230,Ricardo Rubio,Ricardo Rubio,2025-01-15 03:40:29,"Al revisar la PA230 nos percatamos que no hay ping con esta, por lo que los cambios de estados no se realizan correctamente debido a este problema.     Por otra parte, se visualizan sus vias naranjas, por lo que se revisan las tronadas que estan asignadas para cada Pala, en donde estas tienen la Cota en 0. Por lo que se le coloca la elevacion correcta y las vias quedan operativas."
500Qi00000Ojn3eIAB,00564983,2025-01-15 12:40:14,Closed,MLCC - Baja de servicios,Gustavo Cheng,N/A,N/A,Sin comentarios
500Qi00000OkC8PIAV,00564986,2025-01-15 13:12:24,Closed,CNDMH - C330F con pantalla pegada,Gustavo Cheng,N/A,N/A,Sin comentarios
500Qi00000OkSMwIAN,00565008,2025-01-15 14:36:53,Closed,CNDMH - Revisar puertos Sar CAEX 303,Gustavo Cheng,Gustavo Cheng,2025-01-15 15:58:52,Se reinicia el puerto del CAS (1/2/2) y se informa a Uber para que pueda hacer revisión y validación correspondiente.
500Qi00000OkiLMIAZ,00565025,2025-01-15 16:13:41,Closed,AAM - Revisión CAEX 37 pegado en sistema,Gustavo Cheng,N/A,N/A,Sin comentarios
500Qi00000OlK8jIAF,00565033,2025-01-15 17:09:17,Closed,AAM - Camión 36 perdió vueltas,Gustavo Cheng,N/A,N/A,Sin comentarios
500Qi00000OlCrHIAV,00565035,2025-01-15 17:26:00,Closed,MLCC - Creación o modificación perfil mantención,Gustavo Cheng,Gustavo Cheng,2025-01-15 19:05:06,Dentro de las opciones estaba modificar el perfil MANTENCION3 de modo que permitiera cambiar los códigos a otros de mantención o modificar el perfil MANTENCION2 para que no se puedan borrar estados. Prioritariamente que MANTENCION2 no pueda borrar ya que cuenta con la función de ver todos los estados actuales y no solo los de mantención generando mayor entendimiento de los cambios de estados de los equipos.
500Qi00000OmCtvIAF,00565057,2025-01-15 20:36:06,Closed,AMANT - Sin comunicacion con servidor OAS y FMS,Roberto Maldonado,Roberto Maldonado,2025-01-15 20:37:16,"Se lama a Rodrigo Montenegro quien nos comunica que no se tiene acceso a por internet a la faena, este es el motivo de la desconexion. Se queda a la espera de retomar esta conexion."
500Qi00000OmCtvIAF,00565057,2025-01-15 20:36:06,Closed,AMANT - Sin comunicacion con servidor OAS y FMS,Roberto Maldonado,Roberto Maldonado,2025-01-16 04:53:54,Luego de volver la conexión hacia antucoya esta se mantiene estable.
500Qi00000OmfO1IAJ,00565078,2025-01-15 23:51:24,Closed,AMCEN -  Revisión de PE1 y PE4,Roberto Maldonado,Roberto Maldonado,2025-01-16 00:24:46,Se informa la cliente que la anomalía se debe a centelleos solares que afectan al norte de chile.
500Qi00000OmfBAIAZ,00565081,2025-01-16 00:39:20,Closed,MLCC - Revisión D101,Roberto Maldonado,Roberto Maldonado,2025-01-16 00:40:49,"Se revisa perforadora encontrando que GPS2 no tiene datos de coordenadas. Se hace un reinicio pero esto no levanta la antena, se informa a Pablo Jaime Bugueño para su coordinacion de atención en terreno."
500Qi00000OmfBAIAZ,00565081,2025-01-16 00:39:20,Closed,MLCC - Revisión D101,Roberto Maldonado,Roberto Maldonado,2025-01-16 05:04:26,En posterior revisión se detecta que el equipo ya fue atendido en terreno y se encuentra funcionando correctamente.
500Qi00000Omkh3IAB,00565083,2025-01-16 00:43:20,Closed,MLCC - Revisión de polígono,Roberto Maldonado,Roberto Maldonado,2025-01-16 00:44:22,"Se revisa las carpetas encontrando que este archivo no se esta cargando, posteriormente se vuelve a revisar y el archivo se encuentra en la carpeta save. Se consulta a Pablo quien nos comenta que no se puede visualizar el poligono."
500Qi00000Omkh3IAB,00565083,2025-01-16 00:43:20,Closed,MLCC - Revisión de polígono,Roberto Maldonado,Roberto Maldonado,2025-01-16 01:22:29,En posterior revision se detecta que el poligono se encuentra cargado en el sistema pero no se muestra en mineops segun la ubicacion que nos menciona el cliente
500Qi00000Omkh3IAB,00565083,2025-01-16 00:43:20,Closed,MLCC - Revisión de polígono,Roberto Maldonado,Roberto Maldonado,2025-01-16 05:01:58,Finalmente se detecta que los dos polígonos que define el archivo si están subidos al sistema y que el faltante no estaba dentro del archivo.
500Qi00000Oo2QbIAJ,00565116,2025-01-16 10:04:45,Closed,Generar una consulta SQL para recuperar planes de algunos Indicadores,Yazmin Sanchez,Yazmin Sanchez,2025-01-20 15:34:57,"16-ene se envía correo a Carlos Contreras indicando que la consulta (query) solicitada esta lista, se adjunta en el correo y se solicita su revisión, esperando si existen comentarios."
500Qi00000Oo2QbIAJ,00565116,2025-01-16 10:04:45,Closed,Generar una consulta SQL para recuperar planes de algunos Indicadores,Yazmin Sanchez,Yazmin Sanchez,2025-01-20 15:36:01,"20-Ene, se consulta a Carlos Contreras si tiene observaciones de la consulta (query), en caso contrario indicar si se puede cerrar el ticket"
500Qi00000Oo2QbIAJ,00565116,2025-01-16 10:04:45,Closed,Generar una consulta SQL para recuperar planes de algunos Indicadores,Yazmin Sanchez,Yazmin Sanchez,2025-01-24 17:09:15,"22-Ene: Usuario responde indicando que no tiene observaciones en la consulta.    23 y 24 Ene: junto a Paulina Aedo se realizan cambios en los name del plan (Mensual y Budget), se genera un documento y se envía a los usuarios de caserones."
500Qi00000OoLeXIAV,00565122,2025-01-16 11:26:23,Closed,AMANT - Servicio SQL Server pegado,Gustavo Cheng,N/A,N/A,Sin comentarios
500Qi00000OpHPCIA3,00565146,2025-01-16 14:36:35,Closed,MLCC - Camiones no aceptan como destino Chancado,Gustavo Cheng,N/A,N/A,Sin comentarios
500Qi00000OqIuKIAV,00565176,2025-01-16 18:22:41,Closed,CNN - No se guardan registros de horómetros de equipos,Ricardo Rubio,Ricardo Rubio,2025-01-22 15:45:41,"Se observa que falta una configuracion en la tabla enum_tables, la cual es la ShiftServicesSource, la cual no existia, por lo que se hace un insert con los datos correspondientes y se realiza una prueba con el ingreso del horometro de un Camion X, en donde se ve reflejado en la tabla shift_Services."
500Qi00000OrFXnIAN,00565188,2025-01-16 22:50:20,Closed,MLCC - Revisión de Perforadora D101,Roberto Maldonado,Roberto Maldonado,2025-01-16 22:50:46,Se hace reinicio de perforadora regularizando comportamiento de antenas GPS.
500Qi00000OruawIAB,00565217,2025-01-17 04:29:58,Closed,MLCC - Revisión de importador de poligonos,Roberto Maldonado,Roberto Maldonado,2025-01-17 04:31:23,"Se revisa el importador, y se comprueba que el polígono se ha cargado a la base de datos. Posteriormente Pablo nos confirma que ya se representa en jmina."
500Qi00000Os7zfIAB,00565224,2025-01-17 06:25:47,Closed,AMCEN -  Revisión de C151,Roberto Maldonado,Roberto Maldonado,2025-01-17 06:32:03,Se hace revisión del equipo encontrando que este tiene correcto posicionamiento tanto en mineops como en el equipo de terreno. Se envía la informacion al cliente y se hace reinicio del equipo.
500Qi00000Os7l8IAB,00565225,2025-01-17 06:29:21,Closed,Monitoreo - AMCEN -  Caída de servicio OAS,Roberto Maldonado,Roberto Maldonado,2025-01-17 06:30:54,"Se detecta servicio caído en servidor, se levanta recuperando el monitoreo del OAS."
500Qi00000Osc5kIAB,00565244,2025-01-17 10:36:52,Closed,CNDMH - Monitorear C306,Gustavo Cheng,N/A,N/A,Sin comentarios
500Qi00000OshYQIAZ,00565245,2025-01-17 10:37:39,Closed,CNDMH - C345 con pantalla pegada,Gustavo Cheng,N/A,N/A,Sin comentarios
500Qi00000OuFHyIAN,00565277,2025-01-17 16:12:47,Closed,CNDMH - Revisar C338 inconsistencia de funcionamiento,South American Support Q,N/A,N/A,Sin comentarios
500Qi00000OtzYDIAZ,00565279,2025-01-17 16:15:05,Closed,AMZAL - H44 no visualiza nada en mapa,Gustavo Cheng,N/A,N/A,Sin comentarios
500Qi00000Ov1MXIAZ,00565288,2025-01-17 18:39:41,Closed,AMZAL - CAEX H58 no acepta actividad Cargando,Roberto Maldonado,Roberto Maldonado,2025-01-17 20:26:05,"Se informa a Alejandro para que revise el equipo en terreno, enfocándose en el conector de plm y su cable que suele estar doblado."
500Qi00000Ov1MXIAZ,00565288,2025-01-17 18:39:41,Closed,AMZAL - CAEX H58 no acepta actividad Cargando,Roberto Maldonado,Roberto Maldonado,2025-01-18 01:32:22,Equipo después de salir de taller se estabiliza y comienza a realizar correctamente las vueltas.
500Qi00000OumYtIAJ,00565289,2025-01-17 18:47:39,Closed,CNDMH - Confirmar que tiene VNC P204,Roberto Maldonado,Gustavo Cheng,2025-01-17 18:48:07,"Sebastian se encuentra en el equipo e informa que levanta todo correcto, se ven barras de comunicaciones y gps todo en verde."
500Qi00000OumYtIAJ,00565289,2025-01-17 18:47:39,Closed,CNDMH - Confirmar que tiene VNC P204,Roberto Maldonado,Gustavo Cheng,2025-01-17 18:48:38,De momento no se puede levantar VNC ya que se queda colgado esperando a levantar y luego salta un error de timeout
500Qi00000OumYtIAJ,00565289,2025-01-17 18:47:39,Closed,CNDMH - Confirmar que tiene VNC P204,Roberto Maldonado,Roberto Maldonado,2025-01-18 01:14:18,Se detecta al hacer un ifconfig que no se encuentra el tun0 del equipo. Se crean nuevamente los certificados para el equipo y envía el setup a los técnicos para que vuelvan a instalar el equipo.
500Qi00000OumYtIAJ,00565289,2025-01-17 18:47:39,Closed,CNDMH - Confirmar que tiene VNC P204,Roberto Maldonado,Roberto Maldonado,2025-01-18 02:34:48,"Posterior a reinstalación del equipo este levanta correctamente el tunel y se puede visualizar por VNC, se menciona igualmente que la señal de cobertura aparece en plomo todavía."
500Qi00000OvMPRIA3,00565307,2025-01-17 21:53:14,Closed,CNDMH - Reinicio de C052,Roberto Maldonado,Roberto Maldonado,2025-01-17 22:04:11,Se hace reinicio del sistema en el equipo recuperando correctamente le funcionamiento de la pantalla.
500Qi00000OvMPRIA3,00565307,2025-01-17 21:53:14,Closed,CNDMH - Reinicio de C052,Roberto Maldonado,Roberto Maldonado,2025-01-18 02:28:37,"Equipo vuelve a fallar, se hace revisión no pudiendo entrar directamente al equipos, se debe ingresar por la IP de terreno, ya dentro del equipo se encuentra que no tiene definido un túnel. Se le pide a técnicos que vuelvan a instalar el sistema en el equipo como se hizo con la pala P204 que presento el mismo inconveniente."
500Qi00000OvMPRIA3,00565307,2025-01-17 21:53:14,Closed,CNDMH - Reinicio de C052,Roberto Maldonado,Roberto Maldonado,2025-01-18 05:45:03,Se crea caso general a ticket 00565321
500Qi00000OvzXDIAZ,00565321,2025-01-18 05:38:17,Closed,Monitoreo - CNDMH - Equipos con cambio de segmento a xx.xx.44.xx,Gustavo Cheng,Roberto Maldonado,2025-01-18 05:40:41,En revisión de C052 se detecta que este tiene la ip asociada en hosts 10.78.8.51 sin embargo en los cert tiene la ip asociada 10.78.44.51 la misma que aparece en device en ese momento. siguiendo con la revision se encuentra que hay mas equipos con esta condición y updated_at  en devices a partir del 05 del presente mes.
500Qi00000OvzXDIAZ,00565321,2025-01-18 05:38:17,Closed,Monitoreo - CNDMH - Equipos con cambio de segmento a xx.xx.44.xx,Gustavo Cheng,Roberto Maldonado,2025-01-18 06:02:53,devuelvo IP de C052 a .44 para registro y revisión general durante el día.
500Qi00000OwZHPIA3,00565336,2025-01-18 13:53:38,Closed,CNDMH - CAEX se van a reserva,Gustavo Cheng,Roberto Maldonado,2025-01-18 21:09:09,"En monitoreo entre las 8 y 9 pm se hace revision de los equipos y seguimiento de rutas de equipo C724 el cual no presenta el problema de asignaciones, por lo que completa correctamente un ciclo e inicia otro."
500Qi00000Ox3osIAB,00565347,2025-01-18 19:27:33,Closed,AAM - Revisar vueltas borradas camión 59,Gustavo Cheng,Gustavo Cheng,2025-01-20 16:48:50,Dado que se revisó por vueltas eliminadas del caex durante el turno encontrando solo 2 que tiene sentido hayan sido borradas.
500Qi00000Ox3osIAB,00565347,2025-01-18 19:27:33,Closed,AAM - Revisar vueltas borradas camión 59,Gustavo Cheng,Gustavo Cheng,2025-01-20 16:48:21,Se intenta comunicar a Cristian nuevamente sin respuesta.
500Qi00000OxB4uIAF,00565351,2025-01-18 22:23:24,Closed,AAM - CEKO030 con version antigua,Roberto Maldonado,N/A,N/A,Sin comentarios
500Qi00000OxBCyIAN,00565353,2025-01-18 22:58:42,Closed,Monitoreo - MAGSA - Encolamientos de replicas a servidores.,Roberto Maldonado,Roberto Maldonado,2025-01-18 23:24:18,"Se detecta que servidor 179 esta muy lento, dificultando incluso reiniciar los servicios."
500Qi00000OxIJIIA3,00565355,2025-01-18 23:19:14,Closed,AMCEN -  Revisión de C44,Roberto Maldonado,Roberto Maldonado,2025-01-18 23:22:42,Se encuentra que el equipo no tiene datos GPS.
500Qi00000OxJdWIAV,00565356,2025-01-18 23:42:27,Closed,AMCEN -  Revisión de C154,Roberto Maldonado,Roberto Maldonado,2025-01-19 02:02:06,"Se monitorean 4 ciclos completos no encontrando que el equipo tenga un mal funcionamiento, este carga correctamente enviando a destino y en destino descarga correctamente y envía a punto y equipo de carga."
500Qi00000OxMDDIA3,00565357,2025-01-19 03:03:06,Closed,AMCEN -  Revisión de C49,Roberto Maldonado,Roberto Maldonado,2025-01-19 03:16:56,"Equipo se encuentra con problemas de intermitencia con los datos de gps desde la antena, además tiene intermitencia de comunicación con grandes saltos de latencia. Se informa por correo a técnicos y cliente de este hecho para su revisión en terreno por falla física."
500Qi00000Oxrs9IAB,00565373,2025-01-19 10:45:56,Closed,CNDMH - Camión no actualiza vueltas en pantalla,Gustavo Cheng,N/A,N/A,Sin comentarios
500Qi00000Oy4RFIAZ,00565376,2025-01-19 14:32:46,Closed,CNDMH - Terminando de instalar C780,Gustavo Cheng,Gustavo Cheng,2025-01-19 19:20:17,"Se mantiene monitoreo luego de la normalización de configuración y GPS, pudiendo observar un correcto comportamiento."
500Qi00000OyUtVIAV,00565397,2025-01-19 20:38:41,Closed,AMANT - Palas S02 no se muestra en rutas ni se le derivan camiones,Roberto Maldonado,Roberto Maldonado,2025-01-19 20:51:28,Se detecta que caminos generados tiene problemas de direccionamiento considerando el sistema que no se puede ir a cargar.
500Qi00000OyUtVIAV,00565397,2025-01-19 20:38:41,Closed,AMANT - Palas S02 no se muestra en rutas ni se le derivan camiones,Roberto Maldonado,Roberto Maldonado,2025-01-19 21:52:24,"Se detectan varios errores en la configuración de los ciclos, como rutas faltantes destinos incorrectos, se avisa a despachador y se le apoya creando las vías faltantes solucionando le problema."
500Qi00000Oz00TIAR,00565420,2025-01-20 02:01:37,Closed,AAM - revisión de CEKO059,Roberto Maldonado,Roberto Maldonado,2025-01-20 02:02:56,"En revisión de equipo se detecta que este no tiene problema con la antena GPS. Sin embargo hay una perdía de comunicación constante con le equipo, lo que imposibilita seguir revisando. Se comunica por correo al Despachador y personal en terreno para que se haga revisión del caso."
500Qi00000OzkPvIAJ,00565455,2025-01-20 09:44:18,Closed,AMZAL - H40 con sistema inconsistente,Gustavo Cheng,N/A,N/A,Sin comentarios
500Qi00000OzkBOIAZ,00565456,2025-01-20 09:55:33,Closed,AAM - No salieron las suscripciones a inicio de turno,Gustavo Cheng,Gustavo Cheng,2025-01-20 09:57:08,Se detecta que se perdió la comunicación entre servidor de reportes y servidor SMTP.
500Qi00000OzkBOIAZ,00565456,2025-01-20 09:55:33,Closed,AAM - No salieron las suscripciones a inicio de turno,Gustavo Cheng,Gustavo Cheng,2025-01-20 09:57:19,Se informa de esto a Marcelo formalmente para su gestión
500Qi00000OzkBOIAZ,00565456,2025-01-20 09:55:33,Closed,AAM - No salieron las suscripciones a inicio de turno,Gustavo Cheng,Gustavo Cheng,2025-01-21 10:17:11,Se espera que los reportes de suscripciones se envíen automáticamente ok para dar por resuelto el ticket y cerrar
500Qi00000P0Q2dIAF,00565491,2025-01-20 13:48:46,Assigned,AMCEN - Sumarizador no excluye tablas,Maikol Salas,Maikol Salas,2025-01-20 13:57:48,"Para confirmar que el campo enable en la tabla summaries no está siendo considerado por el sumarizador, se llevaron a cabo pruebas utilizando la tabla hour_equipment_reasons.   Para las pruebas se realizó lo siguiente:   -	Se trabajó sobre la tabla hour_equipment_reasons aplicando un “false” en el campo enable de la tabla summaries. Esto se hizo en centinela y antucoya. En ambos clientes el sumarizador si procesó la tabla, aunque estaban en “false”.   -	Posteriormente, revisé el parche 005_DEV_2.8-002.001_amcen-x86_64-linux-b3320-6ac21770.tar.gz, el cual incluye la modificación en el Summarizer que excluye las tablas con false en el campo enable. Descomprimí el parche y reemplazé el summarizer que venía en el parte por el de producción.  -	Ejecuté el sumarizador y monitoreé el log. Efectivamente el summarizer del parche si excluyó la tabla que tenia false en el campo enable.  -	Luego quité el false del campo enable para ver que en esta ocasión sumarizara la tabla y funcionó correctamente.  Al terminar las pruebas dejé el sumarizador correspondiente a la versión 2.8-005 y confirmé que la implementación realizada en la versión 2.8-002 no está presente en la 2.8-005"
500Qi00000P1Q3iIAF,00565517,2025-01-20 18:07:17,Closed,CNDMH - Adrian Leiva - Datos GPS - Replica DMH,Maikol Salas,N/A,N/A,Sin comentarios
500Qi00000P1PajIAF,00565518,2025-01-20 18:11:56,Closed,AMZAL - Sumarizar 15 del presente mes,Gustavo Cheng,N/A,N/A,Sin comentarios
500Qi00000P1mimIAB,00565531,2025-01-20 22:19:44,Closed,CNDMH - C780 no cuenta vueltas,Roberto Maldonado,Roberto Maldonado,2025-01-20 22:20:09,"Se detecta que el equipo no sube del JAMS, al revisar base de dato se nota qeu esta no se sube completamente."
500Qi00000P1mimIAB,00565531,2025-01-20 22:19:44,Closed,CNDMH - C780 no cuenta vueltas,Roberto Maldonado,Roberto Maldonado,2025-01-21 00:21:23,Se hace cambio de ip de terreno a túnel dentro de hosts y viceversa recuperando el tamaño correcto de la base de datos y su correcto funcionamiento y VNC.
500Qi00000P1mimIAB,00565531,2025-01-20 22:19:44,Closed,CNDMH - C780 no cuenta vueltas,Roberto Maldonado,Roberto Maldonado,2025-01-21 00:25:06,"Posteriormente nos comunica que no esta el estado de abastecimiento de combustible en el equipo, se procede a agregar la flota al código deseado."
500Qi00000P1mimIAB,00565531,2025-01-20 22:19:44,Closed,CNDMH - C780 no cuenta vueltas,Roberto Maldonado,Roberto Maldonado,2025-01-21 04:24:22,Se vuelve a reiniciar la base de datos para recuperar el nuevo estado abastecimiento de combustible.
500Qi00000P1zUYIAZ,00565534,2025-01-20 23:05:04,Closed,AMCEN -  Problemas con errores en factor de carga.,Ricardo Rubio,Roberto Maldonado,2025-01-21 00:30:21,"Se detecta que los datos de las tronadas que nos envía el cliente para revisar se encuentran con errores de configuración, se les señala este y envía correo para su corrección, se queda a la espera de esta para sumariar."
500Qi00000P1zUYIAZ,00565534,2025-01-20 23:05:04,Closed,AMCEN -  Problemas con errores en factor de carga.,Ricardo Rubio,Roberto Maldonado,2025-01-22 00:51:27,"Se hace revisión de estado de las ubicaciones y estas no han sido cambiadas, se deberá revisar junto a Nicolas durante el dia."
500Qi00000P24u1IAB,00565541,2025-01-21 00:13:40,Closed,CNDMH - C055 sin VNC,Roberto Maldonado,Roberto Maldonado,2025-01-21 00:19:45,"Se reconoce que  se comenzó a replicar la data hacia el servidor primario, para no saturar de informacion se borra la base de datos y reinicia el equipo recuperando VNC."
500Qi00000P24u1IAB,00565541,2025-01-21 00:13:40,Closed,CNDMH - C055 sin VNC,Roberto Maldonado,Roberto Maldonado,2025-01-21 00:18:04,"Equipo con alta data de en base de datos lo que relentiza su funcionamiento, igualmente se detecto un lapso sin comunicacion del equipo"
500Qi00000P27S6IAJ,00565543,2025-01-21 00:41:07,Closed,AMCEN - Revisión PA2,Roberto Maldonado,Roberto Maldonado,2025-01-21 05:46:40,"Se encuentra que PA2 esta trabajando correctamente visualizando los equipo, el equipo tiene problemas de GPS por centelleos lo que se informa a cliente ."
500Qi00000P27lRIAR,00565544,2025-01-21 00:42:03,Closed,AMCEN - Revisión C49,Roberto Maldonado,Roberto Maldonado,2025-01-21 05:48:48,"Equipo funciona correctamente con su antena GPS, sin embargo, tiene alta latencia de comunicaciones."
500Qi00000P2CZnIAN,00565546,2025-01-21 01:23:03,Closed,AMZAL - Sin datos pozos perforados 19-01-2024 turno B jmineops,Gustavo Cheng,Roberto Maldonado,2025-01-21 02:35:42,En revision de los pozos perforados y agregados manualmente no tiene un blast_id asociado. Se compata contra las perforadoras que trabajaron autonomo comprobando que fueron estos pozos los ingresados manualmente. se detecta igualmente que los pozos ingresados por el operador en su pantalla quedan correctamente cargados. Se suma a que en jview si se ven reflejados los pozos ingresados.
500Qi00000P2CZnIAN,00565546,2025-01-21 01:23:03,Closed,AMZAL - Sin datos pozos perforados 19-01-2024 turno B jmineops,Gustavo Cheng,Roberto Maldonado,2025-01-21 02:36:20,Se hara una prueba con el despachador cargando un pozo para ver los parametros que ingresa y asi comprobar como se integrana la base de datos.
500Qi00000P2CZnIAN,00565546,2025-01-21 01:23:03,Closed,AMZAL - Sin datos pozos perforados 19-01-2024 turno B jmineops,Gustavo Cheng,Roberto Maldonado,2025-01-21 05:51:19,"se comprueba que la subir un pozo manualmente, no se le asigna la id correspondiente."
500Qi00000P2CZnIAN,00565546,2025-01-21 01:23:03,Closed,AMZAL - Sin datos pozos perforados 19-01-2024 turno B jmineops,Gustavo Cheng,Gustavo Cheng,2025-01-21 09:13:42,"Nuevamente se comunica Miguel Cáceres, esta vez informando que la vista no funciona como corresponde ya que se está filtrando por turno B y se muestran datos de todo el día con horas 07:00 - 08:00 - 09:00 etc."
500Qi00000P2CZnIAN,00565546,2025-01-21 01:23:03,Closed,AMZAL - Sin datos pozos perforados 19-01-2024 turno B jmineops,Gustavo Cheng,Gustavo Cheng,2025-01-21 11:55:11,Se detecta un registro incorrecto y se informa de esto a Miguel Cáceres solicitando que por favor tengan mayor precaución al ingresar datos manualmente al sistema
500Qi00000P2ZL3IAN,00565552,2025-01-21 03:49:24,Closed,AMZAL - Problemas ubicacion pala S03,Roberto Maldonado,Roberto Maldonado,2025-01-21 04:59:27,Se habla con despachador y se le explica que esta mal puesta la cota de la tronada. una vez que se ubica con cota adecuada se recupera correcto funcionamiento. Despachador nos comenta que ellos trabajan sacando material desde arriba y van bajando.
500Qi00000P2YFMIA3,00565562,2025-01-21 05:02:41,Closed,AMZAL - Sin conexión a equipos de campo y jmineops,Roberto Maldonado,N/A,N/A,Sin comentarios
500Qi00000P5F1dIAF,00565657,2025-01-21 16:22:11,Closed,MLCC - Planillas excel no han actualizado,Gustavo Cheng,N/A,N/A,Sin comentarios
500Qi00000P5QxxIAF,00565659,2025-01-21 17:01:07,Closed,AMZAL - Pala 3 con pantalla pegada,Gustavo Cheng,N/A,N/A,Sin comentarios
500Qi00000P5aioIAB,00565666,2025-01-21 17:59:35,Closed,AMZAL - Aplicativo pegado,Roberto Maldonado,Gustavo Cheng,2025-01-21 18:00:27,"Se comunica en primera instancia María José Jara, luego se comunica Raúl Torres y luego Miguel Cáceres informando lo mismo. Todos en común con el perfil de despacho presentan el problema."
500Qi00000P5aioIAB,00565666,2025-01-21 17:59:35,Closed,AMZAL - Aplicativo pegado,Roberto Maldonado,Gustavo Cheng,2025-01-21 19:44:19,"Se detecta que el Stock STO-HL-ALTA está generando problemas su dibujo en el mapa mina, provocando que crashee el sistema. Se recomienda deshabilitarlo para poder utilizar el aplicativo sin problemas y revisar configuración para reparar condición."
500Qi00000P5aioIAB,00565666,2025-01-21 17:59:35,Closed,AMZAL - Aplicativo pegado,Roberto Maldonado,Roberto Maldonado,2025-01-22 00:35:52,"Se revisa boundarie asociado, encontrando que este posee multiples coordenadas asociadas. Se deja en deleted_at, sin embargo el boundarie sigue apareciendo."
500Qi00000P5l6RIAR,00565677,2025-01-21 19:04:29,Closed,AMCEN - Carga de plan anual 2025,Ricardo Rubio,Gustavo Cheng,2025-01-21 19:39:07,Se transfiere el plan al servidor y se espera a que el importador lo tome automáticamente para luego comentarlo y monitorear proceso
500Qi00000P5l6RIAR,00565677,2025-01-21 19:04:29,Closed,AMCEN - Carga de plan anual 2025,Ricardo Rubio,Roberto Maldonado,2025-01-21 21:39:16,Se corrige nombre del archivo y se vuelve a subir.
500Qi00000P5l6RIAR,00565677,2025-01-21 19:04:29,Closed,AMCEN - Carga de plan anual 2025,Ricardo Rubio,Roberto Maldonado,2025-01-22 00:27:44,Se intenta subir en varias oportunidades el plan pero este da errores. Se informa la cliente y se queda a la espera de su revisión.
500Qi00000P6xwiIAB,00565704,2025-01-22 01:55:28,Closed,MLCC - Palas 10 y 02 no aparecen en Rutas ni PL,Roberto Maldonado,Roberto Maldonado,2025-01-22 02:50:22,"Se detecta ruta mal creada para Pala 210 y destino sin el material en pala 202, se corrigen estos errores y pasados unos minutos se recupera el correcto funcionamiento del sistema. Se deja como dato que la recuperación de la PL demoro mas de 10 min."
500Qi00000P92qgIAB,00565771,2025-01-22 14:20:45,Closed,CNDMH - Revision P098,Ricardo Rubio,N/A,N/A,Sin comentarios
500Qi00000P9ucUIAR,00565807,2025-01-22 17:05:20,Closed,MLCC - Revision P202,Ricardo Rubio,N/A,N/A,Sin comentarios
500Qi00000PABgXIAX,00565813,2025-01-22 17:45:14,Closed,AMZAL - Revision Pala S04,Ricardo Rubio,N/A,N/A,Sin comentarios
500Qi00000P9vVNIAZ,00565814,2025-01-22 17:46:53,Closed,AMZAL - Sumarizar 21 de Enero,Ricardo Rubio,N/A,N/A,Sin comentarios
500Qi00000PBCnSIAX,00565852,2025-01-22 23:01:46,Closed,AMCEN - Solicitud de Carga de Mallas de Perforación,Claudio Ponce,N/A,N/A,Sin comentarios
500Qi00000PBWr2IAH,00565869,2025-01-23 04:07:52,Closed,AMCEN - Solicitud de revision de rendimientos reportados por Jview,Claudio Ponce,N/A,N/A,Sin comentarios
500Qi00000PCE5dIAH,00565887,2025-01-23 08:40:35,Closed,CAPCNN - Jview Lento,Ricardo Rubio,N/A,N/A,Sin comentarios
500Qi00000PE8llIAD,00565930,2025-01-23 16:05:03,Closed,AMZAL - Equipos Auxiliares en Reporte Jview,Ricardo Rubio,N/A,N/A,Sin comentarios
500Qi00000PEmmQIAT,00565951,2025-01-23 19:09:53,Closed,MLCC - Creacion Codigo,Ricardo Rubio,Ricardo Rubio,2025-01-23 19:21:48,Se le comunica a Karim que para la creacion de este estado necesitamos la confirmacion de Carlos Contreras para proceder.
500Qi00000PEmmQIAT,00565951,2025-01-23 19:09:53,Closed,MLCC - Creacion Codigo,Ricardo Rubio,Ricardo Rubio,2025-01-28 08:51:08,Se realiza la creacion del codigo RESERVA ENTREGADO POR MANTENCION - FIN DE TURNO con categoria Reserva. Se le envia un correo a Carlos Contreras y Karim Campos para confirmar si cumple con lo solicitado.
500Qi00000PEmmQIAT,00565951,2025-01-23 19:09:53,Closed,MLCC - Creacion Codigo,Ricardo Rubio,Ricardo Rubio,2025-01-28 08:34:12,"Se recibe la confirmacion de Carlos Contreras y se le llama a Karim Campos para revisar que categoria se le indicara a este nuevo estado, la cual sera Reserva."
500Qi00000PF4xoIAD,00565959,2025-01-23 19:58:11,Closed,CNRT - Reporte detalle metro perforado,Claudio Ponce,Claudio Ponce,2025-01-24 07:05:09,Se revisara el equipo en terreno porque este dejo de entregar datos en septiembre
500Qi00000PFgYPIA1,00565975,2025-01-23 22:36:48,Closed,AMCEN - Solicitud de revision de equipos.s por Jview,Claudio Ponce,N/A,N/A,Sin comentarios
500Qi00000PGcRCIA1,00566026,2025-01-24 08:07:45,Closed,AMZAL - RE: Solicitud creación perfil JmineOP,Claudio Ponce,N/A,N/A,Sin comentarios
500Qi00000PGmQVIA1,00566028,2025-01-24 08:46:40,Closed,CNDMH - Revision C780,Ricardo Rubio,N/A,N/A,Sin comentarios
500Qi00000PGMnpIAH,00566033,2025-01-24 09:44:29,Closed,CNDMH - Revision C345,Ricardo Rubio,N/A,N/A,Sin comentarios
500Qi00000PGwMhIAL,00566036,2025-01-24 10:31:46,Closed,Monitoreo - CNDMH - Proceso Encolados Servidor DMZ,Ricardo Rubio,N/A,N/A,Sin comentarios
500Qi00000PHzruIAD,00566046,2025-01-24 13:36:55,Closed,CNDMH - CheckList Operacional C780,Ricardo Rubio,N/A,N/A,Sin comentarios
500Qi00000PI0w3IAD,00566047,2025-01-24 13:38:39,Closed,MLCC - Problemas ejecucion JOB SGO,Ricardo Rubio,Ricardo Rubio,2025-01-24 19:26:45,"Primero se realizo una detencion de las cuentas que estaban utilizando la base de datos SQL, para evitar mayor transferencia de datos y asi visualizar si el JOB se podia ejecutar correctamente. Lo cual no funciono."
500Qi00000PI0w3IAD,00566047,2025-01-24 13:38:39,Closed,MLCC - Problemas ejecucion JOB SGO,Ricardo Rubio,Ricardo Rubio,2025-01-24 20:09:02,"Se realiza un reload a la tabla enum_tables del servidor 59, ya que no tenia la misma informacion que el postgres ni el SQL del servidor 58, se queda a la espera de la respuesta del cliente."
500Qi00000PI0w3IAD,00566047,2025-01-24 13:38:39,Closed,MLCC - Problemas ejecucion JOB SGO,Ricardo Rubio,Ricardo Rubio,2025-01-27 19:11:05,"El problema estaba en la query del Cliente relacionaba la tabla enum_tables con la tabla locations, ya que intenta buscar el Type InputDump en la tabla enum_tables como Type='Unit'."
500Qi00000PI0w3IAD,00566047,2025-01-24 13:38:39,Closed,MLCC - Problemas ejecucion JOB SGO,Ricardo Rubio,Ricardo Rubio,2025-01-28 09:48:00,"Se realiza una modificacion por parte de Yazmin Sanches en la tabla enum_tables, agregando el valor InputDump en la tabla (type='Unit'), con el fin de evitar modificaciones en la consulta actual del cliente."
500Qi00000PITGTIA5,00566055,2025-01-24 15:11:19,Closed,Monitoreo - AMZAL - Sin comunicacion Servidores,Ricardo Rubio,Ricardo Rubio,2025-01-24 17:27:32,"Vuelve la comunicacion con los Servidores de manera correcta, pero Freddy queda en comunicarnos cual fue el problema."
500Qi00000PJ2PVIA1,00566065,2025-01-24 17:29:39,Closed,AMANT - Revision Perforadora D05 y D07,Ricardo Rubio,N/A,N/A,Sin comentarios
500Qi00000PJ3rrIAD,00566066,2025-01-24 17:40:57,Closed,"Modificación ""Name"" en importador de planes",Paulina Aedo,N/A,N/A,Sin comentarios
500Qi00000PJSGkIAP,00566080,2025-01-24 20:12:20,Closed,Monitoreo - CNRI - JAMS Router Reiniciandose,Ricardo Rubio,N/A,N/A,Sin comentarios
500Qi00000PJOQ6IAP,00566081,2025-01-24 20:24:54,Closed,AMCEN - Revision reporte Resumen ejecutivo - Hexagon,Claudio Ponce,N/A,N/A,Sin comentarios
500Qi00000PJn8IIAT,00566083,2025-01-24 21:32:04,Closed,CNRT - Cambiar malla R11,Claudio Ponce,N/A,N/A,Sin comentarios
500Qi00000PJsUaIAL,00566088,2025-01-24 23:10:49,Closed,Monitoreo - AMZAL - Load average elevado,Claudio Ponce,N/A,N/A,Sin comentarios
500Qi00000PKO7sIAH,00566098,2025-01-25 05:40:22,Closed,AMCEN - Solicitud de revision de C131 Reinicio de pantalla,Claudio Ponce,N/A,N/A,Sin comentarios
500Qi00000PKiXxIAL,00566102,2025-01-25 10:42:06,Closed,AMZAL - Revision S04,Ricardo Rubio,N/A,N/A,Sin comentarios
500Qi00000PLB8YIAX,00566122,2025-01-25 17:31:59,Closed,AMCEN - Revision equipos CAS,Ricardo Rubio,Ricardo Rubio,2025-01-25 17:54:30,La solicitud se escala al Especialista CAS.
500Qi00000PKz7TIAT,00566123,2025-01-25 17:38:36,Closed,AMZAL - Sumarizar 24 de Enero,Ricardo Rubio,N/A,N/A,Sin comentarios
500Qi00000PLGBUIA5,00566132,2025-01-25 20:15:40,Closed,AMCEN - Reporte desactualizado,Ricardo Rubio,N/A,N/A,Sin comentarios
500Qi00000PLSSjIAP,00566134,2025-01-25 21:38:35,Closed,AMCEN - Solicitud de revision C46,Claudio Ponce,N/A,N/A,Sin comentarios
500Qi00000PLXk9IAH,00566143,2025-01-25 23:13:10,Closed,CNDMH - P098 problemas de GPS,Claudio Ponce,N/A,N/A,Sin comentarios
500Qi00000PLZCTIA5,00566152,2025-01-25 23:36:01,Closed,AMCEN - Solicitud de revision de PE1,Claudio Ponce,N/A,N/A,Sin comentarios
500Qi00000PLgHEIA1,00566163,2025-01-26 03:12:01,Closed,AMZAL - S03 no enciende,Claudio Ponce,Claudio Ponce,2025-01-26 07:31:18,"Se borra la BD interna del equipo y después lo reinicio, ahora levanta el sistema pero de forma muy lenta, Alexis le vuelve a instalar el sistema, pero la situación se mantiene, dejo coordinada una reinstalación de hardware con su contra turno del día"
500Qi00000PLgHEIA1,00566163,2025-01-26 03:12:01,Closed,AMZAL - S03 no enciende,Claudio Ponce,Ricardo Rubio,2025-01-26 11:02:36,"Freddy Quispe nos comenta que al hacer la instalacion del equipo, el core de este tomo la IP de la perforadora D15. Por lo que se le comenta que debe volver a hacer la reinstalacion."
500Qi00000PM23DIAT,00566175,2025-01-26 08:15:14,Closed,CNDMH - Caida Jview,Ricardo Rubio,N/A,N/A,Sin comentarios
500Qi00000PMSLqIAP,00566197,2025-01-26 15:03:02,Closed,AMZAL - Creacion Estado,Ricardo Rubio,Ricardo Rubio,2025-01-26 16:14:24,Se crea el nuevo Estado pero se queda a la confirmacion de Sebastian Fernandez para saber si no es contabilizado en la reportabilidad.
500Qi00000PMgGkIAL,00566217,2025-01-26 18:12:21,Closed,AMZAL - Revision H58,Ricardo Rubio,Ricardo Rubio,2025-01-26 19:04:54,"Se revisan los Logs del equipo donde efectivamente se realiza una descarga a mitad del camino, por lo que se realiza un monitoreo del Log del switch,boundary y actions, lo que ayudara con la resolucion del problema."
500Qi00000PMgGkIAL,00566217,2025-01-26 18:12:21,Closed,AMZAL - Revision H58,Ricardo Rubio,Ricardo Rubio,2025-01-26 19:50:46,"Al visualizar los Logs de los switch, boundary y actions, nos percatamos que al descargar a mitad de camino no se activa el switch, por lo que se descartan problemas del switch. Por otro lado, al visualizar la tabla devices, nos damos cuenta que el H58 fue actualizado recientemente, por lo que se asume que hay un cambio que no esta siendo tomado, se reinicia el JAMS Router del servidor y queda en monitoreo."
500Qi00000PMoT9IAL,00566231,2025-01-26 22:22:46,Closed,Monitoreo - MLCC - procesos sql encolados,Claudio Ponce,N/A,N/A,Sin comentarios
500Qi00000POTVcIAP,00566297,2025-01-27 11:37:57,Closed,MLCC - Revision Carga de Planes,Claudio Ponce,Ricardo Rubio,2025-01-27 12:27:18,"Se intentan subir los planes, los cuales nos aparecen un error en el importador indicando que hay un problema en el archivo."
500Qi00000POTVcIAP,00566297,2025-01-27 11:37:57,Closed,MLCC - Revision Carga de Planes,Claudio Ponce,Ricardo Rubio,2025-01-27 17:56:34,"Se realiza una reunion con Karim Campos, Pablo gavilan y Francisco Rojas, en las cuales se explicaron el como subir los planes ahora, por lo que quedan en modificar los archivos y enviarlos con la sintaxis correcta."
500Qi00000POTVcIAP,00566297,2025-01-27 11:37:57,Closed,MLCC - Revision Carga de Planes,Claudio Ponce,Ricardo Rubio,2025-01-28 09:54:35,"Se suben todos los planes, menos el Forecast el cual sera subido al dia 28-01-2025."
500Qi00000POTVcIAP,00566297,2025-01-27 11:37:57,Closed,MLCC - Revision Carga de Planes,Claudio Ponce,Ricardo Rubio,2025-01-28 09:27:32,"Luego de que volvieran a subir mal el PlanS, se le comunica para que lo vuelva a corregir. Mientras se suben los demas planes."
500Qi00000POTVcIAP,00566297,2025-01-27 11:37:57,Closed,MLCC - Revision Carga de Planes,Claudio Ponce,Claudio Ponce,2025-01-28 23:08:18,Se abre el ticket nuevamente porque el cliente le cambio el nombre al archivo y pidió que se volviera a subir
500Qi00000POYyEIAX,00566298,2025-01-27 11:39:04,Closed,MLCC - Revision Poligonos Eliminados,Roberto Maldonado,Ricardo Rubio,2025-01-27 12:33:38,Se realiza una investigacion en donde nos percatamos que los poligonos fueron borrados por el usuario Sgalleguillos. Por lo que se le comenta a Karim y quedamos pendientes a su respuesta.
500Qi00000POYyEIAX,00566298,2025-01-27 11:39:04,Closed,MLCC - Revision Poligonos Eliminados,Roberto Maldonado,Ricardo Rubio,2025-01-28 08:33:22,"Sebastian Galleguillos nos comenta que el realizo esas eliminaciones ya que son preliminares. Por otro lado nos solicita investigar el poligono F05_3995_002 el cual fue eliminado, por lo que al revisar nuevamente la tabla grades nos fijamos que estos poligonos no estan borrados, pero si fueron borrados en algun momento por los usuarios alarenas1 y Sgalleguillos, se les envia evidencia de la change_logs para mostrar los cambios y el dia de estos."
500Qi00000POYyEIAX,00566298,2025-01-27 11:39:04,Closed,MLCC - Revision Poligonos Eliminados,Roberto Maldonado,Ricardo Rubio,2025-01-28 09:45:09,"Sebastian nos consulta nuevamente por la Tronada F05_3995_003, en donde al realizar la misma investigacion, observamos que se encuentran borrados dos Poligonos relacionados que estan eliminados, estas eliminaciones fueron realizadas por el usuario kcampos y Sgalleguillos."
500Qi00000POYyEIAX,00566298,2025-01-27 11:39:04,Closed,MLCC - Revision Poligonos Eliminados,Roberto Maldonado,Ricardo Rubio,2025-01-28 21:43:56,"Sebastian solicita dejar pasado el ticket al proximo turno, ya que realizaran preguntas para ir """"enclareciendo el tema poligono hasta buscar la meseta que beneficie la continiudad de la operacion mina"""", esto informado en el ultimo correo de Sebastian."
500Qi00000POYyEIAX,00566298,2025-01-27 11:39:04,Closed,MLCC - Revision Poligonos Eliminados,Roberto Maldonado,Roberto Maldonado,2025-02-01 13:20:26,"No se vuelve a detectar problemas de eliminación de polígonos, y el cliente no da mas antecedentes del caso."
500Qi00000POpe8IAD,00566311,2025-01-27 12:44:07,Closed,AMZAL - Solicitud creacion perfil JmineOps,Ricardo Rubio,Ricardo Rubio,2025-01-27 13:42:58,Se crean los usuarios solicitados por Mario Mancilla y se les entregan mediante correo. Quedamos atentos a su confirmacion.
500Qi00000POpe8IAD,00566311,2025-01-27 12:44:07,Closed,AMZAL - Solicitud creacion perfil JmineOps,Ricardo Rubio,Ricardo Rubio,2025-01-27 19:37:15,"Se crea otro usuario como minframos, ya que fue un usuario faltante. Se le envian el nuevo usuario creado y se queda a la espera de su confirmacion."
500Qi00000PP0hZIAT,00566312,2025-01-27 12:49:41,Closed,CAPCNN - Problema con tonelajes cierre Reporte de Gerencia,Ricardo Rubio,Ricardo Rubio,2025-01-27 17:46:22,"Se revisa el Movimiento total desde el MineOps y en el reporte Jview """"Reporte Gerencia CNN"""" en donde los valores del Tonelaje calzan. Por lo que se le indica que la diferenca reflejada en el Reporte automatico que se le manda a las 20:00hrs es debido a que no esta actualizado con la ultima data, por lo que no se vera reflejada alguna modificacion realizada en alguna vuelta o algun valor agregado recientemente, a diferencia del Jview y MineOps."
500Qi00000POyWAIA1,00566313,2025-01-27 13:19:22,Closed,Monitoreo - CNDMH - Errro Sumarizador,Ricardo Rubio,Ricardo Rubio,2025-01-27 13:28:59,"Se realiza un update a los nombres del Poligono F08-2295-05, ya que poseen el mismo nombre los tres registros, independiente de que esten eliminados con deleted_at, se le cambia el nombre igualmente a los dos eliminados para que el sumarizador pueda pasar de manera correcta."
500Qi00000PPXVVIA5,00566336,2025-01-27 15:10:54,Closed,AMZAL - Revision D10,Ricardo Rubio,N/A,N/A,Sin comentarios
500Qi00000PPsV4IAL,00566341,2025-01-27 15:46:36,Working,CNRT-Mantenimiento BD ME Codelco RT,Tomas Jimenez,Tomas Jimenez,2025-01-27 15:49:56,Se adjunta correo con la solicitud recibida
500Qi00000PPuS5IAL,00566347,2025-01-27 16:33:09,Closed,Script to Address Gray Front Snapshots,Pablo Perez,N/A,N/A,Sin comentarios
500Qi00000PQIEDIA5,00566349,2025-01-27 17:01:45,Closed,MLCC - Revision C318,Ricardo Rubio,Ricardo Rubio,2025-01-27 17:18:06,"Se le avisa a Raul que la razon por la que el equipo desaparece de la mina, puede ser su comunicacion, el cual en su trayecto tuvo un 44% de packetloss."
500Qi00000PQFjQIAX,00566351,2025-01-27 17:23:14,Closed,MLCC - Revision Chancado,Ricardo Rubio,Ricardo Rubio,2025-01-27 17:52:13,"Se realiza una eliminacion de los duplicados del CHANCADO, lo que pudo haber estado provocando que el cambio de estado no fuera correcto. Al revisar nuevamente el CHANCADO, este paso a estado Operativo, por lo que no se pudo visualizar si ese era el problema. Karim Campos queda en avisarnos si el problema vuelve a presentarse."
500Qi00000PQq4jIAD,00566367,2025-01-27 20:22:11,Closed,AMCEN - Solicitud de revision PA26 pantalla congelada,Claudio Ponce,Claudio Ponce,2025-01-27 20:34:49,"Después del reinicio se revisa nuevamente el equipo, encontrando que el problema es la antena N°2 del gps la cual no esta entregando correcciones, se le envía un correo a Juan indicando que deben revisar el equipo en terreno."
500Qi00000PQq4jIAD,00566367,2025-01-27 20:22:11,Closed,AMCEN - Solicitud de revision PA26 pantalla congelada,Claudio Ponce,Claudio Ponce,2025-01-27 20:26:46,"Se revisa el equipo, el cual no tiene la pantalla congelada como nos indica Juan, sino que su gps esta en rojo (se ve movimiento en la pantalla) , se reinicia el core y la pantalla"
500Qi00000PRN2BIAX,00566374,2025-01-27 22:11:54,Closed,Monitoreo - AMANT - Mantencion servidor secundario Postgres,Claudio Ponce,Claudio Ponce,2025-01-27 23:10:14,"Se realiza la mantención de la BD y se envía el paso a paso a Guillermo , Nelson , Armando y todo el equipo de soporte."
500Qi00000PRVnhIAH,00566376,2025-01-27 22:24:48,Closed,Monitoreo - AMCEN - Load average elevado,Claudio Ponce,Claudio Ponce,2025-01-27 23:14:44,Se detectan muchas consultas en idle y se eliminan porque están usando muchos recursos
500Qi00000PRsSXIA1,00566395,2025-01-28 02:12:54,Closed,AMCEN - Solicitud de revision C16,Claudio Ponce,Claudio Ponce,2025-01-28 02:21:19,"Se revisa el equipo, el cual no tenia comunicación, cuando se logra revisar el equipo, este muestra su ubicación correctamente dentro del mapa"
500Qi00000PS2DNIA1,00566409,2025-01-28 03:58:36,Closed,AMCEN - Solicitud de revision de Pantalla de C131,Claudio Ponce,Claudio Ponce,2025-01-28 03:59:08,"Se revisa el equipo, el cual pareciera funcionar bien, se tiene acceso a su vnc y se ve correctamente, pero de todas formas lo reinicio"
500Qi00000PSvwEIAT,00566426,2025-01-28 10:17:19,Closed,MLCC - Sumarizar mes de Enero.,Ricardo Rubio,N/A,N/A,Sin comentarios
500Qi00000PT6RpIAL,00566431,2025-01-28 10:40:43,Closed,MLCC - Revision C316,Ricardo Rubio,Ricardo Rubio,2025-01-28 11:11:33,"Tambien se le envia un nuevo setup.sqfs para descartar posibles problemas con el pendrive, pero justo en ese momento, logramos levantar el equipo."
500Qi00000PT6RpIAL,00566431,2025-01-28 10:40:43,Closed,MLCC - Revision C316,Ricardo Rubio,Ricardo Rubio,2025-01-28 11:05:50,"Se le comenta a Naldo Gustamante que realice una reinstalacion del equipo, ya que no cargo el JAMS de este."
500Qi00000PThzLIAT,00566451,2025-01-28 12:56:23,Closed,AMZAL - Revision H58,Ricardo Rubio,Ricardo Rubio,2025-01-28 12:57:09,"Durante la llamada le realizamos un ping al H58 el cual no poseia comunicacion, por lo que se le comenta que el equipo debera ser atendido en terreno."
500Qi00000PThzLIAT,00566451,2025-01-28 12:56:23,Closed,AMZAL - Revision H58,Ricardo Rubio,Ricardo Rubio,2025-01-28 14:14:20,"Al revisar el equipo en terreno nos comentan que tenia problemas con la energizacion del sistema, por lo Jorge Diaz me comenta que realizaron un mantenimiento y tambien atienden el sensor de la tolva, ya que el CAEX descargaba a mitad de camino. Queda en monitoreo para visualizar el correcto funcionamiento de este sensor."
500Qi00000PUCQPIA5,00566480,2025-01-28 14:55:23,Closed,MLCC - Invalid User,Ricardo Rubio,Ricardo Rubio,2025-01-28 15:02:55,"No se encuentra el usuario mencionado por Mesa de Ayuda Ti-To, por lo que se le comenta que para la creacion de estos nuevos usuarios debe ser informado por Carlos Contreras, ya que se realizo un procedimiento de la eliminacion de todos los usuarios y ahora ellos son los que realizan estas creaciones."
500Qi00000PUxp6IAD,00566506,2025-01-28 16:59:00,Closed,AMZAL - Revision codigos de Equipos,Roberto Maldonado,Ricardo Rubio,2025-01-28 19:32:40,"El problema era que las demas vistas excluyendo la de las Perforadoras funcionan correctamente, por lo que se le copia la configuracion del truck_view a la de drill_view, agregando el valor filter_by_equipment_type=true a esta ultima. Luego de esta correccion se visualizan correctamente los estados de las perforadoras en la vista """"Perforadoras""""."
500Qi00000PUxp6IAD,00566506,2025-01-28 16:59:00,Closed,AMZAL - Revision codigos de Equipos,Roberto Maldonado,Claudio Ponce,2025-01-28 23:25:10,Se intenta ver que todo quedo ok pero todas las perforadoras estan en Reserva
500Qi00000PUxp6IAD,00566506,2025-01-28 16:59:00,Closed,AMZAL - Revision codigos de Equipos,Roberto Maldonado,Claudio Ponce,2025-01-28 23:33:58,Desde mineops se ven bien los estados (falta comprobación desde el VNC)
500Qi00000PUxp6IAD,00566506,2025-01-28 16:59:00,Closed,AMZAL - Revision codigos de Equipos,Roberto Maldonado,Claudio Ponce,2025-01-29 04:38:15,"Las perforadoras siguen en reserva, sin conexion con el servidor."
500Qi00000PUxp6IAD,00566506,2025-01-28 16:59:00,Closed,AMZAL - Revision codigos de Equipos,Roberto Maldonado,Roberto Maldonado,2025-01-29 09:40:58,Se coordina con Alejandro técnico en terreno para tomar una perforadora y hacer las pruebas.
500Qi00000PUxp6IAD,00566506,2025-01-28 16:59:00,Closed,AMZAL - Revision codigos de Equipos,Roberto Maldonado,Roberto Maldonado,2025-01-29 15:11:15,Miguel Caceres solicita nuevamente la revisión de los códigos ya que según el revisa hay códigos que aparecen en equipo donde no deberían aparecer. Nos hace incapie en revisar el modulo de los códigos para que este haga el cambio automático en los equipos.
500Qi00000PUxp6IAD,00566506,2025-01-28 16:59:00,Closed,AMZAL - Revision codigos de Equipos,Roberto Maldonado,Roberto Maldonado,2025-01-29 19:31:28,"Se detectan códigos sin tipo asociados y de estado operativo, se hace modificación de esto a tipo unknow según nos pide Caceres, posterior a esto ya no se muestran en los módulos de perforadoras. Se le informa por correo a Miguel e informa que contra turno seguira revisando como se visualiza en las perforadoras ya que estas siguen detenidas."
500Qi00000PV9DYIA1,00566511,2025-01-28 17:38:16,Closed,CNCHUQ - Revision PA890,Ricardo Rubio,Ricardo Rubio,2025-01-28 19:11:58,"Se visualiza que el InpitDump INPITPALA-100 no tiene agregada su Fase, por lo que se le comenta a Diego Gonzalez para agregarle la correcta."
500Qi00000PWIMoIAP,00566530,2025-01-28 23:05:21,Closed,CNRT - Cargar malla perforadora R14,Claudio Ponce,Claudio Ponce,2025-01-28 23:13:21,"Se revisa el equipo, pero la malla que solicitan cargar, no existe, se le indica a Javier lo encontrado y nos comenta que van a trabajar con otra malla porque no tienen la claridad en despacho de cual debería estar usando la perforadora"
500Qi00000PWQ93IAH,00566534,2025-01-29 00:12:14,Closed,CNDMH - C352 pantalla pegada,Claudio Ponce,Claudio Ponce,2025-01-29 00:14:36,"Se revisa el equipo, el cual tiene movimiento en su pantalla , se pueden apretar las opciones, se revisa hasta que el operador descargo posterior a esto el mismo se realiza un cambio de estado por lo que estaría todo ok"
500Qi00000PWUvpIAH,00566536,2025-01-29 01:05:07,Closed,AMCEN - Solicitud de revision Pantalla de C131,Claudio Ponce,Claudio Ponce,2025-01-29 04:42:01,"Se revisa el equipo el cual no tenia la pantalla apagada, pero no tenia GPS, al volver a encender este carga el mapa correctamente, tiene buena señal y gps ok."
500Qi00000PXQyFIAX,00566580,2025-01-29 10:08:48,Closed,MLCC - Creación de cuenta jmineops,Roberto Maldonado,Roberto Maldonado,2025-01-29 12:01:22,"Se envia cuenta a cliente, el cual responde afirmando que tiene acceso correcto a mineops."
500Qi00000PYzcAIAT,00566601,2025-01-29 14:33:47,Closed,AMCEN - Revisión C36,Roberto Maldonado,Roberto Maldonado,2025-01-29 15:02:51,Se revisa equipo encontrando problemas de comunicación entre el servidor y el caex. Se le comunica a Victor Carvajal.
500Qi00000PZ8fRIAT,00566605,2025-01-29 15:05:57,Closed,MLCC - Revisión Perfo 103,Roberto Maldonado,Roberto Maldonado,2025-01-29 17:56:12,Se le dan los datos requeridos de comunicación a técnico tres60 mediante correo.
500Qi00000PZ8fRIAT,00566605,2025-01-29 15:05:57,Closed,MLCC - Revisión Perfo 103,Roberto Maldonado,Roberto Maldonado,2025-02-01 15:47:12,Equipo estable.
500Qi00000PYr5DIAT,00566606,2025-01-29 15:15:53,Closed,AMZAL - Sumarizar 01-01-2025 al 28-01-2025,Roberto Maldonado,Roberto Maldonado,2025-01-29 16:20:24,"Se inicia sumarizacion por periodos de una semana para mantener actualizada la reportabilidad, se da aviso de inicio por correo a Caceres."
500Qi00000PYr5DIAT,00566606,2025-01-29 15:15:53,Closed,AMZAL - Sumarizar 01-01-2025 al 28-01-2025,Roberto Maldonado,Roberto Maldonado,2025-01-29 17:45:58,Se finaliza la sumarizacion y se activa la replica a los servidores jview.
500Qi00000PYr5DIAT,00566606,2025-01-29 15:15:53,Closed,AMZAL - Sumarizar 01-01-2025 al 28-01-2025,Roberto Maldonado,Roberto Maldonado,2025-02-01 15:48:10,Sumarizacion confirmada por Miguel Caceres vía telefónica.
500Qi00000PZChYIAX,00566614,2025-01-29 16:08:58,Closed,MLCC - Recarga de plan mensual,Roberto Maldonado,Roberto Maldonado,2025-01-29 18:53:34,Plan se sube correctamente.
500Qi00000PZChYIAX,00566614,2025-01-29 16:08:58,Closed,MLCC - Recarga de plan mensual,Roberto Maldonado,Roberto Maldonado,2025-01-29 18:00:11,Se nos envia csv para cargar nuevamente el plan mensual.
500Qi00000PZChYIAX,00566614,2025-01-29 16:08:58,Closed,MLCC - Recarga de plan mensual,Roberto Maldonado,Roberto Maldonado,2025-01-29 18:46:04,Se eliminan datos anteriores y se comienza a subir nuevamente el plan.
500Qi00000PZChYIAX,00566614,2025-01-29 16:08:58,Closed,MLCC - Recarga de plan mensual,Roberto Maldonado,Roberto Maldonado,2025-02-01 15:49:32,No se nos comenta error en datos por parte de cliente.
500Qi00000PZkkoIAD,00566637,2025-01-29 17:37:27,Closed,Recuperar y cuadrar planes con la nueva nomenclatura Año 2024,Yazmin Sanchez,N/A,N/A,Sin comentarios
500Qi00000Pag7BIAR,00566658,2025-01-29 21:03:57,Closed,Monitoreo - MLCC - Procesos SQL pegados,Mauricio Estay,N/A,N/A,Sin comentarios
500Qi00000PacusIAB,00566661,2025-01-29 21:44:58,Closed,CNRT - Revisar Malla de PE117,Mauricio Estay,N/A,N/A,Sin comentarios
500Qi00000PamCfIAJ,00566669,2025-01-29 22:37:25,Closed,MLCC - Joseph indica problemas con los materiales en botadero,Mauricio Estay,N/A,N/A,Sin comentarios
500Qi00000PavEHIAZ,00566670,2025-01-29 23:08:48,Closed,CNDMH - Tecnico solicita revision de GPS de Pala 212,Mauricio Estay,N/A,N/A,Sin comentarios
500Qi00000PauYQIAZ,00566675,2025-01-29 23:51:20,Closed,Monitoreo - AMCEN - Importador drawing_importer pegado y consultas idle en Base de datos,Mauricio Estay,N/A,N/A,Sin comentarios
500Qi00000Pb2xJIAR,00566680,2025-01-30 00:18:09,Closed,CNRT - Tecnico Bryan Viveros comenta que pala 205 no tiene fase asignada el poligono,Mauricio Estay,N/A,N/A,Sin comentarios
500Qi00000Pb3oYIAR,00566681,2025-01-30 00:29:07,Closed,MLCC - Operador Luis Aguirre comenta que tiene problemas con el GPS de la perforadora D104,Mauricio Estay,N/A,N/A,Sin comentarios
500Qi00000PbLwlIAF,00566700,2025-01-30 03:06:14,Closed,CNDMH - Tecnico informa que pala P098 se encuentra con problemas de comunicacion,Mauricio Estay,N/A,N/A,Sin comentarios
500Qi00000PbKaxIAF,00566702,2025-01-30 03:32:45,Closed,Monitoreo - AMCEN - Caída de servicio OAS,Mauricio Estay,N/A,N/A,Sin comentarios
500Qi00000PbQjWIAV,00566704,2025-01-30 03:44:59,Closed,CNDMH - Tecnico solicita apoyo para revisar comunicacion del Camion C329,Mauricio Estay,N/A,N/A,Sin comentarios
500Qi00000PbN7PIAV,00566706,2025-01-30 03:58:55,Closed,AAM - CEKO058 pierde comunicacion,Mauricio Estay,N/A,N/A,Sin comentarios
500Qi00000PbZOfIAN,00566716,2025-01-30 06:10:45,Closed,CNDMH - Tecnico solicita revisar si puertos sarhm estan arriba del nuevo equipo P762,Mauricio Estay,N/A,N/A,Sin comentarios
500Qi00000PbtbtIAB,00566725,2025-01-30 08:51:46,Closed,Monitoreo - AMCEN - Importadores pegados,Roberto Maldonado,Roberto Maldonado,2025-01-30 08:53:08,Se detecta nombre extenso de unos de los documento dxf a importar (POLIGONOS_POZOS_NO_TRONADOS_ESP_28_01_2025.dxf) se procede a acortar nombre y esperar la carga del importador.
500Qi00000PbtbtIAB,00566725,2025-01-30 08:51:46,Closed,Monitoreo - AMCEN - Importadores pegados,Roberto Maldonado,Roberto Maldonado,2025-01-30 09:51:21,Poligono Hazard se carga correctamente al cambiar el nombre.
500Qi00000PcafGIAR,00566740,2025-01-30 11:49:43,Closed,DMH - Bull 406 platform,Roberto Maldonado,Roberto Maldonado,2025-01-30 11:58:38,Se revisa la versión tanto por consola dentro del equipo como por devices en mineops.
500Qi00000PcTNcIAN,00566744,2025-01-30 12:22:06,Closed,AMZAL - Creación Polígono sector 7DL Lastre,Roberto Maldonado,Roberto Maldonado,2025-01-30 12:50:52,Se explica a Pablo que estas solicitudes deben ser confirmadas por Miguel Caceres. Igualmente se le manda coreo explicando como se crean los polígonos para su gestión interna.
500Qi00000PcTNcIAN,00566744,2025-01-30 12:22:06,Closed,AMZAL - Creación Polígono sector 7DL Lastre,Roberto Maldonado,Roberto Maldonado,2025-01-31 11:05:15,Se envía correo a Pablo Carmona con copia  Miguel Ceceres explicando como se crean los polígonos deseados. Posteriormente Miguel hace la creación de este.
500Qi00000PdbvoIAB,00566761,2025-01-30 15:42:26,Closed,MLCC - Revisión D104 y D105,Roberto Maldonado,Roberto Maldonado,2025-01-30 16:02:18,"D104 con muy baja perdida y latencia, GPS ok.  D105 con problemas de comunicación y latencia. No se hace posible revisión de GPS ni VNC.  Se envia correo informando de esto a técnico Alexis tres60."
500Qi00000PdbvoIAB,00566761,2025-01-30 15:42:26,Closed,MLCC - Revisión D104 y D105,Roberto Maldonado,Roberto Maldonado,2025-02-01 15:56:17,D104 y D105 ya estables.
500Qi00000PdpHFIAZ,00566765,2025-01-30 15:56:52,Closed,Mantoverde - Revisión de Camión CEKO058,Roberto Maldonado,Roberto Maldonado,2025-01-30 15:57:57,"Se hace revisión de equipo, no pudiendo ingresar a este, no hay ping hacia el tunel del equipo. Se avisa por correo para apoyo en terreno."
500Qi00000Pdlf7IAB,00566774,2025-01-30 16:25:14,Closed,AMZAL -Bloques montados en pantalla operador,Maikol Salas,Roberto Maldonado,2025-01-30 19:07:58,"Se hace revisión del caso ratificando que se están superponiendo bloques, se realiza cambio de distancia de detección en configuración, se eleva la cota de la tronada superior (3005N) sin solucionar el problema. Se seguirá analizando el tema en la noche."
500Qi00000Pdlf7IAB,00566774,2025-01-30 16:25:14,Closed,AMZAL -Bloques montados en pantalla operador,Maikol Salas,Roberto Maldonado,2025-02-01 15:03:20,"Pala 02 comienza a trabajar en el sector mostrando el mismo problema, se sigue en búsqueda de la causa sin exito."
500Qi00000Pdlf7IAB,00566774,2025-01-30 16:25:14,Closed,AMZAL -Bloques montados en pantalla operador,Maikol Salas,Maikol Salas,2025-02-05 15:42:20,despues de aplicar el cambio de shovel_grades_at_vertical=10 no ha vuelto a ocurrir el problema de ver bloques de color morado por superposición. Se ha monitoreado en la mañana los equipos de carguío sobre todo a la pala S04 que esta trabajando en la misma  ubicación.
500Qi00000Pdlf7IAB,00566774,2025-01-30 16:25:14,Closed,AMZAL -Bloques montados en pantalla operador,Maikol Salas,Maikol Salas,2025-02-07 09:54:53,Se cierra el ticket debido a la solución implementada en  00567628
500Qi00000Pe6MuIAJ,00566787,2025-01-30 16:59:31,Closed,CNRI - Revision cargas cargador 1901 no aparecen,Roberto Maldonado,Roberto Maldonado,2025-01-30 17:54:19,Se revisa la shift_loads para el horario y equipo mencionado no encontrando cargas en ese periodo
500Qi00000Pf4e2IAB,00566828,2025-01-30 20:36:06,Closed,AMZAL - Maria Jose de despacho informa que no pueden ingresar a Mineops,Mauricio Estay,Mauricio Estay,2025-01-30 21:17:59,"Se recibe el llamado a las 20:32 por parte de Maria Jose desde el Despacho. Se ingresa a los servidores de Zaldivar confirmando que la aplicacion Mineops no se logra conectar al servidor, se revisa el servidor y se detecta que ningun equipo se encuentra conectado a traves del comando repc. Se revisan los procesos de JAMS activos, encontrandose el JAMS Router y JAMS Cluster activos. Se revisan los logs, sin encontrar evidencia clara del problema.    Se procede a reiniciar el JAMS Cluster a las 20:51 y luego de esto se recupera la comunicacion con los equipos de campo y se logra ingresar a MineOps, recuperando el normal funcionamiento.    Se informa via telefonica y a traves de un correo a las 20:59 de que ya se encuentra solucionado"
500Qi00000Pf4e2IAB,00566828,2025-01-30 20:36:06,Closed,AMZAL - Maria Jose de despacho informa que no pueden ingresar a Mineops,Mauricio Estay,Mauricio Estay,2025-01-30 22:09:21,"Se recibe correo de respuesta por parte de despacho a las 22:00 indicando lo siguiente:     Muchas gracias, Mauricio    Hasta el momento desde que volvió el sistema no hemos presentado mayor inconveniente.    Gracias por tu pronta ayuda.         Maria Jose Jara Jaque / mjaraj@aminerals.cl    Despacho Mina    SUPERINTENDENCIA  GESTION Y PROGRAMACION OPERACIONES    Compañía Minera Zaldívar / Tel: (56-55) 2433560 – 2560 / Cel: +569 5190 7867"
500Qi00000PfZl4IAF,00566852,2025-01-30 23:23:43,Closed,MLCC - Piero Acuña nos comenta que planilla excel que se alimentan de las base de datos replica de Jview no se actualiza,Mauricio Estay,Mauricio Estay,2025-01-30 23:29:31,"Piero Acuña llama a las 23:16 y nos comenta que planilla excel que se alimentan de las base de datos replica de Jview no se actualiza.    Justamente unos minutos antes del llamado detecte las replicas a SQL encoladas. Revisando los logs me di cuenta que estaba pegado en la tabla custom_shift_cycle_hauls el proceso de replica Por lo mismo reinicie el servicio de sql server en el servidor replica 10.66.153.59 y revisando los logs ya termina correectamente la replicacion.    En el mismo llamado le comento lo que habia sucedido, el refresca la planilla y los datos ya se encontraban disponibles"
500Qi00000Pfc6AIAR,00566854,2025-01-30 23:45:14,Closed,"AAM - Richard Carmona infroma que camion 52 pierde viajes, debiese llevar 7 y solo lleva 5",Mauricio Estay,Mauricio Estay,2025-01-31 00:10:55,"Estimado Richard,  Se ha generado el ticket de atención N° 566854 en respuesta a su llamado respecto a la perdida de vueltas del camion 52.  Al revisar se detecta que el equipo no tiene comunicación. Se monitorea por 20 minutos para ver si el equipo se conecta, pero sin resultados positivos.   Al recuperar la conectividad debiese informar al sistema las vueltas que lleva registradas"
500Qi00000PfchIIAR,00566861,2025-01-31 00:18:27,Closed,CNRI - Llamado de Jorge Julia comenta que despacho le alerta de pala 203 con problemas en el funcionamiento del panel,Mauricio Estay,Mauricio Estay,2025-01-31 00:42:41,Se ingresa por VNC a la pala encontrando lentitud en la respuesta de interaccion con los botones. Se reinicia el panel y se recupera el normal funcionamiento
500Qi00000PfihvIAB,00566865,2025-01-31 01:06:35,Closed,CNDMH - Pala 202 con pantalla pegada,Mauricio Estay,Mauricio Estay,2025-01-31 01:24:15,"En un principio equipo se encontraba sin comunicación. Una vez que se recupera la comunicacion, se revisa por VNC el equipo y se confirma su normal funcionamiento"
500Qi00000PgsotIAB,00566955,2025-01-31 10:25:12,Closed,Problemas de conexión en Macro Informe Diario (datos Sql Server),Yazmin Sanchez,Yazmin Sanchez,2025-01-31 12:55:36,"Se presenta un error al ejecutar la macro, se detecta que el tiempo de respuesta de una consulta excede el tiempo entregado por defecto cuando se conecta al Sql Server. por tal motivo se incorpora la SOLUCIÓN fue agregar una linea de código que permite aumentar el tiempo.  Consulta con problemas utiliza dbo.states_for_interval(@StartDate, @FinalDate) y  cross apply (select * from ts_shift(si.time))."
500Qi00000PgsotIAB,00566955,2025-01-31 10:25:12,Closed,Problemas de conexión en Macro Informe Diario (datos Sql Server),Yazmin Sanchez,Yazmin Sanchez,2025-01-31 12:56:35,"Se envía nueva versión de la macro (corregida) a Walter Morales, quien valida y entrega su Visto Bueno."
500Qi00000Pgup9IAB,00566957,2025-01-31 10:56:36,Closed,MLCC - revision caex 312,Roberto Maldonado,Roberto Maldonado,2025-01-31 12:00:20,"Se hace reinicio de equipo recuperando en forma parcial la comunicación, se le solicita a despachador que efectué una petición de mantenimiento en terreno del equipo."
500Qi00000Pgup9IAB,00566957,2025-01-31 10:56:36,Closed,MLCC - revision caex 312,Roberto Maldonado,Roberto Maldonado,2025-02-01 15:59:10,Posterior a mantenimiento en terreno se recupera correcto funcionamiento.
500Qi00000PhKrWIAV,00566962,2025-01-31 11:41:37,Closed,MAGSA - Poco espacio en disco server primario.,Roberto Maldonado,Roberto Maldonado,2025-01-31 11:47:27,"Se revisa el servidor encontrando que la carpeta /home se encuentra con su peso cercano al máximo permitido, se hace revisión de archivo eliminando optveladero17122024.tar.gz. Con lo anterior se baja el peso de la carpeta home la 45%."
500Qi00000PhKrWIAV,00566962,2025-01-31 11:41:37,Closed,MAGSA - Poco espacio en disco server primario.,Roberto Maldonado,Roberto Maldonado,2025-01-31 12:57:06,Cliente hace revisión confirmando que el problema se ha solucionado y cumple con sus estándares de espacio en disco.
500Qi00000Ph76MIAR,00566972,2025-01-31 12:12:09,Closed,MLCC - Subida de plan,Roberto Maldonado,Roberto Maldonado,2025-01-31 13:07:31,"Se revisan planes encontrando errores en sus formatos, PlanS con espacio en la primera linea, esto se corrige posteriormente en la base de datos. Plan mensual con comas al final del texto, se limpian y se sube el archivo correctamente, se da informacion por correo a Francisco y Victor. Se queda a espera de feedback."
500Qi00000Ph76MIAR,00566972,2025-01-31 12:12:09,Closed,MLCC - Subida de plan,Roberto Maldonado,Roberto Maldonado,2025-01-31 15:30:23,Cliente responde correo corroborando la carga.
500Qi00000PiGSVIA3,00566987,2025-01-31 15:05:52,Closed,AMZAL - Revisión Jview resumen Producción,Roberto Maldonado,Roberto Maldonado,2025-01-31 16:04:16,Se detecta que en el reporte Resumen produccion dende falta tonelaje solo se considera las cargas desde una fase hacia chancador.  En cambio en el reporte de movimiento acumulado considera todas las cargas hacia chancado.
500Qi00000PiGSVIA3,00566987,2025-01-31 15:05:52,Closed,AMZAL - Revisión Jview resumen Producción,Roberto Maldonado,Roberto Maldonado,2025-02-01 16:00:38,Miguel Caceres confirma correcta visualización de los reportes y tonelajes vía telefónica.
500Qi00000PiZyAIAV,00566991,2025-01-31 15:59:23,Closed,DMH - Equipos en cola de botadero con velocidad.,Roberto Maldonado,Roberto Maldonado,2025-01-31 18:08:03,"Se detecta la condición presentada, donde los equipos estando sobre 10 km/hr pasan a cola."
500Qi00000PiZyAIAV,00566991,2025-01-31 15:59:23,Closed,DMH - Equipos en cola de botadero con velocidad.,Roberto Maldonado,Roberto Maldonado,2025-01-31 18:08:35,"Se regulariza condición e informa a Claudio Poblete para su revisión de estado, se queda a la espera de feedback."
500Qi00000PiZyAIAV,00566991,2025-01-31 15:59:23,Closed,DMH - Equipos en cola de botadero con velocidad.,Roberto Maldonado,Roberto Maldonado,2025-02-01 19:26:15,Durante el día no se vuelve a apreciar la condición. Cliente no vuelve a contactar por el problema.
500Qi00000PiZyAIAV,00566991,2025-01-31 15:59:23,Closed,DMH - Equipos en cola de botadero con velocidad.,Roberto Maldonado,Roberto Maldonado,2025-02-01 15:43:50,"Se monitores turno b, encontrando regulacion de los PO, se revisara durante turno A para cerrar caso."
500Qi00000PixNlIAJ,00567006,2025-01-31 17:23:33,Closed,MLCC - Eliminar cuentas de usuario,Roberto Maldonado,Roberto Maldonado,2025-01-31 18:10:12,Se envía correo dando aviso de lo encontrado a mesa de ayuda.
500Qi00000PixNlIAJ,00567006,2025-01-31 17:23:33,Closed,MLCC - Eliminar cuentas de usuario,Roberto Maldonado,Roberto Maldonado,2025-01-31 17:35:51,No se encuentran cuentas Jmineops ni jview para los usuarios mencionados.
500Qi00000PjyMbIAJ,00567030,2025-01-31 22:45:46,Closed,AMZAL - Resumarizar entre 1 al 29 Enero 2025,Mauricio Estay,Mauricio Estay,2025-02-01 04:37:45,Se realiza la sumarizacion solicitada desde el 1 de Enero a las 07:00 hasta el 30 de Enero a las 7:00
500Qi00000PjroDIAR,00567031,2025-01-31 22:55:52,Closed,AMCEN - No se estan importando los poligonos,Mauricio Estay,Mauricio Estay,2025-02-01 00:38:37,"Estimado Mauricio.         Despacho me indica que cargan correctamente lo 3 Hazard, respecto del cuarto Despacho solicitara uno nuevo.         Slc.         Atte.     Alex Humbert Rodríguez / ahumbert.act@mineracentinela.cl    Ingeniero Especialista en Telecomunicaciones ACT S.A    GERENCIA TECNOLOGÍAS DE INFORMACIÓN, COMUNICACIONES Y AUTOMATIZACIÓN    Móvil (56-9) 67671947"
500Qi00000PjroDIAR,00567031,2025-01-31 22:55:52,Closed,AMCEN - No se estan importando los poligonos,Mauricio Estay,Mauricio Estay,2025-02-01 00:38:09,"Estimado Alex,    Hemos podido cargar 3 de los 4 Hazard. Favor revisar en sistema la correcta carga de:    alim_tes_31tb.dxf  stm-01 (3).dxf  stock_sme1.dxf  Para el archivo """"POLIGONOS_POZOS_NO_TRONADOS_ESP_31_01_2025.dxf"""" estamos teniendo problemas con el formato, favor si pueden revisarlo o generarlo de nuevo, como dato al revisar el archivo tiene un encabezado diferente al de los otros tres que si se pudieron cargar correctamente, esto estaba generando el encolamiento y que no se pudiesen cargar los otros archivos.    Quedo atento a sus comentarios.    Saludos!"
500Qi00000PjsM5IAJ,00567032,2025-01-31 23:06:13,Closed,Antucoya - Cargar malla de perforacion,Mauricio Estay,Mauricio Estay,2025-02-01 00:41:49,Se carga archivo a sistema y se confirma telefonicamente con el usuario que archivo se encuentra disponible en MineOps
500Qi00000Pk0Y6IAJ,00567033,2025-01-31 23:37:05,Closed,CNDMH - Pala 098 con problemas GPS,Mauricio Estay,Mauricio Estay,2025-02-01 00:43:23,Al momento de revisar equipo se encuentra con los GPS funcionando correctamente y HPGPS fixed
500Qi00000Pk0Y6IAJ,00567033,2025-01-31 23:37:05,Closed,CNDMH - Pala 098 con problemas GPS,Mauricio Estay,Mauricio Estay,2025-02-01 00:44:51,Tecnico llama reportando que la condicion del GPS persiste. Al revisar se identifica que esta inestable y que pasa de fixed a bad y el icono de verde a rojo a ratos
500Qi00000Pk0Y6IAJ,00567033,2025-01-31 23:37:05,Closed,CNDMH - Pala 098 con problemas GPS,Mauricio Estay,Mauricio Estay,2025-02-01 05:12:23,Se monitorea durante la noche y se recupera la estabilidad de la señal GPS. Tecnico indica que Pala se encuentra en fondo mina
500Qi00000Pk0Y6IAJ,00567033,2025-01-31 23:37:05,Closed,CNDMH - Pala 098 con problemas GPS,Mauricio Estay,Mauricio Estay,2025-02-03 04:26:52,Tecnico llaman nuevamente que la Pala esta teniendo los mismo problemas de perdida de señal GPS
500Qi00000Pk0Y6IAJ,00567033,2025-01-31 23:37:05,Closed,CNDMH - Pala 098 con problemas GPS,Mauricio Estay,Mauricio Estay,2025-02-03 04:29:13,"Tras monitorear por un periodo se detecta que la pala cuando apunta hacia el norte pierde los GPS, Pero si se gira hacia el Weste o hacia el sur se recupera la señal. Esto se evidencio al momento de cargar camiones al girar la pala recuperaba o perdia los GPS. Se adjuntan imagenes de evidencia. Tecnico en terreno comenta que tendran que ir a revisarla en terreno."
500Qi00000PkKIHIA3,00567042,2025-02-01 03:46:04,Closed,AMCEN - CF231 con panel pegado,Mauricio Estay,Mauricio Estay,2025-02-01 03:56:02,Al revisar el equipo se encuentra operando de forma normal sin problemas
500Qi00000PkMaEIAV,00567043,2025-02-01 04:20:16,Closed,AMCEN - WD4 al reiniciar equipo pantalla queda en modo “zoom”,Mauricio Estay,Mauricio Estay,2025-02-01 04:32:57,"Al momento de revisar el equipo no se detecta problemas con el """"zoom"""". Para buscar replicar el problema, se reinicia el equipo, pero este inicia sin problemas de zoom en la pantalla."
500Qi00000PkAaiIAF,00567046,2025-02-01 05:41:07,Closed,AMCEN - C15 no se le cambia las actividades al descargar y hay que descargarlo manual,Mauricio Estay,Mauricio Estay,2025-02-01 07:14:20,"El equipo no tiene datos de los sensores de la Tolva, lo mas probable es que esten malos, es por esto que no se detecta el momento de la descarga automáticamente.    También se detecto que no tienen configurado un radio en el Botadero BOT_CRUCE_INT en el cual estaba realizando las descarga, esto para que pudiese tomar la descarga a traves de ese metodo ya que tiene malos los sensores."
500Qi00000PkQkNIAV,00567048,2025-02-01 06:24:53,Closed,MLCC - Planillas excel no se actualizan desde BD,Mauricio Estay,Mauricio Estay,2025-02-01 06:46:09,"Buenos días Piero,  Hemos tomado el requerimiento y se ha generado el ticket N° 567048.  Verifique que los datos se están replicando correctamente a la base de datos replica de Jview por lo que las planillas excel debiesen actualizarse correctamente, quizas es necesario refrescar el dato en la planilla.  Favor me comentas si ya puedes visualizar la información.  Saludos!"
500Qi00000PkQkNIAV,00567048,2025-02-01 06:24:53,Closed,MLCC - Planillas excel no se actualizan desde BD,Mauricio Estay,Mauricio Estay,2025-02-01 07:16:29,Telefonicamente nos confirma que los datos estan actualizados correctamente
500Qi00000PkbRDIAZ,00567049,2025-02-01 08:19:43,Closed,DMH - Sin Reportabilidad Jview,Roberto Maldonado,Roberto Maldonado,2025-02-01 08:21:28,"Se hace revisión de de servidor .57 encontrando el servicio SQL Server Agent caído aunque marca en ejecucion, Se hace un reinicio del servicio recuperando la Jview."
500Qi00000PkbRDIAZ,00567049,2025-02-01 08:19:43,Closed,DMH - Sin Reportabilidad Jview,Roberto Maldonado,Roberto Maldonado,2025-02-01 08:30:56,"Se llama a Claudio Poblete quien nos confirma que ya tiene reportabilidad, se informa igualmente por correo."
500Qi00000Pkft2IAB,00567050,2025-02-01 08:57:41,Closed,CNN - Subida plan mensual,Roberto Maldonado,Roberto Maldonado,2025-02-01 11:42:04,"Se revisa plan y corrige errores, posteriormente se sube sin problemas a plataforma, se espera confinación de datos del cliente."
500Qi00000PkngvIAB,00567057,2025-02-01 12:33:46,Closed,MLCC - Revisar perfo D101,Roberto Maldonado,Roberto Maldonado,2025-02-01 12:38:38,Se revisa equipo detectando perdidas de comunicacion. Se hace reinicio......
500Qi00000PkngvIAB,00567057,2025-02-01 12:33:46,Closed,MLCC - Revisar perfo D101,Roberto Maldonado,Roberto Maldonado,2025-02-01 19:20:05,"Al pasar el día comunicación se reestablece a nivel medio, no nos comunican si tomaron la perforadora o no."
500Qi00000PktOPIAZ,00567062,2025-02-01 13:57:26,Closed,AMCEN - Revisión Frontal 03 y Pala 03 CAS,Roberto Maldonado,Roberto Maldonado,2025-02-01 13:58:01,Equipo se revisa encontrando desconexion desde el dia 30-01-2025 hasta la fecha. Se informa a Victor quien revisara en terreno.
500Qi00000Pl8roIAB,00567065,2025-02-01 15:08:51,Closed,AMZAL - Sumarizacion días 30 y 31 de enero 2025,Roberto Maldonado,Roberto Maldonado,2025-02-01 15:39:51,"Se realiza sumarizacion sin problemas, informa a Miguel Caceres y se espera su feedback."
500Qi00000Pl8roIAB,00567065,2025-02-01 15:08:51,Closed,AMZAL - Sumarizacion días 30 y 31 de enero 2025,Roberto Maldonado,Roberto Maldonado,2025-02-01 19:03:39,Se confirma por el usuario correcto cambio de las FC despues de sumarizacion.
500Qi00000PlC4BIAV,00567068,2025-02-01 17:03:25,Closed,MLCC - Cambios de estado en pala 210,Mauricio Estay,Roberto Maldonado,2025-02-01 17:55:55,"Se encuentra que ningún caex esta trabajando por tronadura y sin palas disponibles. En chequeo se encuentra que pala 210 esta trabajando en fase 05 y hay dos caex que están dentro de radio de trabajo y fijas a la región fase 05 lo que produce el cambio automatizo, se procede a quitar el fijo a región de los dos camiones y monitorear."
500Qi00000PlC4BIAV,00567068,2025-02-01 17:03:25,Closed,MLCC - Cambios de estado en pala 210,Mauricio Estay,Mauricio Estay,2025-02-02 07:49:14,"Se monitorea durante la noche que la pala sale a operacion, pero no se vuelven a presentar los cambios de estado"
500Qi00000PlBQAIA3,00567071,2025-02-01 18:11:17,Closed,AAM - Problemas carga software en CEKO058,Mauricio Estay,Mauricio Estay,2025-02-01 22:59:59,Sebastian comenta que el Core que habian puesto era uno que habia vuelto de reparación y con ese equipo no se logro    nunca conectar a la red para terminar de cargar el JAMS.    Cambiaron el core por uno de un kit nuevo y ahi si se pudo finalizar la configuracion del equipo si se pudo conectar a la red y volver a operación. Se adjunta imagen del equipo con comunicación.    De todas maneras es muy inestable la red en Manto Verde y a ratos se pierde la comunicacion con los equipos
500Qi00000PlBQAIA3,00567071,2025-02-01 18:11:17,Closed,AAM - Problemas carga software en CEKO058,Mauricio Estay,Mauricio Estay,2025-02-02 06:21:32,"El equipo salio a operacion y despacho Francisco Gonzalez llama para informar que el equipo mantiene el mismo problema de que pierde comunicacion y se queda pegado en la grafica mina.    Se toma contacto con Sebastian de tres60 para consultar que fue lo que cambiaron en el equipo, e indica que se cambiaron pantalla, core y cables, pero no antena asi que buscara estos componentes para realizar el cambio."
500Qi00000PlBQAIA3,00567071,2025-02-01 18:11:17,Closed,AAM - Problemas carga software en CEKO058,Mauricio Estay,Mauricio Estay,2025-02-02 06:35:07,Se revisa que no haya alguna ip duplicada en sistema en algun otro equipo y se confirma que es la unica. Equipo no tiene conectividad.    Se envia un correo a despacho informando que tres 60 esta preparando un cambio de antena
500Qi00000PlSs5IAF,00567083,2025-02-01 20:30:00,Closed,AMCEN - Problemas carga archivos polígonos Hazard,Mauricio Estay,Mauricio Estay,2025-02-01 22:16:22,"Habian 10 poligonos por cargar, se ejecuta manual el proceso pero de uno a la vez monitoreando el log y se logran procesar todos"
500Qi00000PlQLgIAN,00567086,2025-02-01 20:46:55,Closed,CNRT - Bryan Solicita apoyo para revisar comunicacion de camion 339,Mauricio Estay,Mauricio Estay,2025-02-01 22:18:09,Equipo se encuentra sin comunicación y no es posible recuperarlo remotamente. Se informa a tecnico en terreno
500Qi00000PlG1MIAV,00567087,2025-02-01 20:48:18,Closed,"AMCEN - C160, se encuentra pegado en sistema con problemas en GPS y no le está tomando las vueltas",Mauricio Estay,Mauricio Estay,2025-02-01 22:19:05,Equipo se encuentra sin comunicación. Se envia evidencia al cliente.
500Qi00000PlKplIAF,00567090,2025-02-01 20:50:38,Closed,"AMCEN - En Fase07, en estos momentos no le están apareciendo los camiones a los paleros en la Fase",Mauricio Estay,Mauricio Estay,2025-02-01 22:21:42,Personal de terreno nos comentó que hoy se realizó un cambio de carros en el sector por lo que debiese haber mejorado la situación de comunicación. En la revisión a través de Mineops al menos en este momento se nota un funcionamiento normal.    Se envia evidencia al cliente
500Qi00000PlVDFIA3,00567091,2025-02-01 21:03:55,Closed,CNRT - Bryan solicita reinicio de pala 206 porque tiene problemas para despachar,Mauricio Estay,Mauricio Estay,2025-02-01 22:24:42,"Se realiza un renicio al equipo luego se monitorea por VNC, confirmando un normal funcionamiento"
500Qi00000PlSQpIAN,00567092,2025-02-01 21:04:52,Closed,CNRT - Bryan informa Perforadora R11 con problema de comunicación,Mauricio Estay,Mauricio Estay,2025-02-01 22:08:31,Al revisar equipo se mantiene con comunicacion y operando con normalidad
500Qi00000PlRKwIAN,00567093,2025-02-01 21:44:10,Closed,AMZAL - Miguel Caceres solicita ingresar Plan de producción febrero al sistema.,Mauricio Estay,Mauricio Estay,2025-02-01 23:58:48,Se procede a copiar el archivo enviado por Miguel al servidor y se procesan los planes de acuerdo a lo solicitado
500Qi00000PlXIHIA3,00567094,2025-02-01 21:46:59,Closed,MLCC - Planillas excel no se actualizan desde BD,Mauricio Estay,N/A,N/A,Sin comentarios
500Qi00000PlrAZIAZ,00567104,2025-02-02 02:57:33,Closed,"AMCEN -  C46, no se le refleja las vueltas.",Mauricio Estay,Mauricio Estay,2025-02-02 03:14:54,"Equipo mostraba una vuelta en el panel pero revisando Mineops debiera llevar 6 vueltas. Ser reinicia el panel, jams y base de datos pero sin resultados positivos. Finalmente se reinicia el equipo completo y se recuperan las vueltas en el panel"
500Qi00000Pm8o7IAB,00567113,2025-02-02 05:36:21,Closed,MLCC - Planillas excel no se actualizan desde BD,Roberto Maldonado,Mauricio Estay,2025-02-02 07:46:53,"Constantemente se esta deteniendo la replica porque se queda pegada en alguna tabla de la replicacion, hemos tenido que reiniciar el servicio sql server y ejecutar la replica al instante casi antes de que las planillas se conecten y vuelvan a dejar bloqueada alguna tabla. Con esto se actualizan los datos y se confirma con el despacho."
500Qi00000PmHjMIAV,00567121,2025-02-02 09:54:16,Closed,AMZAL -Modificar Macro para que acepte 2025,Roberto Maldonado,Roberto Maldonado,2025-02-02 10:53:57,Se revisa documento (MACRO) encontrando que no se puede definir año 2025 como opción. Se analiza y encuentra que tabla desplegable no tiene definido este año. Se agrega el año a la tabla desplegable. Se envía a cliente el archivo para su revisión final.
500Qi00000PmJrcIAF,00567122,2025-02-02 10:02:57,Closed,AMZAL -Revision de configuracion Caex 38,Roberto Maldonado,Roberto Maldonado,2025-02-02 11:07:21,"Equipo no tiene el certificado totalmente creado, se nos comenta que este equipo fue eliminado hace 2 años. Se debe volver a crear los certificados e instalador."
500Qi00000PmJrcIAF,00567122,2025-02-02 10:02:57,Closed,AMZAL -Revision de configuracion Caex 38,Roberto Maldonado,Roberto Maldonado,2025-02-04 14:44:01,Se envía Setup del equipo.
500Qi00000PmJrcIAF,00567122,2025-02-02 10:02:57,Closed,AMZAL -Revision de configuracion Caex 38,Roberto Maldonado,Roberto Maldonado,2025-02-04 13:51:15,"Carlos Moyano nos confirma la ip a utilizar, se procedera a enviar el setup asociado."
500Qi00000PmNC2IAN,00567123,2025-02-02 10:15:42,Closed,AMZAL -Pala S02 pegada,Roberto Maldonado,Roberto Maldonado,2025-02-02 10:49:40,"Se hace reinicio de base de datos dele quipo, al volver el equipo deja de estar pegado y muestra correcto funcionamiento en su display."
500Qi00000PmMxZIAV,00567124,2025-02-02 10:19:20,Closed,Monitoreo - AMCEN - Sumarizador encolado,Roberto Maldonado,Roberto Maldonado,2025-02-02 11:46:53,"Se detectan encolamientos constantes en el sumarizador. Se habla con Hugo Carvajal y se decide bajar el sumarizador por servicio, dejando solo el por crontab, esto soluciona el encolamiento."
500Qi00000PmdYYIAZ,00567129,2025-02-02 14:36:55,Closed,CNDMH - Problemas con ERICAR,Roberto Maldonado,Roberto Maldonado,2025-02-02 14:37:55,Se conversa con Victor Rojas quien nos cuenta que es el problema que se genera. Se comienza a buscar el equipo que genero el problema.
500Qi00000PmdYYIAZ,00567129,2025-02-02 14:36:55,Closed,CNDMH - Problemas con ERICAR,Roberto Maldonado,Roberto Maldonado,2025-02-03 08:50:41,"Se hizo la revisión de todo el caso, no encontrando el error definido. Se envia correo al cliente con la informacion encontrada para que revisen igualmente sus conexiones ya que las querys que nos mandaron estan saliendo sin problema en server DMZ."
500Qi00000PmY2eIAF,00567130,2025-02-02 14:43:35,Closed,MLCC - Revisión D103 por lentitud en carga de mallas,Roberto Maldonado,Roberto Maldonado,2025-02-04 17:35:50,Equipo se revisa encontrando alta latencia y desconexiones. Se da aviso para que se programe un mantenimiento en terreno.
500Qi00000PmrTUIAZ,00567140,2025-02-02 17:53:33,Closed,Monitoreo - AMCEN - Caidas constantes de servicio cenfaeappsos,Roberto Maldonado,N/A,N/A,Sin comentarios
500Qi00000Pn279IAB,00567146,2025-02-02 20:40:27,Closed,AMCEN - No se estan importando los arhivos Hazard,Mauricio Estay,Mauricio Estay,2025-02-02 21:13:10,"Los archivos se encontraban encolasdos porque habia un archivo con un nombre muy extenso. Se modifca, acortando el nombre y se logra procesar sin problemas, permitiendo el procesamiento de los demas archivos"
500Qi00000PmvNUIAZ,00567150,2025-02-02 21:15:01,Closed,CNRT - Perfo115 no se le refleja malla,Mauricio Estay,Mauricio Estay,2025-02-02 21:31:06,"Malla no tiene tronada asignada. Revisando la tronada se encontraba borrada, se recupera desde la base de datos y posterior a esto ya se disponibiliza la malla para el equipo. Se confirma a traves de VNC y con tecnico en terreno"
500Qi00000Pmz63IAB,00567151,2025-02-02 21:17:03,Closed,CNRT - C326 descargo al comienzo del turno B pero la descarga aparece erroneamente en sistema en el turno A,Mauricio Estay,Mauricio Estay,2025-02-02 22:37:15,Al revisar logs se puede ver que operador saliente de turno A cambia actividades manualmente y genera descarga por lo que sistema considera que el camion esta descargado al inicio del turno B
500Qi00000PnCUfIAN,00567159,2025-02-02 22:14:24,Closed,AMZAL - WD6 no aparece en reporte disponibilidad Utilizacion de Jview,Mauricio Estay,Mauricio Estay,2025-02-03 00:49:12,"Pensando en que quizas como el updated_at del estado del equipo era del 09-10-2024, se actualiza el estado al dia de hoy en la shift_states. Luego de que se sumariza y se realiza la replica se revisa el reporte pero mantiene la misma condicion"
500Qi00000PnCUfIAN,00567159,2025-02-02 22:14:24,Closed,AMZAL - WD6 no aparece en reporte disponibilidad Utilizacion de Jview,Mauricio Estay,Mauricio Estay,2025-02-03 02:33:42,"En mineops se realiza la prueba de que el estado solo se mantiene por 90 dias desde la fecha inicial que partia desde 2024-08-01 08:00:00.    Se modifica el updated_at y el time en la shift_states, colocando como TIME '2025-01-01 08:00:00'. Posterior a esto el sumarizador comienza a actualizar los datos de todo el mes de Enero y luego refresco el Reporte y ya aparecen los datos del equipo. Se adjunta imagen"
500Qi00000PnHvmIAF,00567169,2025-02-02 23:15:30,Closed,AMCEN -  Camila Contreras de despacho reporta problemas en F07 de forma intermitente se pegan los equipos bajando a F07,Mauricio Estay,Mauricio Estay,2025-02-02 23:20:21,"Al revisar se visualiza que existe un problema de cobertura del lado de la bajada de la rampa, donde se aprecia que equipos pierden señal. Se extrae evidencia de la cobertura de Mineops"
500Qi00000PnHvmIAF,00567169,2025-02-02 23:15:30,Closed,AMCEN -  Camila Contreras de despacho reporta problemas en F07 de forma intermitente se pegan los equipos bajando a F07,Mauricio Estay,Mauricio Estay,2025-02-02 23:38:35,"Se envia correo:   Estimados,    A través de MineOps hemos identificado un problema de cobertura en el sector, específicamente en el lado izquierdo de la vía al descender. Como se muestra en la imagen adjunta, en la curva señalada se observa una disminución o pérdida de señal en los equipos, evidenciada por los puntos azules y negros.    Agradeceremos coordinar con el personal correspondiente para mejorar la condición de la red en esa zona."
500Qi00000PnXkPIAV,00567182,2025-02-03 02:22:09,Closed,Monitoreo - MLCC - VPN sin comunicacion,Mauricio Estay,Mauricio Estay,2025-02-03 02:23:33,VPN sin comunicacion. Se llama a despacho para saber si existe algun problema y indica que posiblemente se cayo el intenten en la mina. Tomara contacto con la mesa de ayuda para poder averiguar que sucede y devolvera el llamado
500Qi00000PnXkPIAV,00567182,2025-02-03 02:22:09,Closed,Monitoreo - MLCC - VPN sin comunicacion,Mauricio Estay,Mauricio Estay,2025-02-03 04:22:40,Se recupera internet en la mina y VPN vuelve a quedar operativa
500Qi00000PnPbdIAF,00567188,2025-02-03 03:28:13,Closed,MLCC - Despachador Piero Acuña solicita actualizacion de contraseña de usuario chancado,Mauricio Estay,Mauricio Estay,2025-02-03 03:28:43,Se modifica contraseña y se le envia por correo
500Qi00000PnfDJIAZ,00567189,2025-02-03 03:34:44,Closed,CNRT - Bryan informa que despacho no puede asignar a operadora a ningun camion,Mauricio Estay,Mauricio Estay,2025-02-03 04:01:42,Operador se encontraba asociado a un equipo C127 eliminado el 17-01-2025. Se deja en blanco el campo equipment_lineup_id y funciona correctamente.
500Qi00000PnfDJIAZ,00567189,2025-02-03 03:34:44,Closed,CNRT - Bryan informa que despacho no puede asignar a operadora a ningun camion,Mauricio Estay,Mauricio Estay,2025-02-03 06:38:22,Tecnico comenta que despacho ya puede asignar a operadora sin problemas
500Qi00000PnuvWIAR,00567197,2025-02-03 05:41:08,Closed,CNRI - caex 124 no hace ciclo completo,Mauricio Estay,Mauricio Estay,2025-02-03 06:36:16,"Jorge,    He monitoreado el equipo y por lo que se ve ya se encuentra operando normal con el ciclo automático, realiza las descargas y se reflejan automáticamente en el sistema.    Adjunto imágenes que muestran los últimos ciclos."
500Qi00000PoIUnIAN,00567220,2025-02-03 09:14:32,Closed,AMZAL - Problemas Reporte  geologia a chancado,Roberto Maldonado,Roberto Maldonado,2025-02-03 09:59:31,"Se revisa el report, la base de datos postgres y las descargas sumario, no se detecta error en las ultimas dos. Volviendo a revisar Jview se detecta que ya aparecen los datos actualizados con STO-CH3. Se informa a cliente quien corrobora los datos."
500Qi00000PoCVuIAN,00567226,2025-02-03 09:55:16,Closed,MLCC - Revisión c302 por perdida de GPS en la noche,Roberto Maldonado,Roberto Maldonado,2025-02-03 09:55:52,"Se monitorea estado actual del equipo encontrando que se comporta de forma correcta, con buena cobertura y GPS estable."
500Qi00000PoCVuIAN,00567226,2025-02-03 09:55:16,Closed,MLCC - Revisión c302 por perdida de GPS en la noche,Roberto Maldonado,Roberto Maldonado,2025-02-03 11:04:01,En revisión mediante reproducir GPS se detecta perdidas del posicionamiento del equipo durante la madrugada en una oportunidad a las 1:23 y en otra a las 2:59. Se entrega datos a personal tres60.
500Qi00000Pqe30IAB,00567270,2025-02-03 17:24:02,Closed,MLCC - Polígono no se muestra en mineops.,Roberto Maldonado,Roberto Maldonado,2025-02-03 17:54:04,"se encuentra Location y grades eliminados, se recuperan y espera prueba del despachador."
500Qi00000Pqe30IAB,00567270,2025-02-03 17:24:02,Closed,MLCC - Polígono no se muestra en mineops.,Roberto Maldonado,Roberto Maldonado,2025-02-03 18:34:13,Pablo Bugueño nos corrobora que se presentan correctamente los polígonos en Jmina.
500Qi00000PrWzSIAV,00567282,2025-02-03 21:07:52,Closed,MLCC - Joseph solicita sumarización desde el 31 de diciembre hasta el 1 de Febrero,Mauricio Estay,Mauricio Estay,2025-02-03 21:13:10,Se comenta que al sumarizar quedaran sin reportabilidad mientras dure el proceso de sumarizacion del mes. Joseph indica que lo entienden y pide que se haga ahora
500Qi00000PrWzSIAV,00567282,2025-02-03 21:07:52,Closed,MLCC - Joseph solicita sumarización desde el 31 de diciembre hasta el 1 de Febrero,Mauricio Estay,Mauricio Estay,2025-02-04 01:34:17,Se finaliza la sumarizacion y se envia correo a Joseph para confirmar la visualizacion de los datos
500Qi00000PrWzSIAV,00567282,2025-02-03 21:07:52,Closed,MLCC - Joseph solicita sumarización desde el 31 de diciembre hasta el 1 de Febrero,Mauricio Estay,Mauricio Estay,2025-02-04 01:35:00,"Mauricio, muchas gracias.  Puedo visualizar datos desde Jview, pero tengo problemas para actualizar planillas Excel que se conectan a base de datos.Esperaré unos minutos más y te confirmo.  Saludos.  Joseph Anes Carvajal"
500Qi00000PrYRoIAN,00567288,2025-02-03 22:31:43,Closed,AMCEN - C162 operador indica no poder ingresar su nombre a sistema,Mauricio Estay,Mauricio Estay,2025-02-03 23:39:25,"A las 22:35 se eles envia el siguiente correo:   Buenas tardes, Alex,    Hemos tomado el requerimiento y se ha generado el ticket N.º 567288.    Favor si nos puedes compartir el Nombre y Rut del operador y comentar mas detalles del problema, muestra algun error? se bloquea la pantalla? no puede acceder al menu?    Saludos!"
500Qi00000PrYRoIAN,00567288,2025-02-03 22:31:43,Closed,AMCEN - C162 operador indica no poder ingresar su nombre a sistema,Mauricio Estay,Mauricio Estay,2025-02-04 04:33:29,"Buenas noches Alex,    Aún no he recibido información sobre el problema específico que presentaba el equipo. Ingresé al equipo para verificar su estado y veo que está operando con normalidad, con la sesión activa de la operadora Carol Bravo.    Favor indicar si ya se soluciono la problemática que tenían."
500Qi00000PrYRoIAN,00567288,2025-02-03 22:31:43,Closed,AMCEN - C162 operador indica no poder ingresar su nombre a sistema,Mauricio Estay,Mauricio Estay,2025-02-04 04:33:39,Estimado Mauricio.     Efectivamente no se observan problemas de comunicación actualmente con el equipo C162.  @despachadores_tecnologicos favor indicar si el inconveniente persiste.     Slc.
500Qi00000PrYRoIAN,00567288,2025-02-03 22:31:43,Closed,AMCEN - C162 operador indica no poder ingresar su nombre a sistema,Mauricio Estay,Mauricio Estay,2025-02-04 04:33:47,"Estimados, si, el equipo 162 recuperó comunicación.    Gracias"
500Qi00000PrszxIAB,00567293,2025-02-03 23:41:01,Closed,AMCEN - CF2 con problemas en GPS,Mauricio Estay,Mauricio Estay,2025-02-04 01:31:51,"Al momento de revisar equipo este se encuentra con demora por colacion, por lo que se esperara hasta que el equipo vuelva a operacion"
500Qi00000PrszxIAB,00567293,2025-02-03 23:41:01,Closed,AMCEN - CF2 con problemas en GPS,Mauricio Estay,Mauricio Estay,2025-02-04 03:58:09,Se ingresa de nuevo para tratar de revisar el equipo pero ahora se encuentra en mantencion
500Qi00000PrszxIAB,00567293,2025-02-03 23:41:01,Closed,AMCEN - CF2 con problemas en GPS,Mauricio Estay,Mauricio Estay,2025-02-04 07:44:53,Se reinicia equipo y se monitorea confirmando que tiene buena señal de GPS y red
500Qi00000Prod1IAB,00567296,2025-02-04 00:02:03,Closed,MLCC- Perfo 101 con problemas GPS,Mauricio Estay,Mauricio Estay,2025-02-04 01:44:02,Se reinicia equipo completo y mejora la condicion de señal de GPS.  Se contacta al operador y el confirma que ya pueden operar sin problemas
500Qi00000PrrvrIAB,00567303,2025-02-04 01:24:21,Closed,MLCC - Perforadoras D101 y D104 con problemas de señal GPS,Mauricio Estay,Mauricio Estay,2025-02-04 01:44:30,Se reinicia equipo completo y mejora la condicion de señal de GPS.  Se contacta al operador y el confirma que ya pueden operar sin problemas
500Qi00000PrqyDIAR,00567304,2025-02-04 01:27:48,Closed,AMCEN - Se recibe correo consultando por misma problematica tratada en ticket 567169,Mauricio Estay,Mauricio Estay,2025-02-04 01:28:45,"Se recibe correo a las 23:52:    Estimada Camila.     Se hace revisión del área, encontrándose buena cobertura en los equipos revisados, pero en alguna baja señal de GPS, lo cual pueda originar el problema de asignación que se indica.   @ESTAY Mauricio, favor su acostumbrado apoyo para revisar esta condición."
500Qi00000PrqyDIAR,00567304,2025-02-04 01:27:48,Closed,AMCEN - Se recibe correo consultando por misma problematica tratada en ticket 567169,Mauricio Estay,Mauricio Estay,2025-02-04 01:29:31,"Luego de revisar nuevamente las condiciones se responde con el siguiente correo a las 00:56    Estimado Alex,    Este problema corresponde a una falta de cobertura de red, tal como se mencionó ayer. En la bajada de rampa, específicamente en las últimas curvas antes de llegar a los equipos de carguío, se produce una disminución en la señal, lo que interrumpe la comunicación de los equipos con el sistema. Como consecuencia, las asignaciones no se actualizan debido a las ventanas de pérdida de comunicación.  Es importante aclarar que los GPS no tienen relación con las asignaciones. La posición del equipo no se actualiza, no por un fallo en el GPS, sino porque el sistema no puede recibir la última ubicación debido a la falta de señal en ese sector. Si el problema estuviera relacionado con el GPS, la falta de actualización ocurriría en todo el recorrido del equipo dentro de la mina, y no solo en un punto específico.  Los puntos azules y negros que aparecen en las imágenes que nos enviaste corresponden a zonas con señal deficiente.  Dado que el problema está limitado a ese sector en particular, es evidente que se trata de un problema de cobertura de red en la zona.  Saludos!"
500Qi00000PrqyDIAR,00567304,2025-02-04 01:27:48,Closed,AMCEN - Se recibe correo consultando por misma problematica tratada en ticket 567169,Mauricio Estay,Mauricio Estay,2025-02-04 04:35:27,"Estimados, se entiende y se sabe perfectamente que estamos con problemas de señal deficiente, pero cual sería la solución a este problema.      Quedo atenta, me comentan  Saludos  CCA"
500Qi00000PrqyDIAR,00567304,2025-02-04 01:27:48,Closed,AMCEN - Se recibe correo consultando por misma problematica tratada en ticket 567169,Mauricio Estay,Mauricio Estay,2025-02-04 04:35:38,"Estimada Camila,    Una posible recomendación sería informar sobre estos sectores a quienes administran la red, de modo que puedan evaluar y, si es posible, mejorar la cobertura en la zona.    Saludos!"
500Qi00000PrztPIAR,00567307,2025-02-04 01:47:58,Closed,CNDMH - Confirmar conectividad CAS camiion 316,Mauricio Estay,Mauricio Estay,2025-02-04 01:52:28,Se confirma que puerto de CAS se encuentra arriba en Sarhm
500Qi00000Ps5KVIAZ,00567312,2025-02-04 02:31:24,Closed,MLCC - Joseph solicita sumarizar del 16 de Enero a las 20:00hrs hasta el dia 20 a las 8:00,Mauricio Estay,Mauricio Estay,2025-02-04 07:46:17,Se sumariza de acuerdop a lo solicitado y una vez finalizado se informa al usuario
500Qi00000PsjGHIAZ,00567345,2025-02-04 06:40:22,Closed,Monitoreo - CNRT - Load average elevado,Mauricio Estay,Mauricio Estay,2025-02-04 07:51:15,"Se elimina un proceso pegado desde el 2 de febrero asociado a """"ExcepcionesHpgpsGrade"""". Y se eliminan consultas idle de la base de datos, consiguiendo bajar a un load average de 3.10."
500Qi00000Psob9IAB,00567353,2025-02-04 09:12:03,Closed,CNDMH - Restaurar contraseña usuario iquir002,Roberto Maldonado,Roberto Maldonado,2025-02-04 09:13:28,"Como no existe correo asociado se intenta contactar con Paola Ledezma pero no tenemos respuesta, finalmente Victor Rojas nos confirma el dato del despachador, por lo que se hace el cambio de esta contraseña y envía a despachador."
500Qi00000Psob9IAB,00567353,2025-02-04 09:12:03,Closed,CNDMH - Restaurar contraseña usuario iquir002,Roberto Maldonado,Roberto Maldonado,2025-02-04 11:44:30,Via telefónica se confirma correcto ingreso del usuario a mineops
500Qi00000Psob9IAB,00567353,2025-02-04 09:12:03,Closed,CNDMH - Restaurar contraseña usuario iquir002,Roberto Maldonado,Roberto Maldonado,2025-02-04 17:51:23,"Se revisan los csv, encontrando errores en parámetros, se hace eliminación de estos. Posteriormente Victor Rojas sigue revisando el caso. Se deberá ver como solucionar el problemas ya que viene desde las pantallas de ERICAR y son ellos los que deben ver que esta pasando con sus datos."
500Qi00000PtmNQIAZ,00567391,2025-02-04 12:30:25,Closed,CNN - Sumarizar mes de Enero,Roberto Maldonado,Roberto Maldonado,2025-02-04 13:07:54,Se efectúa cambio de FC de 209.32700 a 210.1759 según petición del cliente. Posteriormente se comienza a sumarizar.
500Qi00000PtmNQIAZ,00567391,2025-02-04 12:30:25,Closed,CNN - Sumarizar mes de Enero,Roberto Maldonado,Roberto Maldonado,2025-02-04 13:47:55,"Se realiza correctamente la sumarizacion y se ve reflejada en mineops el cambio de FC, se espera revisión de los datos por parte del cliente."
500Qi00000PuDPFIA3,00567398,2025-02-04 13:54:45,Closed,MLCC - Sumarizar 01 al 03 de enero 2025,Maikol Salas,Roberto Maldonado,2025-02-04 18:31:27,Se sumariza lo solicitado y se queda a la espera de la repuesta del cliente.
500Qi00000PuDPFIA3,00567398,2025-02-04 13:54:45,Closed,MLCC - Sumarizar 01 al 03 de enero 2025,Maikol Salas,Maikol Salas,2025-02-05 11:15:51,Se cierra el ticket al recibir llamada de karim que necesita una sumarización de todo el mes de Febrero
500Qi00000PvXk3IAF,00567418,2025-02-04 17:56:52,Closed,AMZAL -Sumarizacion mes de Enero,Mauricio Estay,Mauricio Estay,2025-02-04 21:50:43,20:45 se comienza a realizar la sumarizacion
500Qi00000PvXk3IAF,00567418,2025-02-04 17:56:52,Closed,AMZAL -Sumarizacion mes de Enero,Mauricio Estay,Mauricio Estay,2025-02-05 01:24:32,"Se envia correo de respuesta:  Estimados,  De acuerdo a lo solicitado hemos completado la sumarizacion y la reportabilidad se encuentra con los datos actualizados, se confirma telefónicamente con el despacho que ya se encuentra todo operando correctamente."
500Qi00000PvXk3IAF,00567418,2025-02-04 17:56:52,Closed,AMZAL -Sumarizacion mes de Enero,Mauricio Estay,Mauricio Estay,2025-02-05 01:17:39,"Se sumariza de acuerdo a los solicitado,. Se recupera la sumarizacion normal por servicio y se confirma con despacho que ya se actualizaron los datos a la hora en Jview"
500Qi00000PvlLeIAJ,00567438,2025-02-04 19:16:15,Closed,AMCEN - Cubos Load sin datos,Mauricio Estay,Mauricio Estay,2025-02-05 04:39:33,Se revisan los cubos y se encontraban actualizandose. Se envia correo a Adolfo para que confirmen los datos. Finalmente Roberto toma contacto telefonico con el y comenta que esta esperando la confirmacion desde despacho pero no ha tenido respuesta. Quedamos a la espera de su confirmación
500Qi00000PvlLeIAJ,00567438,2025-02-04 19:16:15,Closed,AMCEN - Cubos Load sin datos,Mauricio Estay,Mauricio Estay,2025-02-05 07:25:18,Se monitorea durante la noche y se procesan cada 1 hora sin tener problemas
500Qi00000PvvWEIAZ,00567439,2025-02-04 19:18:56,Closed,AMCEN - Cambio de FC y Sumarizacion Enero,Mauricio Estay,Mauricio Estay,2025-02-04 22:11:35,Hugo envia un correo a las 21:56:  Estimados  Fc de enero cargados en el sistema.  Se procede a sumarizar.
500Qi00000PvvWEIAZ,00567439,2025-02-04 19:18:56,Closed,AMCEN - Cambio de FC y Sumarizacion Enero,Mauricio Estay,Mauricio Estay,2025-02-05 03:39:45,Finaliza la Sumarizacion mensual y se vuelve a levantar la sumarizacion normal
500Qi00000PwW4LIAV,00567449,2025-02-04 22:13:05,Closed,"AMCEN - PA7, no le figuran los caex.",Mauricio Estay,Mauricio Estay,2025-02-05 04:40:33,"Buenas noches Alex,  Monitoreando el equipo, he observado que la PA7 se encuentra operando correctamente, actualizando actividades y visualizando camiones. Sin embargo, presenta cierta latencia en la comunicación, lo que podría estar ocasionando la demora en la actualización de la posición de los equipos en pantalla. Reiniciamos el equipo pero se mantiene la condición.  ¿Podría haber alguna pared u otro obstáculo cercano que esté interfiriendo con la comunicación del carro de comunicación?  Quedo atento a tus comentarios."
500Qi00000PwfnZIAR,00567453,2025-02-04 23:52:16,Closed,MLCC - No se actualiza informacion en planilla excel,Mauricio Estay,N/A,N/A,Sin comentarios
500Qi00000PxLObIAN,00567470,2025-02-05 04:58:25,Closed,AMCEN - C45 no cambia las actividades y se queda pegado el GPS,Mauricio Estay,Mauricio Estay,2025-02-05 05:14:49,"No es posible ingresar a traves de ssh para su revision, se revisa la cobertura de su ciclo y mantiene una señal deficiente en la mayoria del trayecto. Se solicita reinicio fisico o bien visita en terreno."
500Qi00000PxLJoIAN,00567471,2025-02-05 05:29:28,Closed,AMCEN - C56 pegado en plataforma Jigsaw,Mauricio Estay,Mauricio Estay,2025-02-05 06:58:10,Equipo no levantaba el JAMS. Se realiza un JAMSRouter update y se recupera al JAMS. Pero luego el GPS aparece como badpoint y no actualiza su posicion en la mina
500Qi00000PxLJoIAN,00567471,2025-02-05 05:29:28,Closed,AMCEN - C56 pegado en plataforma Jigsaw,Mauricio Estay,Mauricio Estay,2025-02-05 07:15:10,"Gps se encuentra inestable, pasando de Bad point a non diferential, se informa que debiese ser revisado en terreno"
500Qi00000PxYvKIAV,00567475,2025-02-05 06:49:37,Closed,AMCEN - OAS - Problemas en la web del monitoreo OAS,Mauricio Estay,N/A,N/A,Sin comentarios
500Qi00000Py6twIAB,00567509,2025-02-05 11:18:18,Closed,MLCC - Karim - Sumarizar el mes de Febrero,Maikol Salas,Maikol Salas,2025-02-05 13:34:11,Se termina la sumarización y se responde a karim
500Qi00000PysvBIAR,00567534,2025-02-05 12:36:18,Closed,MLCC - monitoreo - Procesos sql_server encolados,Maikol Salas,Maikol Salas,2025-02-05 12:46:30,Se monitorea y el proceso no se ha vuelto a pegar.
500Qi00000Q0tdTIAR,00567600,2025-02-05 19:45:01,Assigned,MLCC - Karim - Modificaciones en descargas sumario,Maikol Salas,N/A,N/A,Sin comentarios
500Qi00000Q0vlnIAB,00567602,2025-02-05 20:13:18,Closed,AMCEN -  Revision pantalla jigsaw de CAEX,Maikol Salas,Ricardo Rubio,2025-02-06 00:28:55,Se realiza una revision de los CAEX encontrando que los unicos que no muestran la ventana de los EDD son los correspondientes a la flota KOM 930 E.
500Qi00000Q0vlnIAB,00567602,2025-02-05 20:13:18,Closed,AMCEN -  Revision pantalla jigsaw de CAEX,Maikol Salas,Ricardo Rubio,2025-02-06 07:09:13,"Se realizan pruebas con los cambios de parches, bajando a la version 2.8-005-010 sin lograr solucionar el problema, luego se vuelve a la version correcta que es el parche 011, sin embargo tampoco funciona, por lo que se sigue investigando el problema."
500Qi00000Q0vlnIAB,00567602,2025-02-05 20:13:18,Closed,AMCEN -  Revision pantalla jigsaw de CAEX,Maikol Salas,Ricardo Rubio,2025-02-06 08:18:17,"Al revisar el interior del parche, nos damos cuenta que este hace alucion al prestart checklist por lo que se investiga la configuracion de este."
500Qi00000Q0vlnIAB,00567602,2025-02-05 20:13:18,Closed,AMCEN -  Revision pantalla jigsaw de CAEX,Maikol Salas,Maikol Salas,2025-02-06 12:45:22,Se encontró que el parche de prestart tenia una carpeta contenedora antes del Client. Se modificó la ruta de los parches y se cargaron nuevamente. y se solucionó el problema.
500Qi00000Q11pYIAR,00567603,2025-02-05 20:23:12,Closed,CNCHUQ - Revision Cargador frontal 882,Ricardo Rubio,Ricardo Rubio,2025-02-05 20:46:24,"Se modifica el registro de la tabla traveling para el cargador frontal 882, logrando asi que este se muestre en la ubicacion correcta, quedamos a la espera de la confirmacion de Diego Sosa sobre su funcionamiento correcto."
500Qi00000Q12DpIAJ,00567614,2025-02-05 22:17:35,Closed,AMZAL - Revision comunicacion L13,Ricardo Rubio,Ricardo Rubio,2025-02-05 22:29:07,La comunicacion con el cargador frontal L13 es muy inestable. Francisco nos comento que moverian la antena de comunicacion para mejorar su conexion.
500Qi00000Q1E0YIAV,00567617,2025-02-05 22:39:58,Closed,AMCEN -  Revision GPS CF231,Ricardo Rubio,Ricardo Rubio,2025-02-05 22:46:54,"Al revisar los equipos de alta precision nos damos cuenta que la mayoria tiene problemas de GPS en estado floating, por lo que se asume que esto es provocaco por las tormentas solares."
500Qi00000Q1afBIAR,00567618,2025-02-05 23:12:31,Closed,CNCHUQ - Revision comunicacion PA890,Ricardo Rubio,Ricardo Rubio,2025-02-06 00:37:11,"Al revisar el equipo PA890 nos percatamos que los CAEX de al rededor tambien pierde comunicacion al acercarse al sector, por lo que todo indica un problema de cobertura. Diego nos comenta que el problema sera escalado a personal de PSInet."
500Qi00000Q1afBIAR,00567618,2025-02-05 23:12:31,Closed,CNCHUQ - Revision comunicacion PA890,Ricardo Rubio,Ricardo Rubio,2025-02-06 07:15:23,"Diego Sosa nos comenta que personal de PSInet ya habian realizado una modificacion en los carros de comunicacion anteriormente para que ese sector tuviese comunicacion, sin embargo, a medida que la pala se fue moviendo y encajonando, volvio a quedar sin cobertura, por lo que personal de PSInet debera revisarla durante el dia.     Por otro lado, tambien nos comenta que todas las AP's estan funcionando correctamente."
500Qi00000Q1hn7IAB,00567622,2025-02-06 00:05:23,Closed,AMZAL - Revision comunicacion D11 y D14,Ricardo Rubio,Ricardo Rubio,2025-02-06 00:38:33,Freddy nos vuelve a llamar solicitando revisar la comunicacion de la Pala S03 y el cargador frontal L13 que tambien tienen problemas con su GPS.
500Qi00000Q1cfRIAR,00567623,2025-02-06 00:07:40,Closed,CNCHUQ - Revision Perforadora PE361,Ricardo Rubio,Ricardo Rubio,2025-02-06 00:40:24,"Se logra entrar al equipo pero no podemos acceder al VNC, por lo que mediante consola reiniciamos el core y la pantalla de la perforadora logrando asi recuperar su VNC, quedamos a la espera de la confirmacion del operador."
500Qi00000Q1e4VIAR,00567628,2025-02-06 00:50:29,Closed,AMZAL - Revision bloques Pala S04,Ricardo Rubio,Ricardo Rubio,2025-02-06 02:31:46,"Se intenta modificar la elevacion de la tronada 83005N para que la Pala S04 no visualice sus bloques, sin embargo, no se logra deshabilitar esta tronada para que no sea visualizada con la Pala S04."
500Qi00000Q1e4VIAR,00567628,2025-02-06 00:50:29,Closed,AMZAL - Revision bloques Pala S04,Ricardo Rubio,Ricardo Rubio,2025-02-06 04:11:36,"Se modifica el at_vertical, dismuniyendo su valor de 15 a 13 y asi comenzar a realizar mas pruebas."
500Qi00000Q1e4VIAR,00567628,2025-02-06 00:50:29,Closed,AMZAL - Revision bloques Pala S04,Ricardo Rubio,Ricardo Rubio,2025-02-06 05:07:48,"Finalmente se realiza una modificacion en la elevation del boundaries asignado a cada bloque. Se modificaron solamente los bloques que estaban al rededor de la pala, logrando asi que estos dejaran de visualizarse en el VNC de la S04. Se le avisa a Isaac para esperar aprobacion."
500Qi00000Q1lUGIAZ,00567629,2025-02-06 01:13:14,Closed,AMCEN -  Revision OAS CR01,Ricardo Rubio,Ricardo Rubio,2025-02-06 01:22:36,"Realizamos un ping al equipo CR01 para ver su comunicacion con servidor del el sistema OAS, el cual responde bien, se le explica a Juan Validiva que para visualizar si esta enviando eventos el equipo, esto debe ser en ruta."
500Qi00000Q3EifIAF,00567653,2025-02-06 10:21:50,Closed,MLCC - Mesa de ayuda IT - baja de usaurios,Maikol Salas,Maikol Salas,2025-02-06 10:22:12,"Para dar de baja las cuentas de mineops  en caso de existir, se debe indicar el nombre de usuario. Esa administración es interna de caserones y no tenemos la información de a quien pertenece cada nombre de usuario."
500Qi00000Q3EifIAF,00567653,2025-02-06 10:21:50,Closed,MLCC - Mesa de ayuda IT - baja de usaurios,Maikol Salas,Maikol Salas,2025-02-07 09:06:26,"Los usuarios fueron revisados y no existen, aún no se tiene respuesta de parte de la mesa de ayuda IT de caserones"
500Qi00000Q3EifIAF,00567653,2025-02-06 10:21:50,Closed,MLCC - Mesa de ayuda IT - baja de usaurios,Maikol Salas,Maikol Salas,2025-02-19 09:51:37,Se cierra al no tener respuesta
500Qi00000Q38zqIAB,00567654,2025-02-06 10:22:16,Closed,Apoyo Información para Proyecto Mina,Fernando Coronado,N/A,N/A,Sin comentarios
500Qi00000Q3OesIAF,00567673,2025-02-06 12:18:16,Closed,MLCC - Karim - Subir plan mensual,Maikol Salas,Maikol Salas,2025-02-07 12:00:21,"Se monitoreó el plan y se subió correctamente. El importador de planes fue programado en un crontab que se ejecuta cada 5 minutos. El script ahora verifica si ya está en ejecución y, en caso afirmativo, no realiza ninguna acción, evitando así la acumulación de procesos."
500Qi00000Q4miHIAR,00567686,2025-02-06 16:09:43,Closed,MLCC - Karim - no se actualiza el jview,Maikol Salas,Maikol Salas,2025-02-07 13:34:18,"El reporte de planes no actualizaba debido a que habia un caracter especial en el campo name. Esto venia de la primera linea del archivo csv. Al corregir esto e insertar el start_date de la tabla plans, se soluciona el problema. Se le avisa  a karim que deben revisar esto para que no vuelva a ocurrir."
500Qi00000Q56QsIAJ,00567696,2025-02-06 16:59:07,Closed,MLCC - Karim - Error data query,Maikol Salas,Maikol Salas,2025-02-06 17:44:23,"No puedo ver la imagen adjuntada, pero el error con la query que me enviaste, es porque en la fechas indicadas están consultado hasta el día 31 de junio y ese mes solo tiene 30 dias. No se si tienes otro problema que aparece en la imagen pero no la puedo visualizar para confirmar."
500Qi00000Q56QsIAJ,00567696,2025-02-06 16:59:07,Closed,MLCC - Karim - Error data query,Maikol Salas,Maikol Salas,2025-02-06 18:41:14,"Gracias Maikol se normalizo, ya que en distintos PC y distintas fechas teníamos ese problema, pero ya normalizo la query, gracias."
500Qi00000Q51RHIAZ,00567697,2025-02-06 17:02:17,Closed,MLCC - Daniel Godoy - Revision L220,Maikol Salas,Ricardo Rubio,2025-02-07 06:44:52,"Se revisa el log del JSPanel del equipo encontrando que hay un error referente al Hazard, se realiza un reinicio del equipo y este error no se vuelve a presentar, sin embargo, el Hazard aun no es visible mediante el VNC del cargador frontal"
500Qi00000Q51RHIAZ,00567697,2025-02-06 17:02:17,Closed,MLCC - Daniel Godoy - Revision L220,Maikol Salas,Ricardo Rubio,2025-02-07 21:19:04,"El equipo cambia de ubicacion, en la cual si le cargan los Hazard que se encuentran al rededor, sin embargo, se revisa el equipo P211 que esta cerca de la ubicacion anterior del L220. Encontrando que tampoco visualiza los hazards mencionados.    Por lo que se deduce que el problema lo esta teniendo el hazard con nombre HZ_LP_F05_3995 ya que ningun equipo lo visualiza."
500Qi00000Q51RHIAZ,00567697,2025-02-06 17:02:17,Closed,MLCC - Daniel Godoy - Revision L220,Maikol Salas,Ricardo Rubio,2025-02-07 22:19:03,"Se visualiza una diferencia grande entre la elevacion del Hazard y la elevacion real de la tronada y el equipo, por lo que se modifica la elevacion del Hazard a la que tiene actualimente la tronada cercana, logrando asi que los equipos vean correctamente el hazard."
500Qi00000Q5A7vIAF,00567698,2025-02-06 17:05:05,Closed,MLCC -Mesa De Ayuda- No hay comunicación de la conexión excel a servidor,Maikol Salas,Maikol Salas,2025-02-07 12:01:42,Se notificó que hay comunicación y replica de datos a los  servidores windows. El problema debe resolverse de forma interna por parte del cliente ya que es de red o permisos.
500Qi00000Q6ZAbIAN,00567721,2025-02-06 23:39:55,Closed,AMCEN -  Revision GPS CF231,Ricardo Rubio,Ricardo Rubio,2025-02-06 23:53:39,"Al revisar el equipo, lo encontramos con una buena señal GPS, se le responde el correo a Ignacio Muñoz con las pruebas, pero aun asi el equipo se queda en observaciones."
500Qi00000Q6ZAbIAN,00567721,2025-02-06 23:39:55,Closed,AMCEN -  Revision GPS CF231,Ricardo Rubio,Ricardo Rubio,2025-02-07 01:49:58,Se sigue monitoreando el equipo pero no se ha vuelto a presenciar el problema con el GPS. por lo que se le pide la confirmacion para el cierre del ticket a Ignacio Muñoz.
500Qi00000Q6vvuIAB,00567728,2025-02-07 03:06:05,Closed,AMCEN -  Revision OAS C129,Ricardo Rubio,N/A,N/A,Sin comentarios
500Qi00000Q7HGXIA3,00567734,2025-02-07 04:47:34,Closed,AMCEN -  Revision OAS C128,Ricardo Rubio,N/A,N/A,Sin comentarios
500Qi00000Q7G5zIAF,00567736,2025-02-07 05:27:37,Closed,CNCHUQ - Revision Cargador frontal CF882,Ricardo Rubio,Ricardo Rubio,2025-02-07 05:48:44,"Se cambia mediante base de datos la posicion del cargador frontal CF882, se confirma si la ubicacion es correcta con Diego Sosa y queda en monitoreo para saber si los equipos que estan asignados al equipo CF882 no pierden vueltas y hacen el cambio de ciclos correctamente."
500Qi00000Q7G5zIAF,00567736,2025-02-07 05:27:37,Closed,CNCHUQ - Revision Cargador frontal CF882,Ricardo Rubio,Ricardo Rubio,2025-02-07 05:58:29,Se modifica el script que ejecuta el crontab para actualizar la posicion de los equipos sin sistema a bordo ya que no tenia contemplado el cargador frontal CF882.
500Qi00000Q9mfxIAB,00567798,2025-02-07 17:06:31,Closed,MLCC - Cristian Perez  - Cobertura Pala 202,Maikol Salas,Maikol Salas,2025-02-07 17:06:55,Se deja corriendo un ping a la pala solicitada
500Qi00000Q9mfxIAB,00567798,2025-02-07 17:06:31,Closed,MLCC - Cristian Perez  - Cobertura Pala 202,Maikol Salas,Maikol Salas,2025-02-07 17:21:54,Envía correo solicitando dato de mas equipos
500Qi00000Q9mfxIAB,00567798,2025-02-07 17:06:31,Closed,MLCC - Cristian Perez  - Cobertura Pala 202,Maikol Salas,Maikol Salas,2025-02-07 18:15:44,Se envía la información solicitada
500Qi00000QAa1gIAD,00567810,2025-02-07 22:44:31,Closed,CNDMH - Revision P098,Ricardo Rubio,Ricardo Rubio,2025-02-07 22:51:40,"Intentamos conectar con el equipo, pero no hay comunicación. Informamos a Miguel, quien irá a revisarlo en terreno."
500Qi00000QAa1gIAD,00567810,2025-02-07 22:44:31,Closed,CNDMH - Revision P098,Ricardo Rubio,Ricardo Rubio,2025-02-08 00:06:30,"Miguel revisa el equipo en terreno, en donde se percato que el cable que conecta el Sarhm esta dañado. Por otro lado, el equipo logra prender y tenemos comunicacion con la Pala P098 y podemos visualizar su VNC, pero no tenemos señal GPS.     Revisando los demas equipos de alta precision nos fijamos que tambien estan teniendo problemas con su GPS, lo que indica que las tormentas solares son las causantes de esto. Tambien la estacion base esta funcionando de manera correcta."
500Qi00000QAm4QIAT,00567812,2025-02-07 23:15:23,Closed,AMZAL - Revision L13,Ricardo Rubio,Ricardo Rubio,2025-02-07 23:22:11,"Al revisar el equipo nos percatamos que tiene problemas con el GPS, esto puede estar relacionado con las tormentas solares, ya que varios equipos estan sufriendo el mismo problema.    Tambien se descarta el problema con la estacion base, ya que esta enviando correcciones GPS al servidor de manera normal."
500Qi00000QAm4QIAT,00567812,2025-02-07 23:15:23,Closed,AMZAL - Revision L13,Ricardo Rubio,Ricardo Rubio,2025-02-07 23:44:12,Freddy Quispe nos llama nuevamente para realizarle un reinicio al JSPanel y core del equipo L13 para descartar otro tipo de problemas.
500Qi00000QAm4QIAT,00567812,2025-02-07 23:15:23,Closed,AMZAL - Revision L13,Ricardo Rubio,Ricardo Rubio,2025-02-07 23:59:23,"A pesar de los reinicios al equipo el problema de GPS sigue presentandose, por lo que se asume que son las tormentas solares el cual lo provoca."
500Qi00000QAm4QIAT,00567812,2025-02-07 23:15:23,Closed,AMZAL - Revision L13,Ricardo Rubio,Ricardo Rubio,2025-02-08 02:58:44,"Luego de unas horas se normalizan los equipos de alta precision, por lo que con eso se confirma que el problema era por la actividad geomagnetica presentada en la zona.     Por otro lado, al estar monitoreando el equipo, no visualizamos ningun problema con su cota, por lo que se asume que estaba relacionado a su problemas con el GPS y la actividad geomagnetica."
500Qi00000QAosbIAD,00567813,2025-02-07 23:36:04,Closed,Monitoreo - CNRT - Load Avarage Alto,Ricardo Rubio,N/A,N/A,Sin comentarios
500Qi00000QApgbIAD,00567814,2025-02-07 23:48:21,Closed,AMCEN -  Revision OAS C52,Ricardo Rubio,N/A,N/A,Sin comentarios
500Qi00000QAuwRIAT,00567816,2025-02-08 01:52:27,Closed,AMCEN -  Revision OAS C159,Ricardo Rubio,N/A,N/A,Sin comentarios
500Qi00000QBHHyIAP,00567823,2025-02-08 05:44:55,Closed,CNCHUQ - Revision Pala PA200,Ricardo Rubio,Ricardo Rubio,2025-02-08 07:10:45,"Diego Soza activa la opcion """"Deshabilitar Carguio GPS?', ya que la zona en donde se encuentra cargando la PA200 provoca que los camiones carguen antes de tiempo por su recorrido. Logrando con esto que se normalicen los cambios de actividades dentro del radio de la Pala."
500Qi00000QBHHyIAP,00567823,2025-02-08 05:44:55,Closed,CNCHUQ - Revision Pala PA200,Ricardo Rubio,Ricardo Rubio,2025-02-08 06:42:27,"Se realiza un reinicio del equipo y se comienza a revisar los Logs, en donde encontramos un error.    Otra observacion es que los equipos antes de aculatar, realizan una vuelta en U y luego comienzan a retroceder hacia la pala luego de entrar al radio de la Pala. Por lo que el CAEX al realizar la primera detencion, cambia de estado a Cargando y luego de acomodarse hacia la pala, cambia de actividad a transportando."
500Qi00000QBHHyIAP,00567823,2025-02-08 05:44:55,Closed,CNCHUQ - Revision Pala PA200,Ricardo Rubio,Ricardo Rubio,2025-02-08 21:02:37,"Diego Soza nos comenta que el problema se vuelve a presentar, ahora tambien afecta a la PA230, con la observacion que solo esta pasando con equipos core. Se comienza a revisar que puede estar ocasionando estos cambios de estados repentinos."
500Qi00000QBHHyIAP,00567823,2025-02-08 05:44:55,Closed,CNCHUQ - Revision Pala PA200,Ricardo Rubio,Ricardo Rubio,2025-02-08 22:47:08,Se activa la opcion de Auto llegada de la tronada y tambien se aumenta el radio de la Pala PA200 ya que esta no esta cerca al poligono asignado.
500Qi00000QBHHyIAP,00567823,2025-02-08 05:44:55,Closed,CNCHUQ - Revision Pala PA200,Ricardo Rubio,Ricardo Rubio,2025-02-09 03:18:21,"Mediante el monitoreo de los equipos, observamos que el problema no se vuelve a presentar luego de los cambios efectuados. Despacho tampoco a vuelto mencionar el problema de las Palas, por lo que se mantendra en monitoreo durante la noche y luego se confirmara con despacho."
500Qi00000QBHHyIAP,00567823,2025-02-08 05:44:55,Closed,CNCHUQ - Revision Pala PA200,Ricardo Rubio,Ricardo Rubio,2025-02-09 03:15:02,"Se realiza una modificacion en el radio de la PA200, ya que estaba fuera del rango de su Poligono. Tambien se le activa el auto llegada a la tronada de la PA200 y a la tronada de la pala PA230."
500Qi00000QBLjhIAH,00567824,2025-02-08 05:50:28,Closed,AMCEN -  Revision OAS C20,Ricardo Rubio,N/A,N/A,Sin comentarios
500Qi00000QBgBUIA1,00567834,2025-02-08 11:49:03,Closed,CNDMH - Daniel Salazar -,Maikol Salas,Maikol Salas,2025-02-08 18:22:23,Se avisa a Daniel que se necesita el formulario firmado de codelco para la creación del usuario ya que no está creado.
500Qi00000QBgBUIA1,00567834,2025-02-08 11:49:03,Closed,CNDMH - Daniel Salazar -,Maikol Salas,Maikol Salas,2025-02-08 19:34:46,Se creó el usuario dsala011 con password dsala1931
500Qi00000QBemRIAT,00567838,2025-02-08 12:58:39,Closed,MLCC - Karim -Duplicación de boundary,Maikol Salas,Maikol Salas,2025-02-08 13:33:34,Se eliminan los registros duplicados y se espera respuesta de karim
500Qi00000QBsyzIAD,00567846,2025-02-08 14:33:39,Closed,MLCC - Aldo Bustamante - Ping a equipos,Maikol Salas,Maikol Salas,2025-02-08 14:35:31,Se informa de que tiene ping e indica que despacho no tiene vnc . Se reinicia y se espera respuesta.
500Qi00000QBsyzIAD,00567846,2025-02-08 14:33:39,Closed,MLCC - Aldo Bustamante - Ping a equipos,Maikol Salas,Maikol Salas,2025-02-08 14:35:45,Aldo llama nuevamente solicitando ping a P201
500Qi00000QBsyzIAD,00567846,2025-02-08 14:33:39,Closed,MLCC - Aldo Bustamante - Ping a equipos,Maikol Salas,Maikol Salas,2025-02-08 18:19:23,Se cierra al no tener respuesta
500Qi00000QBxvVIAT,00567848,2025-02-08 16:01:05,Closed,AMZAL - Sebastian  Alonso Fernandez Venegas -Revisión turno noche 07-02-25,Maikol Salas,Maikol Salas,2025-02-08 18:18:01,Se realizó la auditoria sobre lo requerido entre este rango de horas 2025-02-08 00:00:00   y 2025-02-08 08:00:00.  Y se obtuvieron los siguientes registros.  Si necesitas otro rango horario u otros equipos favor indicar y se le enviará la respuesta a la brevedad.
500Qi00000QCGzhIAH,00567857,2025-02-08 21:03:42,Closed,CNMS - Revision PA030,Ricardo Rubio,Ricardo Rubio,2025-02-08 22:45:33,"Al revisar el equipo no logramos ver la situacion la cual nos señalaba Diego, igualmente realizamos un reinicio a la Pala PA030 para descartar y se mantiene en monitoreo."
500Qi00000QCGzhIAH,00567857,2025-02-08 21:03:42,Closed,CNMS - Revision PA030,Ricardo Rubio,Ricardo Rubio,2025-02-09 03:07:18,"Diego nos comenta que despacho no ha vuelto a mencionar problemas con la PA030, por lo que se asume que sta funcionando correctamente."
500Qi00000QCN0JIAX,00567860,2025-02-08 23:52:15,Closed,AMCEN -  Revision OAS C161,Ricardo Rubio,N/A,N/A,Sin comentarios
500Qi00000QCRGnIAP,00567861,2025-02-09 00:20:28,Closed,AMCEN -  Revision GPS CF231,Ricardo Rubio,Ricardo Rubio,2025-02-09 01:07:25,"Al revisar el equipo nos percatamos que tiene su GPS en Floating, el cual es un sintoma comun cuando hay tormentas solares, por lo que se revisan los demas equipos de alta precision, encontrando la mayoria con este problema, por lo que se asume que el centelleo es el causante.    Igualmente se revisa la estacion base, la cual esta entregando de manera normal las correcciones GPS."
500Qi00000QD254IAD,00567898,2025-02-09 12:17:08,Closed,MLCC - Cristian Perez  - Cobertura Pala 202 y P220,Maikol Salas,Maikol Salas,2025-02-09 13:26:07,Se envía la información solicitada.
500Qi00000QCz5dIAD,00567899,2025-02-09 12:21:13,Closed,MLCC - Cristian Perez  - Cobertura Pala 202,Maikol Salas,Maikol Salas,2025-02-09 14:29:57,Se envía la información solicitada a Cristian Perez
500Qi00000QD6DVIA1,00567900,2025-02-09 12:26:53,Closed,MLCC - Karim  - Sumarizacion,Maikol Salas,Maikol Salas,2025-02-09 13:16:01,La sumarizacion terminó correctamente
500Qi00000QD5sYIAT,00567901,2025-02-09 12:41:23,Closed,MLCC - Karim- Destinos duplicados.,Maikol Salas,Maikol Salas,2025-02-09 12:44:57,Se eliminan los registros duplicados y se espera respuesta de karim
500Qi00000QCyRLIA1,00567902,2025-02-09 12:47:17,Assigned,AMZAL - Sebastian   Fernandez  -navegacion Bulldozer T13,Maikol Salas,N/A,N/A,Sin comentarios
500Qi00000QD7XlIAL,00567903,2025-02-09 12:49:14,Assigned,AMZAL - Sebastian   Fernandez  - Calibración S02-S03-S04.,Maikol Salas,N/A,N/A,Sin comentarios
500Qi00000QDDF1IAP,00567912,2025-02-09 14:32:13,Assigned,MLCC - Karim  - solicita documento ASARCO,Maikol Salas,N/A,N/A,Sin comentarios
500Qi00000QDgP3IAL,00567937,2025-02-09 22:06:58,Closed,AMANT - Revision Pala S01,Ricardo Rubio,Ricardo Rubio,2025-02-09 23:15:46,"Se realiza un reinicio del equipo y luego se contacta a Alejandro Calasis, sin embargo, el problema sigue presentandose.    Se sigue investigando el problema."
500Qi00000QDgP3IAL,00567937,2025-02-09 22:06:58,Closed,AMANT - Revision Pala S01,Ricardo Rubio,Ricardo Rubio,2025-02-09 23:57:41,"El equipo tiene una muy mala comunicacion, por lo que es influyente con la recepcion de los mensajes hacia el operador.     Por otra parte, al revisar el equipo, nos damos cuenta que no esta levantando el Tun0, por lo que se van a observar los certificados internos, en donde nos percatamos que se encuentran vencidos. Por otro lado, los certificados de la S01 que estan en el servidor se encuentran actualizados, por lo que se traspasan desde el servidor al equipo de manera remota."
500Qi00000QDgP3IAL,00567937,2025-02-09 22:06:58,Closed,AMANT - Revision Pala S01,Ricardo Rubio,Ricardo Rubio,2025-02-10 00:07:14,"Luego de traspasar los certificados hacia el equipo, comienza a levantar el Tun0, sin embargo, esta levantando con una IP Incorrecta, por lo que se revisan los archivos client, en donde observamos que esta mal dirigida la IP de la pala S01 en comparacion a todos los demas equipos."
500Qi00000QDgwvIAD,00567939,2025-02-09 22:13:05,Closed,CNRT - Revisión CAEX C940,Ricardo Rubio,Ricardo Rubio,2025-02-09 23:43:55,Se reinicia la pantalla del C940 logrando asi que al operador le vuelva el correcto funcionamiento de esta.
500Qi00000QDkm3IAD,00567946,2025-02-09 23:17:19,Closed,AMCEN -  Revision OAS C132,Ricardo Rubio,N/A,N/A,Sin comentarios
500Qi00000QDopfIAD,00567963,2025-02-09 23:52:54,Closed,AMZAL - Revision T14,Ricardo Rubio,Ricardo Rubio,2025-02-09 23:53:56,"Se realiza un reinicio del equipo intentando recuperar su GPS, sin embargo, no da resultados.    Se le informa a Freddy que es necesario una revision del equipo en terreno para revisar sus GPS."
500Qi00000QE5c0IAD,00567979,2025-02-10 04:32:34,Closed,CNDMH - Revision C303,Ricardo Rubio,Ricardo Rubio,2025-02-10 04:49:26,Nos intentamos conectar con el C303 pero no tenemos comunicacion con el equipo. Esto debe estar relacionado con el problema que esta teniendo con los ciclos.
500Qi00000QE5c0IAD,00567979,2025-02-10 04:32:34,Closed,CNDMH - Revision C303,Ricardo Rubio,Ricardo Rubio,2025-02-10 05:17:07,"Luego de que el operador """"cortara chapa"""" del camion, forzando un reinicio del sistema, este vuelve a tener comunicacion, por lo que queda en observacion si la situacion de los ciclos se vuelve a repetir."
500Qi00000QE5c0IAD,00567979,2025-02-10 04:32:34,Closed,CNDMH - Revision C303,Ricardo Rubio,Ricardo Rubio,2025-02-10 07:17:09,"Despues de que volviera la comunicacion, el equipo no tuvo problemas con sus ciclos, sin embargo, a las 07:06 am volvemos a revisar y nuevamente no tiene comunicacion. Por lo que se le sugiera a Miguel que el equipo sea revisado en terreno."
500Qi00000QGQ1GIAX,00568045,2025-02-10 15:48:08,Closed,AMZAL - Sebastian   Fernandez  - Porblema importación hazard,Maikol Salas,Maikol Salas,2025-02-10 16:11:29,Se encontró que el archivo csv estaba en formato incorrecto. Se envía un correo a Sebastián indicando el problema.
500Qi00000QGQ1GIAX,00568045,2025-02-10 15:48:08,Closed,AMZAL - Sebastian   Fernandez  - Porblema importación hazard,Maikol Salas,Maikol Salas,2025-02-10 16:33:52,Se verifica que el archivo subió correctamente.
500Qi00000QH5VsIAL,00568064,2025-02-10 18:46:13,Seeking Customer Clarification,AAM - Juan Hinojosa -  Importar todos los workers de csv,Maikol Salas,N/A,N/A,Sin comentarios
500Qi00000QHopVIAT,00568077,2025-02-10 22:01:53,Closed,CNDMH - Revision B406,Ricardo Rubio,Ricardo Rubio,2025-02-10 22:04:07,"Intentamos conectarnos al B406 pero no tenemos comunicacion, por lo que saltamos desde el sarhm para comprobar los puertos del FMS, encontrando todo correcto, luego hacemos la conexion desde el sarhm hacia la pantalla la cual nos permite, pero desde la pantalla no tenemos comunicacion con el core. Se le comenta esto a Miguel para su intervencion en terreno."
500Qi00000QI1UxIAL,00568084,2025-02-10 22:46:24,Closed,MLCC - Revision C327,Ricardo Rubio,Ricardo Rubio,2025-02-10 23:34:00,"Al revisar el equipo nos percatamos de un error en el log del JAMS, por lo que se realiza una eliminacion de la base de datos interna y un reinicio, logrando que el proximo ciclo lo haga de manera correcta. Se mantiene en monitoreo igualmente."
500Qi00000QI1UxIAL,00568084,2025-02-10 22:46:24,Closed,MLCC - Revision C327,Ricardo Rubio,Ricardo Rubio,2025-02-11 05:19:42,"El equipo funciona correctamente por unas horas, sin embargo, el problema luego vuelve a presentarse. Se realiza un reinicio nuevamente, pero esta vez no funciona. Se revisan los sensores del equipo encontrando que hay 3 plm que no estan funcionando en comparacion a los demas equipos, estos son los siguientes: Payload y dipper Tonage. Por lo que se recomienda una revision en terreno del equipo."
500Qi00000QI1UxIAL,00568084,2025-02-10 22:46:24,Closed,MLCC - Revision C327,Ricardo Rubio,Ricardo Rubio,2025-02-12 03:25:18,"El equipo no fue a ser revisado en terreno durante el dia, por lo que los problemas persisten."
500Qi00000QHys8IAD,00568087,2025-02-10 22:58:52,Closed,CNDMH - Revision F101,Ricardo Rubio,Ricardo Rubio,2025-02-11 01:03:40,Al revisar el equipo nos percatamos que el problema del GPS tiene que ver con las tormentas solares.
500Qi00000QI9CNIA1,00568093,2025-02-11 00:14:11,Closed,CNCHUQ - Revision Pala PA893,Ricardo Rubio,Ricardo Rubio,2025-02-11 00:16:25,"Al revisar la Pala PA893 y los equipos que estan cargando en ella (C470 y C512) nos percatamos que la perdida de comunicacion es significante, lo cual esta influyendo directamente en los cambios de estado y las vueltas contabilizadas."
500Qi00000QI9CNIA1,00568093,2025-02-11 00:14:11,Closed,CNCHUQ - Revision Pala PA893,Ricardo Rubio,Ricardo Rubio,2025-02-11 01:02:55,Diego Soza le comenta al despacho el problema y quedan en comunicarselo a PSInet.
500Qi00000QHraUIAT,00568101,2025-02-11 01:04:54,Closed,CNDMH - Revision P204,Ricardo Rubio,Ricardo Rubio,2025-02-11 02:26:18,"Al revisar el equipo nos percatamos que esta teniendo problemas con el GPS en floating, al igual que otros equipos de alta precision, por lo que se asume que el problema es debido a las tormentas solares"
500Qi00000QI6RPIA1,00568104,2025-02-11 01:20:41,Closed,CNCHUQ - Revision Pala PA200,Ricardo Rubio,Ricardo Rubio,2025-02-11 02:30:51,"Se desactiva el auto llegada de la tronada, tambien se modifica el radio de la Pala, se reinicia la base de datos interna del equipo y se reinicia, esperando que asi la Pala funcione correctamente, por lo que se mantiene en monitoreo."
500Qi00000QI6RPIA1,00568104,2025-02-11 01:20:41,Closed,CNCHUQ - Revision Pala PA200,Ricardo Rubio,Ricardo Rubio,2025-02-11 05:31:39,"Luego de modificar todo lo anteriormente mencionado, el problema sigue presentandose, por lo que se hace un reinicio al JAMS Router del servidor y queda en monitoreo."
500Qi00000QIDj1IAH,00568110,2025-02-11 03:12:14,Closed,AMCEN -  Revision OAS C132,Ricardo Rubio,Ricardo Rubio,2025-02-11 03:17:02,"En primera instancia, el equipo C132 no se visualiza en los equipos conectados al servidor OAS, por lo que Juan Valdivia realiza un reinicio del harware para comprobar nuevamente."
500Qi00000QJ2LiIAL,00568136,2025-02-11 06:35:41,Closed,MLCC - Revision Destino DL_E3.5,Ricardo Rubio,N/A,N/A,Sin comentarios
500Qi00000QL3DiIAL,00568195,2025-02-11 16:19:18,Closed,MLCC - Cristian Perez  - Solicita ping a equipos,Maikol Salas,Maikol Salas,2025-02-11 16:43:36,Se le solicita el correo ya que no lo habia enviado.
500Qi00000QMaKPIA1,00568255,2025-02-11 21:07:10,Closed,CNRT - Revisión Comunicacion equipos.,Ricardo Rubio,Ricardo Rubio,2025-02-11 21:43:26,"Nos conectamos a la reunion definida para revisar los equipos que no tienen comunicacion, los integrantes de la reunion son: Alfredo Herrera, Alvaro SanMartin, Ricardo Pinero, Alexis Poblete, Rodrigo Moncada, Victor Rojas, Norma Vargas."
500Qi00000QMaKPIA1,00568255,2025-02-11 21:07:10,Closed,CNRT - Revisión Comunicacion equipos.,Ricardo Rubio,Ricardo Rubio,2025-02-11 23:48:18,"Se realizan pruebas """"cortando cuchillas"""" de los equipos para lograr que ellos se conecten, sin embargo, se recupera la comunicacion con estos por unos minutos, pero luego se vuelve a perder la conexion con estos."
500Qi00000QMaKPIA1,00568255,2025-02-11 21:07:10,Closed,CNRT - Revisión Comunicacion equipos.,Ricardo Rubio,Ricardo Rubio,2025-02-12 00:52:00,"Luego de varias pruebas y que nada funcionara, personal de PSInet procede con un reinicio del sarhm8, logrando asi que vuelva la comunicacion con la estacion base que se habia perdido pero el numero de equipos que quedan sin comunicacion sigue siendo el mismo, entre 10 a 13 equipos, por lo que comentan que puede haber alguna limitante de conexiones sumultaneas que puede estar afectando.     Personal de PSInet continua con la investigacion."
500Qi00000QMnCoIAL,00568296,2025-02-11 23:15:19,Closed,MLCC - Revision Destino BOT_INFERIOR_4265,Ricardo Rubio,Ricardo Rubio,2025-02-11 23:51:30,"Se elimina el duplicado del Destino BOT_INFERIOR_4265, logrando asi poder modificar el material, sin embargo, Alejandro Larenas sigue sin poder modificarlo, por lo que se sigue investigando el porque."
500Qi00000QMnCoIAL,00568296,2025-02-11 23:15:19,Closed,MLCC - Revision Destino BOT_INFERIOR_4265,Ricardo Rubio,Ricardo Rubio,2025-02-12 00:50:44,"Luego de una serie de revisiones, encontramos que el boundary para el destino BOT_INFERIOR_4265 esta duplicado, por lo que se elimina uno indicado por Alejandro Larenas."
500Qi00000QNDC9IAP,00568330,2025-02-12 03:21:35,Closed,AMCEN -  Revision OAS C154,Ricardo Rubio,Ricardo Rubio,2025-02-12 03:23:08,"Intentamos conectarnos al equipo, sin embargo, no logramos tener ping con este. Se le informa a Juan Valdivia la situacion y se percata de un cable defectuoso que va conectado al sistema OAS."
500Qi00000QNDC9IAP,00568330,2025-02-12 03:21:35,Closed,AMCEN -  Revision OAS C154,Ricardo Rubio,Ricardo Rubio,2025-02-12 04:27:56,"Juan nos comenta que no poseen el repuesto del OAS, por lo que el requerimiento quedara pasado para el turno de dia."
500Qi00000QNQVvIAP,00568337,2025-02-12 04:45:15,Closed,CNRT - Revisión Equipos,Ricardo Rubio,Ricardo Rubio,2025-02-12 04:48:16,"Logramos tener comunicacion con los primeros equipos que nos comenta Elias, que son el CAEX C954 y C324, sin embargo, el problema que presentaron esta directamente relacionado con el ticket 00568255"
500Qi00000QNQVvIAP,00568337,2025-02-12 04:45:15,Closed,CNRT - Revisión Equipos,Ricardo Rubio,Ricardo Rubio,2025-02-12 05:00:15,"Elias nos solicita revisar el C337 y el C830, ya que tambien presentaron problemas anteriormente y los tuvieron que intervenir en terreno. Ambos equipos poseen buena comunicacion y se visualiza su VNC luego de la intervencion."
500Qi00000QNQVvIAP,00568337,2025-02-12 04:45:15,Closed,CNRT - Revisión Equipos,Ricardo Rubio,Ricardo Rubio,2025-02-12 05:28:44,"Tambien se revisa el VNC y comunicacion de los equipos RT5 y C935, en donde ambos se ve un funcionamiento correcto despues de la intervencion en terreno."
500Qi00000QNQVvIAP,00568337,2025-02-12 04:45:15,Closed,CNRT - Revisión Equipos,Ricardo Rubio,Ricardo Rubio,2025-02-12 05:31:42,"Queda pendiente revisar el C336 el cual tiene material en la tolva, por lo que no se puede intervenir y el C959. Estos quedaran para el turno de dia."
500Qi00000QO1NQIA1,00568350,2025-02-12 09:50:53,Closed,Consulta - Velocidades por ubicación,Paulina Aedo,Paulina Aedo,2025-02-12 10:49:27,Se realizó una reunión el día martes 11 de febrero en conjunto con Pablo Gavilan y Francisco Rojas donde se analizó la pregunta y se les brindó una recomendación. Estamos al pendiente de la validación para cierre de ticket
500Qi00000QO1NQIA1,00568350,2025-02-12 09:50:53,Closed,Consulta - Velocidades por ubicación,Paulina Aedo,Paulina Aedo,2025-02-13 12:23:36,"En reunión del día 13 de febrero junto a Pablo Gavilán, se confirma la claridad de los conceptos brindados y se le comunica que en la carpeta Xfer/Datos_velocidades podrán encontrar un csv con los datos de posicionamiento y velocidades"
500Qi00000QOBEgIAP,00568362,2025-02-12 10:16:53,Seeking Customer Clarification,Consulta - Distancia Equivalente,Paulina Aedo,Paulina Aedo,2025-02-17 10:19:18,"En reunión del día Martes 11 de febrero, junto a Pablo Gavilán, Francisco Rojas y Nelson Donoso, se les brinda la opción de auditar la tabla fuel_consumption, quedando a la espera de una respuesta por parte de caserones para ejecutarlo"
500Qi00000QOOmzIAH,00568378,2025-02-12 11:15:06,Closed,MLCC -/Creación de usuario MineOps,Fernando Coronado,N/A,N/A,Sin comentarios
500Qi00000QPbjpIAD,00568412,2025-02-12 15:57:47,Seeking Customer Clarification,AMZAL -/ Configuración de equipos.,Ricardo Rubio,Roberto Maldonado,2025-02-12 21:05:40,Se queda a la espera de correo solicitado por Fernando a Miguel Caceres para formalizar la peticion.
500Qi00000QPbjpIAD,00568412,2025-02-12 15:57:47,Seeking Customer Clarification,AMZAL -/ Configuración de equipos.,Ricardo Rubio,Fernando Coronado,2025-02-17 13:11:56,"Se envía correo a Miguel Cáceres para que nos explique un poco más detallada su solicitud, a espera de la respuesta."
500Qi00000QPbjpIAD,00568412,2025-02-12 15:57:47,Seeking Customer Clarification,AMZAL -/ Configuración de equipos.,Ricardo Rubio,Mauricio Estay,2025-02-20 18:18:54,"Estimado Miguel,  En atención al requerimiento sobre la visualización de los litros de combustible en los cargadores (considerando que las palas son eléctricas), lamentablemente no es posible implementarlo, ya que la lógica actual solo aplica a los camiones.  En cuanto al tiempo de actualización de los datos en Jview, este está configurado para ejecutarse cada 5 minutos.  Quedamos atentos a cualquier duda o consulta que puedas tener.  Saludos!  (Se adjunta correo al ticket)"
500Qi00000QR6APIA1,00568449,2025-02-12 21:03:24,Closed,DMH - Apoyo remoto chequeo P205,Roberto Maldonado,Roberto Maldonado,2025-02-12 21:04:27,"Se hace revisión del equipo, encontrando des comunicación hacia el equipo. Se hace intento por mas de 10 minutos sin respuesta. Se avisa a tecnico para que revisen en terreno el estado del equipo, por posible encajonamiento."
500Qi00000QR6APIA1,00568449,2025-02-12 21:03:24,Closed,DMH - Apoyo remoto chequeo P205,Roberto Maldonado,Roberto Maldonado,2025-02-13 03:55:38,"Vuelven a llamar preguntando por equipo, el equipo esta en mantenimiento, se esperara a que salga de el para su revisión."
500Qi00000QR6APIA1,00568449,2025-02-12 21:03:24,Closed,DMH - Apoyo remoto chequeo P205,Roberto Maldonado,Roberto Maldonado,2025-02-13 04:29:41,Se le da energia al equipo P205 el cual recupera correcta comunicacion y GPS
500Qi00000QR6APIA1,00568449,2025-02-12 21:03:24,Closed,DMH - Apoyo remoto chequeo P205,Roberto Maldonado,Roberto Maldonado,2025-02-13 06:10:51,Equipo se continua comportando correctamente
500Qi00000QRHyfIAH,00568454,2025-02-12 22:35:23,Closed,AMCEN - Revisión equipos CF234 y PE5,Roberto Maldonado,Roberto Maldonado,2025-02-13 00:01:24,"Se da aviso de alta latencia para el equipo CF234 y problemas de calidad GPS en PE5, se hace reinicio de ambos no mejorando las condiciones, se le pide a Tomas Arias que revise los equipos en terreno."
500Qi00000QRHyfIAH,00568454,2025-02-12 22:35:23,Closed,AMCEN - Revisión equipos CF234 y PE5,Roberto Maldonado,Roberto Maldonado,2025-02-13 06:03:10,Hasta el momento la condición se mantiene y no se ha recibido respuesta de Tomas Arias sobre la revisión en terreno.
500Qi00000QRHyfIAH,00568454,2025-02-12 22:35:23,Closed,AMCEN - Revisión equipos CF234 y PE5,Roberto Maldonado,Roberto Maldonado,2025-02-13 07:51:29,PE5 retoma correcto posicionamiento GPS.
500Qi00000QRHyfIAH,00568454,2025-02-12 22:35:23,Closed,AMCEN - Revisión equipos CF234 y PE5,Roberto Maldonado,Roberto Maldonado,2025-02-13 21:45:38,Mejora la condición de comunicación de CF234 y calidad en antenas GPS en PE5.
500Qi00000QRFKAIA5,00568456,2025-02-12 22:39:27,Closed,"DMH - Apoyo remoto chequeo P098, P762 y caex 328",Roberto Maldonado,Roberto Maldonado,2025-02-12 23:44:12,"Se revisa el equipo P098 encontrando correcta comunicación y VNC, sin embargo nos muestra que la calidad del GPS es 5 y que se esta estimando la posición, se efectúa reinicio no solucionando el problema. posteriormente se flashea el core y al volver nos muestra que ambas antenas GPS no entregan datos, se sigue probando alternativas peor no se logra recuperar la señal GPS. Técnicos cambiaran el core."
500Qi00000QRFKAIA5,00568456,2025-02-12 22:39:27,Closed,"DMH - Apoyo remoto chequeo P098, P762 y caex 328",Roberto Maldonado,Roberto Maldonado,2025-02-13 01:26:31,"P762 tiene perdida de comunicación no su antena GPS 1 se informa a técnicos quien verán si es posible revisión en terreno de la antena ya que necesitan hacer trabajo en altura y no esta permitido durante la noche, igualmente verán la revisión de conectores dentro de cabina."
500Qi00000QRFKAIA5,00568456,2025-02-12 22:39:27,Closed,"DMH - Apoyo remoto chequeo P098, P762 y caex 328",Roberto Maldonado,Roberto Maldonado,2025-02-12 23:54:45,En revisión de C328 se encuentran que las cargas y descargas fueron enviadas correctamente por el equipo.
500Qi00000QRFKAIA5,00568456,2025-02-12 22:39:27,Closed,"DMH - Apoyo remoto chequeo P098, P762 y caex 328",Roberto Maldonado,Roberto Maldonado,2025-02-13 06:09:57,"P762 se mantiene funcionando correctamente en comunicación y GPS, P098 sigue con los problemas de los GPS y debera ser revisada en terreno durante el dia."
500Qi00000QRFKAIA5,00568456,2025-02-12 22:39:27,Closed,"DMH - Apoyo remoto chequeo P098, P762 y caex 328",Roberto Maldonado,Victor Rojas,2025-02-13 11:23:28,Sebastian Vera acudira a revisión de sensorbox de equipo que trabaja en forma incorrecta.
500Qi00000QRFKAIA5,00568456,2025-02-12 22:39:27,Closed,"DMH - Apoyo remoto chequeo P098, P762 y caex 328",Roberto Maldonado,Roberto Maldonado,2025-02-13 21:40:54,"Se revisa equipo encontrando que este fue revisado por personal del día, recuperando las antenas GPS."
500Qi00000QRlrtIAD,00568482,2025-02-13 03:54:03,Closed,DMH - Apoyo remoto chequeo caex C371,Roberto Maldonado,Roberto Maldonado,2025-02-13 03:56:10,"Equipo sin comunicacion hace 1 horas, se entrega informacion a tecnicos que la revisaran en terreno"
500Qi00000QRlrtIAD,00568482,2025-02-13 03:54:03,Closed,DMH - Apoyo remoto chequeo caex C371,Roberto Maldonado,Roberto Maldonado,2025-02-13 06:04:59,"Equipo recupera correcta comunicación después de revisión en terreno de los técnicos. GPS presenta cierta fluctuación en los datos,"
500Qi00000QV6QOIA1,00568551,2025-02-13 19:37:40,Closed,MLCC -/ Agregar Variable,Mauricio Estay,Fernando Coronado,2025-02-14 17:47:00,"Complementando, agregar una nueva calidad implica modificación del importador y otros trabajos.    En la semana tuvimos una reunión con Pablo Gavilan y Francisco Rojas, donde mencionaron algunas modificaciones.   Favor coordinar modificaciones con ellos y estando autorizado por Carlos Contreras, procederemos a Cotizar el trabajo."
500Qi00000QV6QOIA1,00568551,2025-02-13 19:37:40,Closed,MLCC -/ Agregar Variable,Mauricio Estay,Fernando Coronado,2025-02-18 12:40:40,"Se envía un correo a Víctor Manuel Toro Aguirre con lo siguiente:  Por favor nos pueden enviar la variable que necesitan agregar, para así poder gestionar su implementación con nuestra jefatura evaluando si es que tiene algún costo extra asociado."
500Qi00000QV6QOIA1,00568551,2025-02-13 19:37:40,Closed,MLCC -/ Agregar Variable,Mauricio Estay,Mauricio Estay,2025-02-19 11:07:09,"Estimado Víctor,  Junto con saludarte, te comento que, por ahora, cerraremos el ticket asociado a este requerimiento. En caso de que se confirme la incorporación de una nueva variable, se abrirá un nuevo requerimiento para su gestión.  Quedamos atentos ante cualquier actualización con respecto a los cambios que necesiten incorporar al sistema.  Saludos!"
500Qi00000QVBuiIAH,00568554,2025-02-13 21:21:07,Closed,MLCC - Revisión D104,Roberto Maldonado,Roberto Maldonado,2025-02-13 23:45:32,Se revisa D104 encontrando que esta no tiene comunicación.
500Qi00000QVBuiIAH,00568554,2025-02-13 21:21:07,Closed,MLCC - Revisión D104,Roberto Maldonado,Roberto Maldonado,2025-02-14 06:10:45,"Equipo sigue sin comunicación, se seguirá monitoreando durante el dia."
500Qi00000QVBuiIAH,00568554,2025-02-13 21:21:07,Closed,MLCC - Revisión D104,Roberto Maldonado,Roberto Maldonado,2025-02-14 20:55:14,Se recupera correcta comunicación con el equipo.
500Qi00000QVVyEIAX,00568558,2025-02-13 21:50:17,Closed,Mantoverde - Revisar suscripción de reportes Panel de Control Mina y Panel de Control Mina (DIA),Fernando Coronado,N/A,N/A,Sin comentarios
500Qi00000QVhMkIAL,00568576,2025-02-13 23:13:03,Closed,AMZAL - H61 error con horómetro,Roberto Maldonado,Roberto Maldonado,2025-02-13 23:43:10,"Se revisa el caso, encontrando numero de horómetro fuera de los parámetros normales. al momento del operador ingresar nuevamente el numero sale un error ya que esta ingresando un valor inferior al anterior. Se hace modificación en Mineops del valor y se sigue monitoreando."
500Qi00000QW1BhIAL,00568602,2025-02-14 01:46:40,Closed,AMCEN - Revisión equipo C164,Roberto Maldonado,Roberto Maldonado,2025-02-14 02:03:01,"Equipo se encuentra sin comunicación, se da aviso a personal para revisión en terreno."
500Qi00000QWB4cIAH,00568604,2025-02-14 02:24:44,Closed,MLP - Desconexión servidor OAS monitoreo,Roberto Maldonado,Roberto Maldonado,2025-02-14 02:26:14,Se hace revision de servicios y Web en servidor remoto. Estos se encuentran trabajando correctamente pero el servidor se denota con lentitud. Se avisa a Flavio y se sigue monitoreando.
500Qi00000QWB4cIAH,00568604,2025-02-14 02:24:44,Closed,MLP - Desconexión servidor OAS monitoreo,Roberto Maldonado,Roberto Maldonado,2025-02-14 06:08:15,Se recupera correcto funcionamiento pasadas unas horas.
500Qi00000QWXmgIAH,00568618,2025-02-14 04:40:10,Closed,AMCEN - Revisión equipo CF3,Roberto Maldonado,Roberto Maldonado,2025-02-14 04:52:46,"Se revisa equipo encontrando que no se tiene datos desde antena GPS2, se reinicia sin lograr recuperar la conexión. Se da aviso a Tomas Arias para que revise el caso en terreno."
500Qi00000QWXmgIAH,00568618,2025-02-14 04:40:10,Closed,AMCEN - Revisión equipo CF3,Roberto Maldonado,Roberto Maldonado,2025-02-14 06:09:51,"Se revisa el equipo pasadas unas horas pero aun no se mejora la condición, se seguirá monitoreando."
500Qi00000QWXmgIAH,00568618,2025-02-14 04:40:10,Closed,AMCEN - Revisión equipo CF3,Roberto Maldonado,Roberto Maldonado,2025-02-14 20:57:52,Equipo continua con GPS 2 sin datos desde antena.
500Qi00000QWRkUIAX,00568626,2025-02-14 06:03:01,Closed,DMH - Apoyo remoto chequeo P098,Roberto Maldonado,Roberto Maldonado,2025-02-14 06:03:43,"Se revisa el equipo y realiza reset del equipo, posteriormente en monitoreo se dectata correcto funcionamiento del equipo en sus GPS"
500Qi00000QXO1NIAX,00568649,2025-02-14 10:12:18,Closed,AAM -/  Revisar suscripción de reportes Panel de Control Mina y Panel de Control Mina (DIA),Fernando Coronado,N/A,N/A,Sin comentarios
500Qi00000QXrQ5IAL,00568676,2025-02-14 13:21:16,Closed,MLCC -/PROBLEMA GPS L221,Fernando Coronado,N/A,N/A,Sin comentarios
500Qi00000QYfY6IAL,00568695,2025-02-14 16:47:21,Closed,CNDRT /Recuperación Operador,Fernando Coronado,N/A,N/A,Sin comentarios
500Qi00000QZCgrIAH,00568696,2025-02-14 16:53:28,Seeking Customer Clarification,AMZAL-/Problema con la mejor ruta y la EFH,Ricardo Rubio,Roberto Maldonado,2025-02-15 00:21:07,"Se hace revisión de los datos de efh en la fuel_consumption, encontrando que esta no posee datos en este momento. Se revisa la change_log encontrando que el usuario amsmcazorla elimino los datos el día 11-02-2025 a las 22 horas aprox"
500Qi00000QZCgrIAH,00568696,2025-02-14 16:53:28,Seeking Customer Clarification,AMZAL-/Problema con la mejor ruta y la EFH,Ricardo Rubio,Roberto Maldonado,2025-02-15 04:44:15,"datos extraidos desde la fuel_consumption del 11-02-2025    2,2024-07-30 13:09:54,110,19,-15,15,,170,350,""""1.01,1.01,1.01,1.01,1.01,1.01,1.01,1.0,1.0,1.0,1.0,1.0,1.0,1.0,1.16,1.16,1.16,1.16,1.16,1.16,1.16"""",10,3600,220,""""1.13,1.13,1.13,1.13,1.13,1.13,1.13,1.0,1.0,1.0,1.0,1.0,1.0,1.0,1.97,1.97,1.97,1.97,1.97,1.97,1.97"""",""""24,24,13,13,13,13"""",""""16,16,17,17,17,17"""",33,25,25,3600  3,2024-07-30 13:09:59,111,,-15,15,,170,350,""""1.01,1.01,1.01,1.01,1.01,1.01,1.01,1.0,1.0,1.0,1.0,1.0,1.0,1.0,1.16,1.16,1.16,1.16,1.16,1.16,1.16"""",10,3600,220,""""1.13,1.13,1.13,1.13,1.13,1.13,1.13,1.0,1.0,1.0,1.0,1.0,1.0,1.0,1.97,1.97,1.97,1.97,1.97,1.97,1.97"""",""""24,24,13,13,13,13"""",""""16,16,17,17,17,17"""",33,25,25,3600"
500Qi00000QZCgrIAH,00568696,2025-02-14 16:53:28,Seeking Customer Clarification,AMZAL-/Problema con la mejor ruta y la EFH,Ricardo Rubio,Roberto Maldonado,2025-02-15 20:09:27,"Fernando envió correo a Miguel Caceres con los datos encontrados, el cual responde que el elimino estos parámetros, pero que estos no son los que esta mencionando, igualmente menciona que revisara el tema y vera si los reingresa el o nosotros. Quedamos atentos a sus conclusiones.    Correo:    Fernando, nosotros borramos datos del combustible modulo, que tenia las dos flotas Caex 830 , consumos, nivel mínimo y máximo. Pero no la de EFH, que es otra cosa. Lo hice yo mismo porque había confusión en los operadores de Caex respecto al nivel de combustible que le entregaba el sistema. No entiendo porque se mezclo con esto del EFH, si miras en las tablas de configuración hay algo raro allí, en ambas configuración del EFH y Combustible tiene la misma Consumo combustible y después pregunta por parámetros distintos….    Estoamos seguros no nos metimos en Configuración del EFH, se lo que significa esto.    Creo que tengo los parámetros guardados del EFH , nos costo un mundo llegara a esos valores y ; valores y ; penitentes y  que es todo un método que hay que hacer y validad. Y es el oficial de CMZ. Voy a ver si los reingreso, o lo tomas tu.    El de combustible no queremos opere, sólo que entregue el dato a l operador fecha y litros rellenado, ya que tenemos un sistema a parte para esto con un sensor      Slds"
500Qi00000QZCgrIAH,00568696,2025-02-14 16:53:28,Seeking Customer Clarification,AMZAL-/Problema con la mejor ruta y la EFH,Ricardo Rubio,Ricardo Rubio,2025-02-19 19:46:12,El cliente vuelve a agregar los valores correspondientes en la tabla fuel consumption.
500Qi00000QZCgrIAH,00568696,2025-02-14 16:53:28,Seeking Customer Clarification,AMZAL-/Problema con la mejor ruta y la EFH,Ricardo Rubio,Mauricio Estay,2025-02-20 16:26:06,"Buen día Miguel  Hemos revisado y confirmado que los parámetros de EFH fueron subidos ayer. En cuanto a los datos de combustible, solo se mantuvieron los valores de las pendientes, lo que indica que el sistema asume que el módulo de combustible no será utilizado.  Efectivamente, la eliminación de estos datos afectó el funcionamiento del EFH, ya que depende de su existencia para realizar los cálculos.  De todas formas, los parámetros ya han sido configurados correctamente, como se muestra en la imagen adjunta."
500Qi00000QZX3nIAH,00568700,2025-02-14 19:06:48,Closed,MAGSA / Cargar proyecto para un bulldozer,Fernando Coronado,N/A,N/A,Sin comentarios
500Qi00000QZQIXIA5,00568701,2025-02-14 19:22:18,Working,AMZAL - Tiempo Ciclo vista JView Despacho Daily Turno y GPO Daily,Gustavo Cheng,Gustavo Cheng,2025-02-19 15:05:26,Se analiza la query para determinar si es posible completar el requisito. Ya que se debe verificar que el origen de los datos cuenta con la PO para el cálculo.
500Qi00000QZQIXIA5,00568701,2025-02-14 19:22:18,Working,AMZAL - Tiempo Ciclo vista JView Despacho Daily Turno y GPO Daily,Gustavo Cheng,Gustavo Cheng,2025-02-19 17:51:48,Se adjuntan imágenes con los cálculos de los tiempos en reporte
500Qi00000QZQIXIA5,00568701,2025-02-14 19:22:18,Working,AMZAL - Tiempo Ciclo vista JView Despacho Daily Turno y GPO Daily,Gustavo Cheng,Mauricio Estay,2025-02-20 17:00:58,Se requiere tabajar en la query del reporte ya que se debe hacer un match entre la tabla que registra el detalle de los ciclos y que ahi se registran las PO y hacer la relacion con los datos de la by_equipment_time para restar las PO al tiempo de ciclo
500Qi00000Qa9DtIAJ,00568705,2025-02-14 21:18:07,Closed,DMH - Apoyo remoto chequeo B411,Roberto Maldonado,Roberto Maldonado,2025-02-14 22:33:26,"Equipo sin conexion con Display, se solicita revision en terreno a los tecnicos."
500Qi00000Qa9DtIAJ,00568705,2025-02-14 21:18:07,Closed,DMH - Apoyo remoto chequeo B411,Roberto Maldonado,Roberto Maldonado,2025-02-14 23:42:19,"Técnicos en terreno atienden el equipo encontrando cable hacia display suelto, se hace reapreté recuperando la correcta comunicación del display con su core."
500Qi00000Qa7vGIAR,00568706,2025-02-14 21:29:52,Closed,AMANT - Revisión WaterTruck 03,Roberto Maldonado,Roberto Maldonado,2025-02-14 21:58:51,"Se revisa el caso encontrando que el equipo fue eliminado del sistema, se solicita correo solicitando la revision y restauracion del equipo."
500Qi00000Qa7vGIAR,00568706,2025-02-14 21:29:52,Closed,AMANT - Revisión WaterTruck 03,Roberto Maldonado,Roberto Maldonado,2025-02-15 00:09:58,"Se hace recuperación del equipo eliminado, retornando su correcto funcionamiento en mineops."
500Qi00000QZzRUIA1,00568709,2025-02-14 22:30:08,Closed,MLCC - Revisión D101,Roberto Maldonado,Roberto Maldonado,2025-02-14 23:48:00,"Equipo se encontraba sin comunicación, se informa a despacho para su revisión en terreno. En posterior monitoreo se detecta que equipo ya tiene correcta comunicación con el servidor."
500Qi00000QaHeUIAV,00568710,2025-02-14 22:37:26,Closed,AMCEN - Revisión equipo C47,Roberto Maldonado,Roberto Maldonado,2025-02-14 22:44:17,"Equipo con comunicación GPS ok y VNC, se entrega datos a Tomas."
500Qi00000QaJErIAN,00568711,2025-02-14 22:37:44,Closed,AMCEN - Revisión equipo C12,Roberto Maldonado,Roberto Maldonado,2025-02-15 00:13:20,Equipo tiene comunicación pero tiene lentitud en su pantallas. Se reinicia base de datos y equipo retomando correcto funcionamiento.
500Qi00000Qbwu6IAB,00568727,2025-02-15 15:15:55,Closed,CNRI -/ Problemas de asignación de CF1902,Fernando Coronado,N/A,N/A,Sin comentarios
500Qi00000QbvtGIAR,00568728,2025-02-15 15:32:45,Closed,CNDMH -/Revisión de P098,Fernando Coronado,N/A,N/A,Sin comentarios
500Qi00000Qbro1IAB,00568729,2025-02-15 15:51:57,Closed,AMCEN - Apoyo revisión de reporte,Fernando Coronado,Fernando Coronado,2025-02-15 15:55:29,"Se revisa Query y se identifica que las horas efectivas HEFEC están en resultados negativos, se modifica Query para que no sean negativos, resolviendo problema de reporte"
500Qi00000Qbro1IAB,00568729,2025-02-15 15:51:57,Closed,AMCEN - Apoyo revisión de reporte,Fernando Coronado,Fernando Coronado,2025-02-15 16:03:35,En espera de la Validación de Alex Bastias por modificación de Query.
500Qi00000QcIHuIAN,00568740,2025-02-15 21:50:09,Closed,CNRT - Revisión PA722 y PA718 no muestran poligono,Roberto Maldonado,Roberto Maldonado,2025-02-15 21:54:57,"Se detecta incongruencia en los datos de polígonos asociados a sus ubicaciones, estos son diferentes en el registro de polígonos respecto a los datos ingresados en el menú de palas, se adjunta imágenes. Se informa a Mauro junto con las imágenes de lo encontrado para que hable con despacho y se corrija el error."
500Qi00000QcSHIIA3,00568741,2025-02-15 23:04:47,Closed,MLCC - Revisión L221,Roberto Maldonado,Roberto Maldonado,2025-02-16 00:14:56,"Se detecta equipo con mala comunicación, lo que impide correcta revisión de el. Se solicita atención en terreno para mejorar la condición."
500Qi00000QcSHIIA3,00568741,2025-02-15 23:04:47,Closed,MLCC - Revisión L221,Roberto Maldonado,Roberto Maldonado,2025-02-16 04:28:15,Se revisa encontrando mejor conexión con el equipo.
500Qi00000QcaYAIAZ,00568743,2025-02-16 00:09:34,Closed,CNRI - Apoyo revision de Palas,Roberto Maldonado,Roberto Maldonado,2025-02-16 00:11:13,"Se revisan las palas encontrando un comportamiento acorde a las configuraciones, los camiones están poniéndose cargando correctamente al llegar al sector de las palas. Se encuentra PL209 sin comunicación, PL204 tiene mal configurada su ruta ya que esta no esta llegando a su origen definido en su menú. Se le entrega la info a Gonzalo para que converse el tema con despacho."
500Qi00000QcWeEIAV,00568744,2025-02-16 00:16:42,Closed,Monitoreo - AMCEN - Encolamiento Polígonos Hazard,Roberto Maldonado,Roberto Maldonado,2025-02-16 00:18:04,"Se encuentra que nombre del archivo es demasiado extenso superando los 40 caracteres, esto produce el encolamiento como ya se ha mencionado en correos anteriores. Se envía el dato al cliente y se reduce el numero de caracteres logrando que se cargue el archivo sin problemas."
500Qi00000Qcx0CIAR,00568759,2025-02-16 06:46:32,Closed,AMCEN - Revisión C121 no cambia actividades,Fernando Coronado,Roberto Maldonado,2025-02-16 07:05:33,"Se identifica que el equipo no esta cambiando sus actividades, se hace un reinicio del sistema el cual demora sobre los 6 min. Además carga el mapa pasado los 10 min (se deja secuencia del reset del equipo)"
500Qi00000Qcx0CIAR,00568759,2025-02-16 06:46:32,Closed,AMCEN - Revisión C121 no cambia actividades,Fernando Coronado,Roberto Maldonado,2025-02-16 07:45:11,"Equipo no entrega señales desde sus sensores de tonelaje, por lo que el operador hace el cambio de actividad manualmente. Se entrega informacion a cliente por correo y se da dato a Fernando para que continúe con le monitoreo del equipo."
500Qi00000Qcx0CIAR,00568759,2025-02-16 06:46:32,Closed,AMCEN - Revisión C121 no cambia actividades,Fernando Coronado,Fernando Coronado,2025-02-16 18:25:59,"Se monitorea C121, Se encuentra Operativo en sus Actividades dando actividades correctas."
500Qi00000QcsutIAB,00568766,2025-02-16 09:47:48,Closed,CNDMH -/ Revision de CAMION 070 por perdidas de vuelta.,Fernando Coronado,N/A,N/A,Sin comentarios
500Qi00000QdfQzIAJ,00568778,2025-02-16 16:22:44,Closed,AAM -/   Problemas con reportes no se visualizan.,Fernando Coronado,Fernando Coronado,2025-02-16 16:33:56,"Se revisa, primero detuvimos el servicio de SQL, después nos fijamos en el disco D del servidor y estaba saturado, ejecutamos una query para la limpieza del disco, levantamos nuevamente el servicio y nos fijamos que en el SQL Server hay un problema con una fecha, que damos solución modificando y dejando corriendo nuevamente, quedando sin problemas."
500Qi00000QdlOHIAZ,00568779,2025-02-16 16:42:08,Closed,MAGSA / Cargar proyecto para TD552,Fernando Coronado,N/A,N/A,Sin comentarios
500Qi00000QbW21IAF,00568781,2025-02-16 16:49:12,Closed,CNDMH - /revisión de C070,Fernando Coronado,N/A,N/A,Sin comentarios
500Qi00000Qdwl8IAB,00568803,2025-02-16 20:30:58,Closed,AMCEN - Problema importando los archivos Hazard,Roberto Maldonado,Roberto Maldonado,2025-02-16 20:56:53,"Se detecta encolamiento en los importadores, al revisar se encuentra que los nombre de los archivos en polígonos hazard exceden los caracteres permitidos en su nombre. Se acortan estos y se importan correctamente."
500Qi00000Qdwl8IAB,00568803,2025-02-16 20:30:58,Closed,AMCEN - Problema importando los archivos Hazard,Roberto Maldonado,Roberto Maldonado,2025-02-16 22:12:44,"Nos escribe correo Scarlet pidiendo que no se efectúen los cambios a los nombres, pero que se continúe avisando cuando esto suceda, ya que esta labor es de despacho.    @MALDONADO Roberto favor no modificar mas los archivos, solo se debe indicar el error, despacho el área correspondiente debe corregir."
500Qi00000Qe2cCIAR,00568805,2025-02-16 21:53:09,Closed,AMCEN - Revisión equipo CF3,Roberto Maldonado,Roberto Maldonado,2025-02-16 21:55:35,Se revisa equipo encontrando mismo problema reportado el 14-02-2024. GPS2 sin datos de posicionamiento.
500Qi00000QeAg3IAF,00568808,2025-02-16 23:05:30,Closed,AMCEN - Revisión equipo CF231,Roberto Maldonado,Roberto Maldonado,2025-02-16 23:28:53,"Se detecta alta fluctuación de latencia y perdida de paquetes, además se encuentra que la cota definida para la ubicación del punto de extracción ene l equipo no concuerda con su ubicación real. Se da aviso por correo a Tomas para su revisión en terreno."
500Qi00000QeT9FIAV,00568822,2025-02-17 01:28:09,Closed,AMCEN - Máximo de caracteres importador de mallas,Roberto Maldonado,Roberto Maldonado,2025-02-17 01:29:12,Se envía a Scarlett el numero máximo de caracteres del nombre de las mallas para un correcto ingreso por el importador. Este es de 30 caracteres.
500Qi00000Qfja7IAB,00568850,2025-02-17 10:10:43,Closed,MLCC -/PROBLEMA GPS L221,Fernando Coronado,Fernando Coronado,2025-02-17 10:12:04,"Se revisa Cargador Frontal 221, se concluye que tiene problemas con el GPS2 se deja pendiente para que lo revisen en terreno."
500Qi00000QfXXQIA3,00568851,2025-02-17 10:17:27,Closed,DMH - Problemas de Visualización CAEX371,Fernando Coronado,N/A,N/A,Sin comentarios
500Qi00000Qh3mtIAB,00568894,2025-02-17 15:51:23,Closed,MLCC -/PROBLEMAS CON REPORTE DIARIO CHANCADO PRIMARIO POR TURNO,Fernando Coronado,Fernando Coronado,2025-02-17 17:34:57,En espera de confirmación de usuaria que nos comente si se resolvió la visualización del reporte.
500Qi00000Qh3mtIAB,00568894,2025-02-17 15:51:23,Closed,MLCC -/PROBLEMAS CON REPORTE DIARIO CHANCADO PRIMARIO POR TURNO,Fernando Coronado,Fernando Coronado,2025-02-17 17:45:54,"Se le informa a usuaria que, si sigue presentando problemas con el Excel consultar con personal internamente, ya que verificamos por nuestra parte nuestros procesos de replicación están al día."
500Qi00000QggATIAZ,00568898,2025-02-17 16:07:44,Closed,MLCC- Solicita apoyo para subir plan,Fernando Coronado,N/A,N/A,Sin comentarios
500Qi00000QheMbIAJ,00568899,2025-02-17 17:20:39,Closed,MLCC-Apoyo tabla by_detail_buckets,Paulina Aedo,Paulina Aedo,2025-02-19 10:19:41,Vía correo se le informa a Pablo Gavilán la relación entre tablas para obtener el name del dump_id
500Qi00000QhS71IAF,00568901,2025-02-17 17:52:41,Closed,MLCC-Problema con importador Plan Mensual,Ricardo Rubio,Paulina Aedo,2025-02-17 19:45:38,"Se analiza archivo CSV y se verifica que este contiene un error, ya que tenía una columna sin datos"
500Qi00000QhS71IAF,00568901,2025-02-17 17:52:41,Closed,MLCC-Problema con importador Plan Mensual,Ricardo Rubio,Fernando Coronado,2025-02-18 18:52:31,"se envía un correo explicándote que:  Se reviso planes anteriores y se detectó que había incoherencias en el plan que están subiendo adjunto evidencias,   Los decimales van con punto y entre columnas con solo coma por esa razón los valores que entregan son nulos."
500Qi00000QhS71IAF,00568901,2025-02-17 17:52:41,Closed,MLCC-Problema con importador Plan Mensual,Ricardo Rubio,Ricardo Rubio,2025-02-19 10:30:55,"Luego de que corrigieran el problema en el formato del archivo CSV, se vuelven a subir los planes mensuales, tanto del mes de enero y febrero, en donde esta vez si se subieron correctamente al servidor y logran visualizar datos correctos en el reporte Resumen Produccion Mina."
500Qi00000QhU2NIAV,00568902,2025-02-17 18:12:28,Closed,Monitoreo - Solicita Licencia SMTools Safemine,Fernando Coronado,Fernando Coronado,2025-02-17 18:13:09,"Se gestiona con el Área correspondiente, solicitando ayuda a VILCHES David Abner <david.vilches@hexagon.com>"
500Qi00000QhU2NIAV,00568902,2025-02-17 18:12:28,Closed,Monitoreo - Solicita Licencia SMTools Safemine,Fernando Coronado,Fernando Coronado,2025-02-18 12:10:49,"Se contacta a técnico para preguntar, si le funciona la licencia para equipo en espera de validación."
500Qi00000QhU2NIAV,00568902,2025-02-17 18:12:28,Closed,Monitoreo - Solicita Licencia SMTools Safemine,Fernando Coronado,Fernando Coronado,2025-02-18 18:50:43,Se comprueba funcionamiento de licencia.
500Qi00000Qi27BIAR,00568907,2025-02-17 19:12:52,Closed,MLCC-Apoyo con habilitar el acceso a la carpeta Xfer,Fernando Coronado,Fernando Coronado,2025-02-17 19:16:19,En espera de confirmación de acceso.
500Qi00000QiQ9VIAV,00568914,2025-02-17 21:04:12,Seeking Customer Clarification,AMCEN - Problema en la carga de loads cube,Ricardo Rubio,Roberto Maldonado,2025-02-17 22:03:23,"Se revisan los procesos de los cubos encontrando que estos no se lanzaron alas 6 pm pero posteriormente se detecta que alas 19, 20 y 21 horas salen sin problema."
500Qi00000QiQ9VIAV,00568914,2025-02-17 21:04:12,Seeking Customer Clarification,AMCEN - Problema en la carga de loads cube,Ricardo Rubio,Roberto Maldonado,2025-02-18 20:22:06,Se vuelve a presentar el caso de salto del jobs de las 18:05.
500Qi00000QiQ9VIAV,00568914,2025-02-17 21:04:12,Seeking Customer Clarification,AMCEN - Problema en la carga de loads cube,Ricardo Rubio,Ricardo Rubio,2025-02-19 19:02:43,"Se realiza una modificacion en la programacion del JOB, ya que este comenzaba a las 19:05 y terminaba a las 18:05, dejando que no se ejecutara por ultima vez en el lapso de las 18:05 y 19:05. Tambien se observa que este fue modificado el 7 de Febrero, por lo que probablemente desde esa fecha no se este ejecutando correctamente.    Se modifica para que su fecha de inicio siga siendo a las 19:05 pero su fecha de termino sea a las 18:59, manteniendo la ejecucion cada 1 hora. Se mantiene en observacion."
500Qi00000QilDyIAJ,00568929,2025-02-18 00:13:31,Closed,AMCEN - Intermitencia señal GPS,Roberto Maldonado,Roberto Maldonado,2025-02-18 00:14:19,"Se da respuesta por mail a Maria Cea comentándoles que se están presentando problemas de recepción de señal en las antenas GPS, lo que da la intermitencia en la buena calidad de posicionamiento de los equipo."
500Qi00000QkQgTIAV,00568972,2025-02-18 10:08:35,Seeking Customer Clarification,AMZAL-/ Contadores Pegados,Ricardo Rubio,Fernando Coronado,2025-02-18 11:53:12,"Revisamos nuestros servidores y podemos confirmar que los archivos se están generando de forma correcta, hasta hoy  18/02/2025 a  las 07:17 tras como se muestra en la imagen, se les informa que puede existir algún problema en la transferencia de esta información y la recomendación es que puedan revisar el estado del  Trigger.  Se envía correo, en espera de revisión de Trigger."
500Qi00000QkQgTIAV,00568972,2025-02-18 10:08:35,Seeking Customer Clarification,AMZAL-/ Contadores Pegados,Ricardo Rubio,Fernando Coronado,2025-02-18 16:35:53,"Me contacto con Eduardo Mauricio Maturana Ramos a 14:32 para solicitar su apoyo, asigna a Ivone para la revisión. (ibanez@aminerals.cl)  En espera de repuesta de Ivone."
500Qi00000QkQgTIAV,00568972,2025-02-18 10:08:35,Seeking Customer Clarification,AMZAL-/ Contadores Pegados,Ricardo Rubio,Mauricio Estay,2025-02-20 16:40:09,"Estimados Juan e Ivone,  Les comento que hemos estado monitoreando el proceso de generación de los archivos por nuestra parte, y según nuestras verificaciones, estos se están generando correctamente, con información actualizada dos veces al día de manera incremental. No hemos identificado ninguna anomalía en los días mencionados.  En este sentido, quisiéramos saber si el problema persiste. De ser así, agradeceríamos si pudieran proporcionarnos más detalles sobre la situación, ya que, según entendemos, nosotros disponibilizamos la información correctamente, y luego existen otros procesos externos a nuestro control que recopilan esos datos y los integran en los reportes que ustedes consultan.  Quedamos atentos a sus comentarios.  Saludos!"
500Qi00000QmGQ9IAN,00569023,2025-02-18 16:24:40,Closed,MAGSA / Cargar proyecto para TD549-TD550-TD551-TD552.,Fernando Coronado,N/A,N/A,Sin comentarios
500Qi00000QnjOTIAZ,00569052,2025-02-18 21:41:25,Closed,AMCEN - Revision PE4,Roberto Maldonado,Roberto Maldonado,2025-02-18 22:28:09,Se revisa equipo encontrando condición general de intermitencia de recepción gps. Se informa a cliente por correo. Equipo igualmente presenta problemas de conexión a la red mostrando alta latencia.
500Qi00000QnjOTIAZ,00569052,2025-02-18 21:41:25,Closed,AMCEN - Revision PE4,Roberto Maldonado,Roberto Maldonado,2025-02-19 04:54:14,Equipos recuperan correcta recepción de señal GPS.
500Qi00000QnsjRIAR,00569054,2025-02-18 22:21:47,Closed,AMCEN - Revision PE1 PE4 PE5,Roberto Maldonado,Roberto Maldonado,2025-02-18 22:23:04,Se analiza el caso e informa por correo del estado de las conexiones de red y GPs de los equiops.
500Qi00000QnsjRIAR,00569054,2025-02-18 22:21:47,Closed,AMCEN - Revision PE1 PE4 PE5,Roberto Maldonado,Roberto Maldonado,2025-02-19 04:56:06,Equipos recuperan correcta recepción de señal GPS.
500Qi00000QnkXSIAZ,00569055,2025-02-18 22:30:02,Closed,AMCEN - Revision CF231,Roberto Maldonado,Roberto Maldonado,2025-02-18 22:48:56,Problemas de recepción de señal gps generales para las flotas.
500Qi00000QnmpQIAR,00569059,2025-02-18 22:54:55,Closed,AMZAL - Consulta sobre estado de GPS en flota alta precisión,Roberto Maldonado,Roberto Maldonado,2025-02-18 23:24:41,Se le informa al cliente de la condición general de la recepción gps.
500Qi00000QoEaKIAV,00569075,2025-02-19 00:55:53,Closed,MLCC - Revisión D103,Roberto Maldonado,Roberto Maldonado,2025-02-19 01:23:18,Equipo presente problemas de comunicación y de GPS en antena 2. se informa a despacho para que coordine revisión en terreno.
500Qi00000QoEaKIAV,00569075,2025-02-19 00:55:53,Closed,MLCC - Revisión D103,Roberto Maldonado,Roberto Maldonado,2025-02-19 05:04:27,En revisión durante la noche se detecta que no hay datos desde ambas antenas GPS.
500Qi00000Qpt1xIAB,00569149,2025-02-19 12:06:54,Seeking Customer Clarification,AMZAL - Creacion de Equipos,Ricardo Rubio,Ricardo Rubio,2025-02-19 19:42:14,Se queda a la espera de la confirmacion de Miguel Caceres para proceder con la creacion de los equipos.
500Qi00000QqDv8IAF,00569153,2025-02-19 12:28:15,Closed,Monitoreo - CNRT CAS - MineEnterprise BD con poco espacio en disco,Mauricio Estay,N/A,N/A,Sin comentarios
500Qi00000Qq8dhIAB,00569159,2025-02-19 13:17:43,Closed,MLCC - Revision D103,Ricardo Rubio,Ricardo Rubio,2025-02-19 13:56:27,"Logramos conectaros al equipo y nos percatamos que levanto con la version Base de JAMS, por lo que se intenta modificar y realizar el cambio remoto pero esto no funciona. Se le indica a Naldo que vuelta a realizar la instalacion del equipo en un lugar con mejor cobertura."
500Qi00000Qq8dhIAB,00569159,2025-02-19 13:17:43,Closed,MLCC - Revision D103,Ricardo Rubio,Ricardo Rubio,2025-02-19 15:27:03,"Naldo Bustamante vuelve a solicitar apoyo con el equipo, ya que al realizar la reinstalacion el core le muestra la luz de prendido fija en rojo."
500Qi00000Qq8dhIAB,00569159,2025-02-19 13:17:43,Closed,MLCC - Revision D103,Ricardo Rubio,Ricardo Rubio,2025-02-19 17:58:10,"Se realiza un cambio de core y se vuelve a reinstalar el sistema, sin lograr que no levante con la version correcta, sin embargo, esta vez si se le puede forzar el cambio de version de JAMS a la perforadora, logrando que levante correctamente. Por otro lado, el GPS 1 presenta problemas, por lo que tambien sera revisado por Naldo Bustamante."
500Qi00000QrDrSIAV,00569167,2025-02-19 15:01:43,Closed,MLCC - Revision Sistema Jigsaw,Ricardo Rubio,Ricardo Rubio,2025-02-19 15:38:58,Se le envia la informacion solicitada a Benjamin Mixtos
500Qi00000QrDrSIAV,00569167,2025-02-19 15:01:43,Closed,MLCC - Revision Sistema Jigsaw,Ricardo Rubio,Ricardo Rubio,2025-02-19 19:43:42,Benjamin solicita mantener en monitoreo durante estos dias la comunicacion con los equipos.
500Qi00000QrDrSIAV,00569167,2025-02-19 15:01:43,Closed,MLCC - Revision Sistema Jigsaw,Ricardo Rubio,Ricardo Rubio,2025-02-20 19:38:11,Se le proporcionan los Tickets realizados para Caserones entre los dias 6 y 10 de Febrero solicitados por Benjamin Mixtos.
500Qi00000QreRpIAJ,00569178,2025-02-19 16:15:08,Seeking Customer Clarification,MAGSA - Subir perimetro para cargar,Ricardo Rubio,Ricardo Rubio,2025-02-19 18:37:28,"Martin nos envia dos archivos, los cuales eran Poligonos que debian ser subidos al sistema, sin embargo, al revisar el interior de estos nos damos cuenta que no tienen el formato correcto, por lo que se le indica y manda un ejemplo del como debe ser el archivo y queda en corregir este problema."
500Qi00000QreRpIAJ,00569178,2025-02-19 16:15:08,Seeking Customer Clarification,MAGSA - Subir perimetro para cargar,Ricardo Rubio,Ricardo Rubio,2025-02-21 08:33:59,"Martin sigue sin mandar el formato correcto para poder subir el poligono, por lo que no se puede realizar el requerimiento."
500Qi00000QsiV1IAJ,00569211,2025-02-19 20:57:40,Closed,CNRT - Cargar malla perforadora R14 y R11,Claudio Ponce,Claudio Ponce,2025-02-19 20:59:55,"Nicolas mediante whatsapp nos solicita cambiar la malla a las perforadoras R14 y R11 , ambas con la misma malla de perforacion"
500Qi00000QtMIgIAN,00569215,2025-02-19 21:51:56,Closed,AMCEN - C10 sin señal GPS,Claudio Ponce,Claudio Ponce,2025-02-19 22:04:52,"Se reinicia el equipo, pero la situación se mantiene, revisando el JAMS se detecta que el GPS no esta entregando información, se le indica a Ignacio que deben revisar el equipo en terreno."
500Qi00000QtpCcIAJ,00569238,2025-02-20 02:45:13,Closed,CNRT - Cargar malla perforadora PE113,Claudio Ponce,Claudio Ponce,2025-02-20 02:45:44,Se realiza el cambio de malla y el operador puede ver los pozos correctamente en su pantalla.
500Qi00000QumPZIAZ,00569256,2025-02-20 09:17:09,Seeking Customer Clarification,Teck CDA - Solicita Licencia SMTools Safemine,Ricardo Rubio,Ricardo Rubio,2025-02-20 17:11:01,Se le envia el instalador a Angelo Acuña mediante correo y explicando que luego de la instalacion debe mandar el PCID para poder generar la licencia necesaria.
500Qi00000QumPZIAZ,00569256,2025-02-20 09:17:09,Seeking Customer Clarification,Teck CDA - Solicita Licencia SMTools Safemine,Ricardo Rubio,Ricardo Rubio,2025-02-21 08:27:44,"Angelo Acuña nos comenta que logro realizar la instalacion y visualizar los equipos, sin embargo, en el apartado de configuration register, intenta realizar la conexion con la base de datos, pero esta no se la reconoce."
500Qi00000QuqwFIAR,00569263,2025-02-20 09:46:59,Closed,AMCEN -  Problema Toolbox,Ricardo Rubio,Ricardo Rubio,2025-02-20 17:31:13,Se envia el instalador del toolbox para que ellos procedan con la intalacion
500Qi00000QuzGUIAZ,00569290,2025-02-20 12:25:56,Seeking Customer Clarification,MAGSA - Problema con Poligono,Ricardo Rubio,Ricardo Rubio,2025-02-20 19:54:30,"El poligono que estan intentando subir tiene el mismo nombre que uno ya estuvo subido desde el 29 de Nomviembre del 2024, por lo que por eso se visualiza como ya minado."
500Qi00000QwO7wIAF,00569314,2025-02-20 15:43:18,Closed,AMZAL - Equipos sin asignacion,Ricardo Rubio,Ricardo Rubio,2025-02-20 16:41:04,"Al revisar la Pala nos damos cuenta que esta asignado a material Esteril, lo que ocasionaba que los camiones al cargar y buscar un destino para este material, no encontraran ninguno, ya que todos estaban inactivos. Se comenta a Kevin para realizar el cambio de Bloque para que tome el Material correcto, que en este caso es Oxido de Alta."
500Qi00000QyD0EIAV,00569347,2025-02-20 21:58:13,Closed,AMANT - Perforadora D08 problemas de GPS,Claudio Ponce,Claudio Ponce,2025-02-20 22:01:19,"Se revisa el equipo, pero son la gran mayoría de los equipos de alta precisión los que están con su gps en floating, problema ocasionado por las tormentas solares"
500Qi00000QyhvyIAB,00569368,2025-02-21 02:19:00,Closed,AMZAL - S03 Polígonos con cambio de colores,Claudio Ponce,Claudio Ponce,2025-02-21 05:48:55,"Se revisa el equipo mientras estamos en una llamada con Alexis quien esta en despacho, mientras hablamos el equipo es reiniciado por un corte de corriente, cuando vuelve a ser visible su pantalla, me indican que ahora si se le ven bien los colores al equipo, aclarar que esta situación nunca se vio reflejada en el Mineops de despacho, solo revisando el VNC del operador."
500Qi00000QzAy0IAF,00569386,2025-02-21 05:36:39,Closed,AMANT - Perforadora D07 problemas de GPS,Claudio Ponce,Claudio Ponce,2025-02-21 05:37:01,"Al ingresar a revisar el equipo, este tiene su GPS trabajando de forma correcta"
500Qi00000QzAy0IAF,00569386,2025-02-21 05:36:39,Closed,AMANT - Perforadora D07 problemas de GPS,Claudio Ponce,Claudio Ponce,2025-02-21 05:38:02,"A los pocos minutos, nos llama Vania preguntando por el mismo equipo, y se le indica que su gps esta correcto, a lo que ella nos responde que la malla que tiene cargada, no es la correcta por lo que le solicitamos que vea su cambio con despacho porque el equipo se esta posicionando con la malla que tiene asignada"
500Qi00000Qz2M8IAJ,00569387,2025-02-21 05:43:53,Working,Monitoreo - AMANT - Múltiples reinicios de JAMS,Claudio Ponce,Claudio Ponce,2025-02-21 05:44:24,Se levanta un requerimiento porque el JAMS constantemente se esta reiniciando
500Qi00000QzUS1IAN,00569389,2025-02-21 05:50:05,Closed,AMCEN - Problemas de visualización con PA1,Claudio Ponce,Claudio Ponce,2025-02-21 05:59:09,"Se revisa el equipo, el cual tiene todo trabajando de forma correcta, este marca mas de 100 cargas , reflejadas correctamente en su menu, tambien ve los camiones en su VNC y es lo mismo que se refleja en el Mapa de mineops"
500Qi00000QzUS1IAN,00569389,2025-02-21 05:50:05,Closed,AMCEN - Problemas de visualización con PA1,Claudio Ponce,Claudio Ponce,2025-02-21 05:59:59,Se le envía un correo a Ignacio para que nos de mas detalles del problema indicado por el operador.
500Qi00000QzUS1IAN,00569389,2025-02-21 05:50:05,Closed,AMCEN - Problemas de visualización con PA1,Claudio Ponce,Claudio Ponce,2025-02-21 07:40:07,"Ignacio nos responde """"Solo me decía que no lo podía visualizar, pero al parecer ya se restableció la conexión.    gracias.  """""
500Qi00000Qzr8TIAR,00569398,2025-02-21 08:36:37,Seeking Customer Clarification,AMZAL - Equipos se van a Petrolear,Ricardo Rubio,Ricardo Rubio,2025-02-21 10:54:34,"Se revisan las vias duplicadas, rutas, destinos, Palas y camiones, sin encontrar nada relevante que este afectando la problematica, tambien se observa que en la vista de combustible de equipos, estos no cambian, siempre tienen 100%.    Mediante la revision de los equipos nos percatamos que son varios equipos, con destinos y Palas asignadas diferentes. Dentro de los equipos encontramos el H62, H43, H44, H49, H53, H40 y H55.    Se realiza un reinicio del JAMS Router y se monitorea para ver su comportamiento. Por otro lado, despacho tambien realiza modificaciones."
500Qi00000Qzr8TIAR,00569398,2025-02-21 08:36:37,Seeking Customer Clarification,AMZAL - Equipos se van a Petrolear,Ricardo Rubio,Ricardo Rubio,2025-02-21 14:56:26,"Luego de las modificaciones el problema vuelve a presentarse, por lo que se revisa la tabla fuel_consumption, encontrando que habian columnas que se encontraban sin ningun valor, por lo que se agregan valores al campo empty_rates,loaded_rates,fuel_low_percent y fuel_empty_percent, completando asi los datos faltantes en esta tabla."
500Qi00000Qzr8TIAR,00569398,2025-02-21 08:36:37,Seeking Customer Clarification,AMZAL - Equipos se van a Petrolear,Ricardo Rubio,Ricardo Rubio,2025-02-21 15:25:09,"Luego de los cambios en la tabla, el problema deja de presentarse, esto se confirma con despacho, tambien el nivel de combustible de los Camiones comienza a verse reflejado de manera correcta en el sistema."
500Qi00000QzyMxIAJ,00569405,2025-02-21 11:20:28,Working,Teck CDA - Apoyo CAS10,Ricardo Rubio,Ricardo Rubio,2025-02-21 11:22:19,Se le informa a Angelo Acuña que el problema es debido a hardware y/o problemas con el voltaje de la bateria del vehiculo que puede no estar alimentando de manera optima al CAS10.
500Qi00000R0xqKIAR,00569422,2025-02-21 14:41:59,Closed,MLCC - Revision C311,Ricardo Rubio,N/A,N/A,Sin comentarios
